Timing Analyzer report for zoom_digital
Fri Oct  3 20:35:31 2025
Quartus Prime Version 24.1std.0 Build 1077 03/04/2025 SC Lite Edition


---------------------
; Table of Contents ;
---------------------
  1. Legal Notice
  2. Timing Analyzer Summary
  3. Parallel Compilation
  4. Clocks
  5. Slow 1100mV 85C Model Fmax Summary
  6. Timing Closure Recommendations
  7. Slow 1100mV 85C Model Setup Summary
  8. Slow 1100mV 85C Model Hold Summary
  9. Slow 1100mV 85C Model Recovery Summary
 10. Slow 1100mV 85C Model Removal Summary
 11. Slow 1100mV 85C Model Minimum Pulse Width Summary
 12. Slow 1100mV 85C Model Metastability Summary
 13. Slow 1100mV 0C Model Fmax Summary
 14. Slow 1100mV 0C Model Setup Summary
 15. Slow 1100mV 0C Model Hold Summary
 16. Slow 1100mV 0C Model Recovery Summary
 17. Slow 1100mV 0C Model Removal Summary
 18. Slow 1100mV 0C Model Minimum Pulse Width Summary
 19. Slow 1100mV 0C Model Metastability Summary
 20. Fast 1100mV 85C Model Setup Summary
 21. Fast 1100mV 85C Model Hold Summary
 22. Fast 1100mV 85C Model Recovery Summary
 23. Fast 1100mV 85C Model Removal Summary
 24. Fast 1100mV 85C Model Minimum Pulse Width Summary
 25. Fast 1100mV 85C Model Metastability Summary
 26. Fast 1100mV 0C Model Setup Summary
 27. Fast 1100mV 0C Model Hold Summary
 28. Fast 1100mV 0C Model Recovery Summary
 29. Fast 1100mV 0C Model Removal Summary
 30. Fast 1100mV 0C Model Minimum Pulse Width Summary
 31. Fast 1100mV 0C Model Metastability Summary
 32. Multicorner Timing Analysis Summary
 33. Board Trace Model Assignments
 34. Input Transition Times
 35. Signal Integrity Metrics (Slow 1100mv 0c Model)
 36. Signal Integrity Metrics (Slow 1100mv 85c Model)
 37. Signal Integrity Metrics (Fast 1100mv 0c Model)
 38. Signal Integrity Metrics (Fast 1100mv 85c Model)
 39. Setup Transfers
 40. Hold Transfers
 41. Recovery Transfers
 42. Removal Transfers
 43. Report TCCS
 44. Report RSKM
 45. Unconstrained Paths Summary
 46. Clock Status Summary
 47. Unconstrained Input Ports
 48. Unconstrained Output Ports
 49. Unconstrained Input Ports
 50. Unconstrained Output Ports
 51. Timing Analyzer Messages



----------------
; Legal Notice ;
----------------
Copyright (C) 2025  Altera Corporation. All rights reserved.
Your use of Altera Corporation's design tools, logic functions 
and other software and tools, and any partner logic 
functions, and any output files from any of the foregoing 
(including device programming or simulation files), and any 
associated documentation or information are expressly subject 
to the terms and conditions of the Altera Program License 
Subscription Agreement, the Altera Quartus Prime License Agreement,
the Altera IP License Agreement, or other applicable license
agreement, including, without limitation, that your use is for
the sole purpose of programming logic devices manufactured by
Altera and sold by Altera or its authorized distributors.  Please
refer to the Altera Software License Subscription Agreements 
on the Quartus Prime software download page.



+---------------------------------------------------------------------------------+
; Timing Analyzer Summary                                                         ;
+-----------------------+---------------------------------------------------------+
; Quartus Prime Version ; Version 24.1std.0 Build 1077 03/04/2025 SC Lite Edition ;
; Timing Analyzer       ; Legacy Timing Analyzer                                  ;
; Revision Name         ; zoom_digital                                            ;
; Device Family         ; Cyclone V                                               ;
; Device Name           ; 5CSEMA5F31C6                                            ;
; Timing Models         ; Final                                                   ;
; Delay Model           ; Combined                                                ;
; Rise/Fall Delays      ; Enabled                                                 ;
+-----------------------+---------------------------------------------------------+


+------------------------------------------+
; Parallel Compilation                     ;
+----------------------------+-------------+
; Processors                 ; Number      ;
+----------------------------+-------------+
; Number detected on machine ; 4           ;
; Maximum allowed            ; 4           ;
;                            ;             ;
; Average used               ; 1.95        ;
; Maximum used               ; 4           ;
;                            ;             ;
; Usage by Processor         ; % Time Used ;
;     Processor 1            ; 100.0%      ;
;     Processor 2            ;  32.1%      ;
;     Processor 3            ;  31.7%      ;
;     Processor 4            ;  31.0%      ;
+----------------------------+-------------+


+--------------------------------------------------------------------------------------------------------------------------------------------------------------------------------------------------------------------------------------------------------+
; Clocks                                                                                                                                                                                                                                                 ;
+--------------------------------------------+------+--------+------------+-------+-------+------------+-----------+-------------+-------+--------+-----------+------------+----------+--------+--------+------------------------------------------------+
; Clock Name                                 ; Type ; Period ; Frequency  ; Rise  ; Fall  ; Duty Cycle ; Divide by ; Multiply by ; Phase ; Offset ; Edge List ; Edge Shift ; Inverted ; Master ; Source ; Targets                                        ;
+--------------------------------------------+------+--------+------------+-------+-------+------------+-----------+-------------+-------+--------+-----------+------------+----------+--------+--------+------------------------------------------------+
; clock_50                                   ; Base ; 1.000  ; 1000.0 MHz ; 0.000 ; 0.500 ;            ;           ;             ;       ;        ;           ;            ;          ;        ;        ; { clock_50 }                                   ;
; clock_divider:clock_divider_inst|clock_out ; Base ; 1.000  ; 1000.0 MHz ; 0.000 ; 0.500 ;            ;           ;             ;       ;        ;           ;            ;          ;        ;        ; { clock_divider:clock_divider_inst|clock_out } ;
+--------------------------------------------+------+--------+------------+-------+-------+------------+-----------+-------------+-------+--------+-----------+------------+----------+--------+--------+------------------------------------------------+


+--------------------------------------------------------------------------------+
; Slow 1100mV 85C Model Fmax Summary                                             ;
+----------+-----------------+--------------------------------------------+------+
; Fmax     ; Restricted Fmax ; Clock Name                                 ; Note ;
+----------+-----------------+--------------------------------------------+------+
; 60.5 MHz ; 60.5 MHz        ; clock_divider:clock_divider_inst|clock_out ;      ;
+----------+-----------------+--------------------------------------------+------+
This panel reports FMAX for every clock in the design, regardless of the user-specified clock periods.  FMAX is only computed for paths where the source and destination registers or ports are driven by the same clock.  Paths of different clocks, including generated clocks, are ignored.  For paths between a clock and its inversion, FMAX is computed as if the rising and falling edges are scaled along with FMAX, such that the duty cycle (in terms of a percentage) is maintained. Altera recommends that you always use clock constraints and other slack reports for sign-off analysis.


----------------------------------
; Timing Closure Recommendations ;
----------------------------------
HTML report is unavailable in plain text report export.


+---------------------------------------------------------------------+
; Slow 1100mV 85C Model Setup Summary                                 ;
+--------------------------------------------+--------+---------------+
; Clock                                      ; Slack  ; End Point TNS ;
+--------------------------------------------+--------+---------------+
; clock_divider:clock_divider_inst|clock_out ; -8.690 ; -74593.344    ;
; clock_50                                   ; -2.594 ; -2.594        ;
+--------------------------------------------+--------+---------------+


+--------------------------------------------------------------------+
; Slow 1100mV 85C Model Hold Summary                                 ;
+--------------------------------------------+-------+---------------+
; Clock                                      ; Slack ; End Point TNS ;
+--------------------------------------------+-------+---------------+
; clock_divider:clock_divider_inst|clock_out ; 0.025 ; 0.000         ;
; clock_50                                   ; 1.193 ; 0.000         ;
+--------------------------------------------+-------+---------------+


+---------------------------------------------------------------------+
; Slow 1100mV 85C Model Recovery Summary                              ;
+--------------------------------------------+--------+---------------+
; Clock                                      ; Slack  ; End Point TNS ;
+--------------------------------------------+--------+---------------+
; clock_divider:clock_divider_inst|clock_out ; -1.255 ; -49.677       ;
+--------------------------------------------+--------+---------------+


+--------------------------------------------------------------------+
; Slow 1100mV 85C Model Removal Summary                              ;
+--------------------------------------------+-------+---------------+
; Clock                                      ; Slack ; End Point TNS ;
+--------------------------------------------+-------+---------------+
; clock_divider:clock_divider_inst|clock_out ; 0.739 ; 0.000         ;
+--------------------------------------------+-------+---------------+


+---------------------------------------------------------------------+
; Slow 1100mV 85C Model Minimum Pulse Width Summary                   ;
+--------------------------------------------+--------+---------------+
; Clock                                      ; Slack  ; End Point TNS ;
+--------------------------------------------+--------+---------------+
; clock_divider:clock_divider_inst|clock_out ; -2.174 ; -35418.254    ;
; clock_50                                   ; -0.578 ; -0.972        ;
+--------------------------------------------+--------+---------------+


-----------------------------------------------
; Slow 1100mV 85C Model Metastability Summary ;
-----------------------------------------------
Design MTBF is not calculated because the design doesn't meet its timing requirements.



+--------------------------------------------------------------------------------+
; Slow 1100mV 0C Model Fmax Summary                                              ;
+----------+-----------------+--------------------------------------------+------+
; Fmax     ; Restricted Fmax ; Clock Name                                 ; Note ;
+----------+-----------------+--------------------------------------------+------+
; 58.8 MHz ; 58.8 MHz        ; clock_divider:clock_divider_inst|clock_out ;      ;
+----------+-----------------+--------------------------------------------+------+
This panel reports FMAX for every clock in the design, regardless of the user-specified clock periods.  FMAX is only computed for paths where the source and destination registers or ports are driven by the same clock.  Paths of different clocks, including generated clocks, are ignored.  For paths between a clock and its inversion, FMAX is computed as if the rising and falling edges are scaled along with FMAX, such that the duty cycle (in terms of a percentage) is maintained. Altera recommends that you always use clock constraints and other slack reports for sign-off analysis.


+---------------------------------------------------------------------+
; Slow 1100mV 0C Model Setup Summary                                  ;
+--------------------------------------------+--------+---------------+
; Clock                                      ; Slack  ; End Point TNS ;
+--------------------------------------------+--------+---------------+
; clock_divider:clock_divider_inst|clock_out ; -8.319 ; -71815.462    ;
; clock_50                                   ; -2.495 ; -2.495        ;
+--------------------------------------------+--------+---------------+


+--------------------------------------------------------------------+
; Slow 1100mV 0C Model Hold Summary                                  ;
+--------------------------------------------+-------+---------------+
; Clock                                      ; Slack ; End Point TNS ;
+--------------------------------------------+-------+---------------+
; clock_divider:clock_divider_inst|clock_out ; 0.036 ; 0.000         ;
; clock_50                                   ; 1.153 ; 0.000         ;
+--------------------------------------------+-------+---------------+


+---------------------------------------------------------------------+
; Slow 1100mV 0C Model Recovery Summary                               ;
+--------------------------------------------+--------+---------------+
; Clock                                      ; Slack  ; End Point TNS ;
+--------------------------------------------+--------+---------------+
; clock_divider:clock_divider_inst|clock_out ; -1.241 ; -47.315       ;
+--------------------------------------------+--------+---------------+


+--------------------------------------------------------------------+
; Slow 1100mV 0C Model Removal Summary                               ;
+--------------------------------------------+-------+---------------+
; Clock                                      ; Slack ; End Point TNS ;
+--------------------------------------------+-------+---------------+
; clock_divider:clock_divider_inst|clock_out ; 0.671 ; 0.000         ;
+--------------------------------------------+-------+---------------+


+---------------------------------------------------------------------+
; Slow 1100mV 0C Model Minimum Pulse Width Summary                    ;
+--------------------------------------------+--------+---------------+
; Clock                                      ; Slack  ; End Point TNS ;
+--------------------------------------------+--------+---------------+
; clock_divider:clock_divider_inst|clock_out ; -2.174 ; -35438.981    ;
; clock_50                                   ; -0.580 ; -0.974        ;
+--------------------------------------------+--------+---------------+


----------------------------------------------
; Slow 1100mV 0C Model Metastability Summary ;
----------------------------------------------
Design MTBF is not calculated because the design doesn't meet its timing requirements.



+---------------------------------------------------------------------+
; Fast 1100mV 85C Model Setup Summary                                 ;
+--------------------------------------------+--------+---------------+
; Clock                                      ; Slack  ; End Point TNS ;
+--------------------------------------------+--------+---------------+
; clock_divider:clock_divider_inst|clock_out ; -5.481 ; -44652.502    ;
; clock_50                                   ; -1.808 ; -1.808        ;
+--------------------------------------------+--------+---------------+


+---------------------------------------------------------------------+
; Fast 1100mV 85C Model Hold Summary                                  ;
+--------------------------------------------+--------+---------------+
; Clock                                      ; Slack  ; End Point TNS ;
+--------------------------------------------+--------+---------------+
; clock_divider:clock_divider_inst|clock_out ; -0.102 ; -0.315        ;
; clock_50                                   ; 1.013  ; 0.000         ;
+--------------------------------------------+--------+---------------+


+---------------------------------------------------------------------+
; Fast 1100mV 85C Model Recovery Summary                              ;
+--------------------------------------------+--------+---------------+
; Clock                                      ; Slack  ; End Point TNS ;
+--------------------------------------------+--------+---------------+
; clock_divider:clock_divider_inst|clock_out ; -0.522 ; -20.303       ;
+--------------------------------------------+--------+---------------+


+--------------------------------------------------------------------+
; Fast 1100mV 85C Model Removal Summary                              ;
+--------------------------------------------+-------+---------------+
; Clock                                      ; Slack ; End Point TNS ;
+--------------------------------------------+-------+---------------+
; clock_divider:clock_divider_inst|clock_out ; 0.294 ; 0.000         ;
+--------------------------------------------+-------+---------------+


+---------------------------------------------------------------------+
; Fast 1100mV 85C Model Minimum Pulse Width Summary                   ;
+--------------------------------------------+--------+---------------+
; Clock                                      ; Slack  ; End Point TNS ;
+--------------------------------------------+--------+---------------+
; clock_divider:clock_divider_inst|clock_out ; -2.174 ; -35099.864    ;
; clock_50                                   ; -0.549 ; -0.747        ;
+--------------------------------------------+--------+---------------+


-----------------------------------------------
; Fast 1100mV 85C Model Metastability Summary ;
-----------------------------------------------
Design MTBF is not calculated because the design doesn't meet its timing requirements.



+---------------------------------------------------------------------+
; Fast 1100mV 0C Model Setup Summary                                  ;
+--------------------------------------------+--------+---------------+
; Clock                                      ; Slack  ; End Point TNS ;
+--------------------------------------------+--------+---------------+
; clock_divider:clock_divider_inst|clock_out ; -4.727 ; -38636.866    ;
; clock_50                                   ; -1.543 ; -1.543        ;
+--------------------------------------------+--------+---------------+


+---------------------------------------------------------------------+
; Fast 1100mV 0C Model Hold Summary                                   ;
+--------------------------------------------+--------+---------------+
; Clock                                      ; Slack  ; End Point TNS ;
+--------------------------------------------+--------+---------------+
; clock_divider:clock_divider_inst|clock_out ; -0.077 ; -0.077        ;
; clock_50                                   ; 0.747  ; 0.000         ;
+--------------------------------------------+--------+---------------+


+---------------------------------------------------------------------+
; Fast 1100mV 0C Model Recovery Summary                               ;
+--------------------------------------------+--------+---------------+
; Clock                                      ; Slack  ; End Point TNS ;
+--------------------------------------------+--------+---------------+
; clock_divider:clock_divider_inst|clock_out ; -0.422 ; -15.459       ;
+--------------------------------------------+--------+---------------+


+--------------------------------------------------------------------+
; Fast 1100mV 0C Model Removal Summary                               ;
+--------------------------------------------+-------+---------------+
; Clock                                      ; Slack ; End Point TNS ;
+--------------------------------------------+-------+---------------+
; clock_divider:clock_divider_inst|clock_out ; 0.239 ; 0.000         ;
+--------------------------------------------+-------+---------------+


+---------------------------------------------------------------------+
; Fast 1100mV 0C Model Minimum Pulse Width Summary                    ;
+--------------------------------------------+--------+---------------+
; Clock                                      ; Slack  ; End Point TNS ;
+--------------------------------------------+--------+---------------+
; clock_divider:clock_divider_inst|clock_out ; -2.174 ; -35017.747    ;
; clock_50                                   ; -0.535 ; -0.728        ;
+--------------------------------------------+--------+---------------+


----------------------------------------------
; Fast 1100mV 0C Model Metastability Summary ;
----------------------------------------------
Design MTBF is not calculated because the design doesn't meet its timing requirements.



+--------------------------------------------------------------------------------------------------------------+
; Multicorner Timing Analysis Summary                                                                          ;
+---------------------------------------------+------------+--------+----------+---------+---------------------+
; Clock                                       ; Setup      ; Hold   ; Recovery ; Removal ; Minimum Pulse Width ;
+---------------------------------------------+------------+--------+----------+---------+---------------------+
; Worst-case Slack                            ; -8.690     ; -0.102 ; -1.255   ; 0.239   ; -2.174              ;
;  clock_50                                   ; -2.594     ; 0.747  ; N/A      ; N/A     ; -0.580              ;
;  clock_divider:clock_divider_inst|clock_out ; -8.690     ; -0.102 ; -1.255   ; 0.239   ; -2.174              ;
; Design-wide TNS                             ; -74595.938 ; -0.315 ; -49.677  ; 0.0     ; -35439.955          ;
;  clock_50                                   ; -2.594     ; 0.000  ; N/A      ; N/A     ; -0.974              ;
;  clock_divider:clock_divider_inst|clock_out ; -74593.344 ; -0.315 ; -49.677  ; 0.000   ; -35438.981          ;
+---------------------------------------------+------------+--------+----------+---------+---------------------+


+-------------------------------------------------------------------------------------------------------------------------------------------------------------------------------------------------------------------------------------------------------------------------------------------------------------------------------------------------------------------------------------------------------------+
; Board Trace Model Assignments                                                                                                                                                                                                                                                                                                                                                                               ;
+----------+--------------+-------------------+-------------------------+-------------------------+---------------+---------------------+----------------+------------------+--------+------------------+------------------------+------------------------+--------------+---------------+-----------------+-------+---------------------+--------------------+---------------+-----------------+-------------+
; Pin      ; I/O Standard ; Near Tline Length ; Near Tline L per Length ; Near Tline C per Length ; Near Series R ; Near Differential R ; Near Pull-up R ; Near Pull-down R ; Near C ; Far Tline Length ; Far Tline L per Length ; Far Tline C per Length ; Far Series R ; Far Pull-up R ; Far Pull-down R ; Far C ; Termination Voltage ; Far Differential R ; EBD File Name ; EBD Signal Name ; EBD Far-end ;
+----------+--------------+-------------------+-------------------------+-------------------------+---------------+---------------------+----------------+------------------+--------+------------------+------------------------+------------------------+--------------+---------------+-----------------+-------+---------------------+--------------------+---------------+-----------------+-------------+
; hsync    ; 2.5 V        ; 0 in              ; 0 H/in                  ; 0 F/in                  ; short         ; -                   ; open           ; open             ; open   ; 0 in             ; 0 H/in                 ; 0 F/in                 ; short        ; open          ; open            ; open  ; 0 V                 ; -                  ; n/a           ; n/a             ; n/a         ;
; vsync    ; 2.5 V        ; 0 in              ; 0 H/in                  ; 0 F/in                  ; short         ; -                   ; open           ; open             ; open   ; 0 in             ; 0 H/in                 ; 0 F/in                 ; short        ; open          ; open            ; open  ; 0 V                 ; -                  ; n/a           ; n/a             ; n/a         ;
; red[0]   ; 2.5 V        ; 0 in              ; 0 H/in                  ; 0 F/in                  ; short         ; -                   ; open           ; open             ; open   ; 0 in             ; 0 H/in                 ; 0 F/in                 ; short        ; open          ; open            ; open  ; 0 V                 ; -                  ; n/a           ; n/a             ; n/a         ;
; red[1]   ; 2.5 V        ; 0 in              ; 0 H/in                  ; 0 F/in                  ; short         ; -                   ; open           ; open             ; open   ; 0 in             ; 0 H/in                 ; 0 F/in                 ; short        ; open          ; open            ; open  ; 0 V                 ; -                  ; n/a           ; n/a             ; n/a         ;
; red[2]   ; 2.5 V        ; 0 in              ; 0 H/in                  ; 0 F/in                  ; short         ; -                   ; open           ; open             ; open   ; 0 in             ; 0 H/in                 ; 0 F/in                 ; short        ; open          ; open            ; open  ; 0 V                 ; -                  ; n/a           ; n/a             ; n/a         ;
; red[3]   ; 2.5 V        ; 0 in              ; 0 H/in                  ; 0 F/in                  ; short         ; -                   ; open           ; open             ; open   ; 0 in             ; 0 H/in                 ; 0 F/in                 ; short        ; open          ; open            ; open  ; 0 V                 ; -                  ; n/a           ; n/a             ; n/a         ;
; red[4]   ; 2.5 V        ; 0 in              ; 0 H/in                  ; 0 F/in                  ; short         ; -                   ; open           ; open             ; open   ; 0 in             ; 0 H/in                 ; 0 F/in                 ; short        ; open          ; open            ; open  ; 0 V                 ; -                  ; n/a           ; n/a             ; n/a         ;
; red[5]   ; 2.5 V        ; 0 in              ; 0 H/in                  ; 0 F/in                  ; short         ; -                   ; open           ; open             ; open   ; 0 in             ; 0 H/in                 ; 0 F/in                 ; short        ; open          ; open            ; open  ; 0 V                 ; -                  ; n/a           ; n/a             ; n/a         ;
; red[6]   ; 2.5 V        ; 0 in              ; 0 H/in                  ; 0 F/in                  ; short         ; -                   ; open           ; open             ; open   ; 0 in             ; 0 H/in                 ; 0 F/in                 ; short        ; open          ; open            ; open  ; 0 V                 ; -                  ; n/a           ; n/a             ; n/a         ;
; red[7]   ; 2.5 V        ; 0 in              ; 0 H/in                  ; 0 F/in                  ; short         ; -                   ; open           ; open             ; open   ; 0 in             ; 0 H/in                 ; 0 F/in                 ; short        ; open          ; open            ; open  ; 0 V                 ; -                  ; n/a           ; n/a             ; n/a         ;
; green[0] ; 2.5 V        ; 0 in              ; 0 H/in                  ; 0 F/in                  ; short         ; -                   ; open           ; open             ; open   ; 0 in             ; 0 H/in                 ; 0 F/in                 ; short        ; open          ; open            ; open  ; 0 V                 ; -                  ; n/a           ; n/a             ; n/a         ;
; green[1] ; 2.5 V        ; 0 in              ; 0 H/in                  ; 0 F/in                  ; short         ; -                   ; open           ; open             ; open   ; 0 in             ; 0 H/in                 ; 0 F/in                 ; short        ; open          ; open            ; open  ; 0 V                 ; -                  ; n/a           ; n/a             ; n/a         ;
; green[2] ; 2.5 V        ; 0 in              ; 0 H/in                  ; 0 F/in                  ; short         ; -                   ; open           ; open             ; open   ; 0 in             ; 0 H/in                 ; 0 F/in                 ; short        ; open          ; open            ; open  ; 0 V                 ; -                  ; n/a           ; n/a             ; n/a         ;
; green[3] ; 2.5 V        ; 0 in              ; 0 H/in                  ; 0 F/in                  ; short         ; -                   ; open           ; open             ; open   ; 0 in             ; 0 H/in                 ; 0 F/in                 ; short        ; open          ; open            ; open  ; 0 V                 ; -                  ; n/a           ; n/a             ; n/a         ;
; green[4] ; 2.5 V        ; 0 in              ; 0 H/in                  ; 0 F/in                  ; short         ; -                   ; open           ; open             ; open   ; 0 in             ; 0 H/in                 ; 0 F/in                 ; short        ; open          ; open            ; open  ; 0 V                 ; -                  ; n/a           ; n/a             ; n/a         ;
; green[5] ; 2.5 V        ; 0 in              ; 0 H/in                  ; 0 F/in                  ; short         ; -                   ; open           ; open             ; open   ; 0 in             ; 0 H/in                 ; 0 F/in                 ; short        ; open          ; open            ; open  ; 0 V                 ; -                  ; n/a           ; n/a             ; n/a         ;
; green[6] ; 2.5 V        ; 0 in              ; 0 H/in                  ; 0 F/in                  ; short         ; -                   ; open           ; open             ; open   ; 0 in             ; 0 H/in                 ; 0 F/in                 ; short        ; open          ; open            ; open  ; 0 V                 ; -                  ; n/a           ; n/a             ; n/a         ;
; green[7] ; 2.5 V        ; 0 in              ; 0 H/in                  ; 0 F/in                  ; short         ; -                   ; open           ; open             ; open   ; 0 in             ; 0 H/in                 ; 0 F/in                 ; short        ; open          ; open            ; open  ; 0 V                 ; -                  ; n/a           ; n/a             ; n/a         ;
; blue[0]  ; 2.5 V        ; 0 in              ; 0 H/in                  ; 0 F/in                  ; short         ; -                   ; open           ; open             ; open   ; 0 in             ; 0 H/in                 ; 0 F/in                 ; short        ; open          ; open            ; open  ; 0 V                 ; -                  ; n/a           ; n/a             ; n/a         ;
; blue[1]  ; 2.5 V        ; 0 in              ; 0 H/in                  ; 0 F/in                  ; short         ; -                   ; open           ; open             ; open   ; 0 in             ; 0 H/in                 ; 0 F/in                 ; short        ; open          ; open            ; open  ; 0 V                 ; -                  ; n/a           ; n/a             ; n/a         ;
; blue[2]  ; 2.5 V        ; 0 in              ; 0 H/in                  ; 0 F/in                  ; short         ; -                   ; open           ; open             ; open   ; 0 in             ; 0 H/in                 ; 0 F/in                 ; short        ; open          ; open            ; open  ; 0 V                 ; -                  ; n/a           ; n/a             ; n/a         ;
; blue[3]  ; 2.5 V        ; 0 in              ; 0 H/in                  ; 0 F/in                  ; short         ; -                   ; open           ; open             ; open   ; 0 in             ; 0 H/in                 ; 0 F/in                 ; short        ; open          ; open            ; open  ; 0 V                 ; -                  ; n/a           ; n/a             ; n/a         ;
; blue[4]  ; 2.5 V        ; 0 in              ; 0 H/in                  ; 0 F/in                  ; short         ; -                   ; open           ; open             ; open   ; 0 in             ; 0 H/in                 ; 0 F/in                 ; short        ; open          ; open            ; open  ; 0 V                 ; -                  ; n/a           ; n/a             ; n/a         ;
; blue[5]  ; 2.5 V        ; 0 in              ; 0 H/in                  ; 0 F/in                  ; short         ; -                   ; open           ; open             ; open   ; 0 in             ; 0 H/in                 ; 0 F/in                 ; short        ; open          ; open            ; open  ; 0 V                 ; -                  ; n/a           ; n/a             ; n/a         ;
; blue[6]  ; 2.5 V        ; 0 in              ; 0 H/in                  ; 0 F/in                  ; short         ; -                   ; open           ; open             ; open   ; 0 in             ; 0 H/in                 ; 0 F/in                 ; short        ; open          ; open            ; open  ; 0 V                 ; -                  ; n/a           ; n/a             ; n/a         ;
; blue[7]  ; 2.5 V        ; 0 in              ; 0 H/in                  ; 0 F/in                  ; short         ; -                   ; open           ; open             ; open   ; 0 in             ; 0 H/in                 ; 0 F/in                 ; short        ; open          ; open            ; open  ; 0 V                 ; -                  ; n/a           ; n/a             ; n/a         ;
; sync     ; 2.5 V        ; 0 in              ; 0 H/in                  ; 0 F/in                  ; short         ; -                   ; open           ; open             ; open   ; 0 in             ; 0 H/in                 ; 0 F/in                 ; short        ; open          ; open            ; open  ; 0 V                 ; -                  ; n/a           ; n/a             ; n/a         ;
; clk_out  ; 2.5 V        ; 0 in              ; 0 H/in                  ; 0 F/in                  ; short         ; -                   ; open           ; open             ; open   ; 0 in             ; 0 H/in                 ; 0 F/in                 ; short        ; open          ; open            ; open  ; 0 V                 ; -                  ; n/a           ; n/a             ; n/a         ;
; blank    ; 2.5 V        ; 0 in              ; 0 H/in                  ; 0 F/in                  ; short         ; -                   ; open           ; open             ; open   ; 0 in             ; 0 H/in                 ; 0 F/in                 ; short        ; open          ; open            ; open  ; 0 V                 ; -                  ; n/a           ; n/a             ; n/a         ;
+----------+--------------+-------------------+-------------------------+-------------------------+---------------+---------------------+----------------+------------------+--------+------------------+------------------------+------------------------+--------------+---------------+-----------------+-------+---------------------+--------------------+---------------+-----------------+-------------+


+---------------------------------------------------------------------+
; Input Transition Times                                              ;
+------------------+--------------+-----------------+-----------------+
; Pin              ; I/O Standard ; 10-90 Rise Time ; 90-10 Fall Time ;
+------------------+--------------+-----------------+-----------------+
; clock_50         ; 2.5 V        ; 2000 ps         ; 2000 ps         ;
; reset_button     ; 2.5 V        ; 2000 ps         ; 2000 ps         ;
; algorithm_select ; 2.5 V        ; 2000 ps         ; 2000 ps         ;
; zoom_out_button  ; 2.5 V        ; 2000 ps         ; 2000 ps         ;
; zoom_in_button   ; 2.5 V        ; 2000 ps         ; 2000 ps         ;
+------------------+--------------+-----------------+-----------------+


+---------------------------------------------------------------------------------------------------------------------------------------------------------------------------------------------------------------------------------------------------------------------------------------------------------------------------------------------------------------------------------------------------------------------------------------------------------------------------------------------------------------------------------------------------------------------------------------------------------------------------------------------------------------------------------------+
; Signal Integrity Metrics (Slow 1100mv 0c Model)                                                                                                                                                                                                                                                                                                                                                                                                                                                                                                                                                                                                                                       ;
+----------+--------------+---------------------+---------------------+------------------------------+------------------------------+---------------------+---------------------+--------------------------------------+--------------------------------------+-----------------------------+-----------------------------+----------------------------+----------------------------+-----------------------------+-----------------------------+--------------------+--------------------+-------------------------------------+-------------------------------------+----------------------------+----------------------------+---------------------------+---------------------------+
; Pin      ; I/O Standard ; Board Delay on Rise ; Board Delay on Fall ; Steady State Voh at FPGA Pin ; Steady State Vol at FPGA Pin ; Voh Max at FPGA Pin ; Vol Min at FPGA Pin ; Ringback Voltage on Rise at FPGA Pin ; Ringback Voltage on Fall at FPGA Pin ; 10-90 Rise Time at FPGA Pin ; 90-10 Fall Time at FPGA Pin ; Monotonic Rise at FPGA Pin ; Monotonic Fall at FPGA Pin ; Steady State Voh at Far-end ; Steady State Vol at Far-end ; Voh Max at Far-end ; Vol Min at Far-end ; Ringback Voltage on Rise at Far-end ; Ringback Voltage on Fall at Far-end ; 10-90 Rise Time at Far-end ; 90-10 Fall Time at Far-end ; Monotonic Rise at Far-end ; Monotonic Fall at Far-end ;
+----------+--------------+---------------------+---------------------+------------------------------+------------------------------+---------------------+---------------------+--------------------------------------+--------------------------------------+-----------------------------+-----------------------------+----------------------------+----------------------------+-----------------------------+-----------------------------+--------------------+--------------------+-------------------------------------+-------------------------------------+----------------------------+----------------------------+---------------------------+---------------------------+
; hsync    ; 2.5 V        ; 0 s                 ; 0 s                 ; 2.32 V                       ; 3.52e-07 V                   ; 2.42 V              ; -0.0557 V           ; 0.175 V                              ; 0.114 V                              ; 4.5e-10 s                   ; 4.35e-10 s                  ; No                         ; No                         ; 2.32 V                      ; 3.52e-07 V                  ; 2.42 V             ; -0.0557 V          ; 0.175 V                             ; 0.114 V                             ; 4.5e-10 s                  ; 4.35e-10 s                 ; No                        ; No                        ;
; vsync    ; 2.5 V        ; 0 s                 ; 0 s                 ; 2.32 V                       ; 3.6e-07 V                    ; 2.41 V              ; -0.0463 V           ; 0.201 V                              ; 0.131 V                              ; 4.61e-10 s                  ; 4.53e-10 s                  ; No                         ; Yes                        ; 2.32 V                      ; 3.6e-07 V                   ; 2.41 V             ; -0.0463 V          ; 0.201 V                             ; 0.131 V                             ; 4.61e-10 s                 ; 4.53e-10 s                 ; No                        ; Yes                       ;
; red[0]   ; 2.5 V        ; 0 s                 ; 0 s                 ; 2.32 V                       ; 3.52e-07 V                   ; 2.42 V              ; -0.0557 V           ; 0.175 V                              ; 0.114 V                              ; 4.5e-10 s                   ; 4.35e-10 s                  ; No                         ; No                         ; 2.32 V                      ; 3.52e-07 V                  ; 2.42 V             ; -0.0557 V          ; 0.175 V                             ; 0.114 V                             ; 4.5e-10 s                  ; 4.35e-10 s                 ; No                        ; No                        ;
; red[1]   ; 2.5 V        ; 0 s                 ; 0 s                 ; 2.32 V                       ; 3.6e-07 V                    ; 2.41 V              ; -0.0463 V           ; 0.201 V                              ; 0.131 V                              ; 4.61e-10 s                  ; 4.53e-10 s                  ; No                         ; Yes                        ; 2.32 V                      ; 3.6e-07 V                   ; 2.41 V             ; -0.0463 V          ; 0.201 V                             ; 0.131 V                             ; 4.61e-10 s                 ; 4.53e-10 s                 ; No                        ; Yes                       ;
; red[2]   ; 2.5 V        ; 0 s                 ; 0 s                 ; 2.32 V                       ; 3.07e-07 V                   ; 2.36 V              ; -0.0231 V           ; 0.14 V                               ; 0.089 V                              ; 4.52e-10 s                  ; 4.35e-10 s                  ; No                         ; Yes                        ; 2.32 V                      ; 3.07e-07 V                  ; 2.36 V             ; -0.0231 V          ; 0.14 V                              ; 0.089 V                             ; 4.52e-10 s                 ; 4.35e-10 s                 ; No                        ; Yes                       ;
; red[3]   ; 2.5 V        ; 0 s                 ; 0 s                 ; 2.32 V                       ; 3.07e-07 V                   ; 2.36 V              ; -0.0231 V           ; 0.14 V                               ; 0.089 V                              ; 4.52e-10 s                  ; 4.35e-10 s                  ; No                         ; Yes                        ; 2.32 V                      ; 3.07e-07 V                  ; 2.36 V             ; -0.0231 V          ; 0.14 V                              ; 0.089 V                             ; 4.52e-10 s                 ; 4.35e-10 s                 ; No                        ; Yes                       ;
; red[4]   ; 2.5 V        ; 0 s                 ; 0 s                 ; 2.32 V                       ; 3.52e-07 V                   ; 2.42 V              ; -0.0568 V           ; 0.173 V                              ; 0.113 V                              ; 4.5e-10 s                   ; 4.35e-10 s                  ; No                         ; No                         ; 2.32 V                      ; 3.52e-07 V                  ; 2.42 V             ; -0.0568 V          ; 0.173 V                             ; 0.113 V                             ; 4.5e-10 s                  ; 4.35e-10 s                 ; No                        ; No                        ;
; red[5]   ; 2.5 V        ; 0 s                 ; 0 s                 ; 2.32 V                       ; 3.07e-07 V                   ; 2.36 V              ; -0.0231 V           ; 0.14 V                               ; 0.089 V                              ; 4.52e-10 s                  ; 4.35e-10 s                  ; No                         ; Yes                        ; 2.32 V                      ; 3.07e-07 V                  ; 2.36 V             ; -0.0231 V          ; 0.14 V                              ; 0.089 V                             ; 4.52e-10 s                 ; 4.35e-10 s                 ; No                        ; Yes                       ;
; red[6]   ; 2.5 V        ; 0 s                 ; 0 s                 ; 2.32 V                       ; 3.6e-07 V                    ; 2.41 V              ; -0.0463 V           ; 0.201 V                              ; 0.131 V                              ; 4.61e-10 s                  ; 4.53e-10 s                  ; No                         ; Yes                        ; 2.32 V                      ; 3.6e-07 V                   ; 2.41 V             ; -0.0463 V          ; 0.201 V                             ; 0.131 V                             ; 4.61e-10 s                 ; 4.53e-10 s                 ; No                        ; Yes                       ;
; red[7]   ; 2.5 V        ; 0 s                 ; 0 s                 ; 2.32 V                       ; 3.6e-07 V                    ; 2.41 V              ; -0.0463 V           ; 0.201 V                              ; 0.131 V                              ; 4.61e-10 s                  ; 4.53e-10 s                  ; No                         ; Yes                        ; 2.32 V                      ; 3.6e-07 V                   ; 2.41 V             ; -0.0463 V          ; 0.201 V                             ; 0.131 V                             ; 4.61e-10 s                 ; 4.53e-10 s                 ; No                        ; Yes                       ;
; green[0] ; 2.5 V        ; 0 s                 ; 0 s                 ; 2.32 V                       ; 3.07e-07 V                   ; 2.36 V              ; -0.0231 V           ; 0.14 V                               ; 0.089 V                              ; 4.52e-10 s                  ; 4.35e-10 s                  ; No                         ; Yes                        ; 2.32 V                      ; 3.07e-07 V                  ; 2.36 V             ; -0.0231 V          ; 0.14 V                              ; 0.089 V                             ; 4.52e-10 s                 ; 4.35e-10 s                 ; No                        ; Yes                       ;
; green[1] ; 2.5 V        ; 0 s                 ; 0 s                 ; 2.32 V                       ; 3.6e-07 V                    ; 2.41 V              ; -0.0463 V           ; 0.201 V                              ; 0.131 V                              ; 4.61e-10 s                  ; 4.53e-10 s                  ; No                         ; Yes                        ; 2.32 V                      ; 3.6e-07 V                   ; 2.41 V             ; -0.0463 V          ; 0.201 V                             ; 0.131 V                             ; 4.61e-10 s                 ; 4.53e-10 s                 ; No                        ; Yes                       ;
; green[2] ; 2.5 V        ; 0 s                 ; 0 s                 ; 2.32 V                       ; 3.07e-07 V                   ; 2.36 V              ; -0.0231 V           ; 0.14 V                               ; 0.089 V                              ; 4.52e-10 s                  ; 4.35e-10 s                  ; No                         ; Yes                        ; 2.32 V                      ; 3.07e-07 V                  ; 2.36 V             ; -0.0231 V          ; 0.14 V                              ; 0.089 V                             ; 4.52e-10 s                 ; 4.35e-10 s                 ; No                        ; Yes                       ;
; green[3] ; 2.5 V        ; 0 s                 ; 0 s                 ; 2.32 V                       ; 3.6e-07 V                    ; 2.41 V              ; -0.0463 V           ; 0.201 V                              ; 0.131 V                              ; 4.61e-10 s                  ; 4.53e-10 s                  ; No                         ; Yes                        ; 2.32 V                      ; 3.6e-07 V                   ; 2.41 V             ; -0.0463 V          ; 0.201 V                             ; 0.131 V                             ; 4.61e-10 s                 ; 4.53e-10 s                 ; No                        ; Yes                       ;
; green[4] ; 2.5 V        ; 0 s                 ; 0 s                 ; 2.32 V                       ; 3.07e-07 V                   ; 2.36 V              ; -0.0231 V           ; 0.14 V                               ; 0.089 V                              ; 4.52e-10 s                  ; 4.35e-10 s                  ; No                         ; Yes                        ; 2.32 V                      ; 3.07e-07 V                  ; 2.36 V             ; -0.0231 V          ; 0.14 V                              ; 0.089 V                             ; 4.52e-10 s                 ; 4.35e-10 s                 ; No                        ; Yes                       ;
; green[5] ; 2.5 V        ; 0 s                 ; 0 s                 ; 2.32 V                       ; 3.6e-07 V                    ; 2.41 V              ; -0.0463 V           ; 0.201 V                              ; 0.131 V                              ; 4.61e-10 s                  ; 4.53e-10 s                  ; No                         ; Yes                        ; 2.32 V                      ; 3.6e-07 V                   ; 2.41 V             ; -0.0463 V          ; 0.201 V                             ; 0.131 V                             ; 4.61e-10 s                 ; 4.53e-10 s                 ; No                        ; Yes                       ;
; green[6] ; 2.5 V        ; 0 s                 ; 0 s                 ; 2.32 V                       ; 3.6e-07 V                    ; 2.41 V              ; -0.0463 V           ; 0.201 V                              ; 0.131 V                              ; 4.61e-10 s                  ; 4.53e-10 s                  ; No                         ; Yes                        ; 2.32 V                      ; 3.6e-07 V                   ; 2.41 V             ; -0.0463 V          ; 0.201 V                             ; 0.131 V                             ; 4.61e-10 s                 ; 4.53e-10 s                 ; No                        ; Yes                       ;
; green[7] ; 2.5 V        ; 0 s                 ; 0 s                 ; 2.32 V                       ; 3.07e-07 V                   ; 2.36 V              ; -0.0231 V           ; 0.14 V                               ; 0.089 V                              ; 4.52e-10 s                  ; 4.35e-10 s                  ; No                         ; Yes                        ; 2.32 V                      ; 3.07e-07 V                  ; 2.36 V             ; -0.0231 V          ; 0.14 V                              ; 0.089 V                             ; 4.52e-10 s                 ; 4.35e-10 s                 ; No                        ; Yes                       ;
; blue[0]  ; 2.5 V        ; 0 s                 ; 0 s                 ; 2.32 V                       ; 3.52e-07 V                   ; 2.42 V              ; -0.0568 V           ; 0.173 V                              ; 0.113 V                              ; 4.5e-10 s                   ; 4.35e-10 s                  ; No                         ; No                         ; 2.32 V                      ; 3.52e-07 V                  ; 2.42 V             ; -0.0568 V          ; 0.173 V                             ; 0.113 V                             ; 4.5e-10 s                  ; 4.35e-10 s                 ; No                        ; No                        ;
; blue[1]  ; 2.5 V        ; 0 s                 ; 0 s                 ; 2.32 V                       ; 3.07e-07 V                   ; 2.36 V              ; -0.0231 V           ; 0.14 V                               ; 0.089 V                              ; 4.52e-10 s                  ; 4.35e-10 s                  ; No                         ; Yes                        ; 2.32 V                      ; 3.07e-07 V                  ; 2.36 V             ; -0.0231 V          ; 0.14 V                              ; 0.089 V                             ; 4.52e-10 s                 ; 4.35e-10 s                 ; No                        ; Yes                       ;
; blue[2]  ; 2.5 V        ; 0 s                 ; 0 s                 ; 2.32 V                       ; 3.6e-07 V                    ; 2.41 V              ; -0.0463 V           ; 0.201 V                              ; 0.131 V                              ; 4.61e-10 s                  ; 4.53e-10 s                  ; No                         ; Yes                        ; 2.32 V                      ; 3.6e-07 V                   ; 2.41 V             ; -0.0463 V          ; 0.201 V                             ; 0.131 V                             ; 4.61e-10 s                 ; 4.53e-10 s                 ; No                        ; Yes                       ;
; blue[3]  ; 2.5 V        ; 0 s                 ; 0 s                 ; 2.32 V                       ; 3.07e-07 V                   ; 2.36 V              ; -0.0231 V           ; 0.14 V                               ; 0.089 V                              ; 4.52e-10 s                  ; 4.35e-10 s                  ; No                         ; Yes                        ; 2.32 V                      ; 3.07e-07 V                  ; 2.36 V             ; -0.0231 V          ; 0.14 V                              ; 0.089 V                             ; 4.52e-10 s                 ; 4.35e-10 s                 ; No                        ; Yes                       ;
; blue[4]  ; 2.5 V        ; 0 s                 ; 0 s                 ; 2.32 V                       ; 3.6e-07 V                    ; 2.41 V              ; -0.0463 V           ; 0.201 V                              ; 0.131 V                              ; 4.61e-10 s                  ; 4.53e-10 s                  ; No                         ; Yes                        ; 2.32 V                      ; 3.6e-07 V                   ; 2.41 V             ; -0.0463 V          ; 0.201 V                             ; 0.131 V                             ; 4.61e-10 s                 ; 4.53e-10 s                 ; No                        ; Yes                       ;
; blue[5]  ; 2.5 V        ; 0 s                 ; 0 s                 ; 2.32 V                       ; 3.6e-07 V                    ; 2.41 V              ; -0.0463 V           ; 0.201 V                              ; 0.131 V                              ; 4.61e-10 s                  ; 4.53e-10 s                  ; No                         ; Yes                        ; 2.32 V                      ; 3.6e-07 V                   ; 2.41 V             ; -0.0463 V          ; 0.201 V                             ; 0.131 V                             ; 4.61e-10 s                 ; 4.53e-10 s                 ; No                        ; Yes                       ;
; blue[6]  ; 2.5 V        ; 0 s                 ; 0 s                 ; 2.32 V                       ; 3.07e-07 V                   ; 2.36 V              ; -0.0231 V           ; 0.14 V                               ; 0.089 V                              ; 4.52e-10 s                  ; 4.35e-10 s                  ; No                         ; Yes                        ; 2.32 V                      ; 3.07e-07 V                  ; 2.36 V             ; -0.0231 V          ; 0.14 V                              ; 0.089 V                             ; 4.52e-10 s                 ; 4.35e-10 s                 ; No                        ; Yes                       ;
; blue[7]  ; 2.5 V        ; 0 s                 ; 0 s                 ; 2.32 V                       ; 3.07e-07 V                   ; 2.36 V              ; -0.0231 V           ; 0.14 V                               ; 0.089 V                              ; 4.52e-10 s                  ; 4.35e-10 s                  ; No                         ; Yes                        ; 2.32 V                      ; 3.07e-07 V                  ; 2.36 V             ; -0.0231 V          ; 0.14 V                              ; 0.089 V                             ; 4.52e-10 s                 ; 4.35e-10 s                 ; No                        ; Yes                       ;
; sync     ; 2.5 V        ; 0 s                 ; 0 s                 ; 2.32 V                       ; 3.52e-07 V                   ; 2.42 V              ; -0.0568 V           ; 0.173 V                              ; 0.113 V                              ; 4.5e-10 s                   ; 4.35e-10 s                  ; No                         ; No                         ; 2.32 V                      ; 3.52e-07 V                  ; 2.42 V             ; -0.0568 V          ; 0.173 V                             ; 0.113 V                             ; 4.5e-10 s                  ; 4.35e-10 s                 ; No                        ; No                        ;
; clk_out  ; 2.5 V        ; 0 s                 ; 0 s                 ; 2.32 V                       ; 3.52e-07 V                   ; 2.42 V              ; -0.0568 V           ; 0.173 V                              ; 0.113 V                              ; 4.5e-10 s                   ; 4.35e-10 s                  ; No                         ; No                         ; 2.32 V                      ; 3.52e-07 V                  ; 2.42 V             ; -0.0568 V          ; 0.173 V                             ; 0.113 V                             ; 4.5e-10 s                  ; 4.35e-10 s                 ; No                        ; No                        ;
; blank    ; 2.5 V        ; 0 s                 ; 0 s                 ; 2.32 V                       ; 3.07e-07 V                   ; 2.36 V              ; -0.0231 V           ; 0.14 V                               ; 0.089 V                              ; 4.52e-10 s                  ; 4.35e-10 s                  ; No                         ; Yes                        ; 2.32 V                      ; 3.07e-07 V                  ; 2.36 V             ; -0.0231 V          ; 0.14 V                              ; 0.089 V                             ; 4.52e-10 s                 ; 4.35e-10 s                 ; No                        ; Yes                       ;
+----------+--------------+---------------------+---------------------+------------------------------+------------------------------+---------------------+---------------------+--------------------------------------+--------------------------------------+-----------------------------+-----------------------------+----------------------------+----------------------------+-----------------------------+-----------------------------+--------------------+--------------------+-------------------------------------+-------------------------------------+----------------------------+----------------------------+---------------------------+---------------------------+


+---------------------------------------------------------------------------------------------------------------------------------------------------------------------------------------------------------------------------------------------------------------------------------------------------------------------------------------------------------------------------------------------------------------------------------------------------------------------------------------------------------------------------------------------------------------------------------------------------------------------------------------------------------------------------------------+
; Signal Integrity Metrics (Slow 1100mv 85c Model)                                                                                                                                                                                                                                                                                                                                                                                                                                                                                                                                                                                                                                      ;
+----------+--------------+---------------------+---------------------+------------------------------+------------------------------+---------------------+---------------------+--------------------------------------+--------------------------------------+-----------------------------+-----------------------------+----------------------------+----------------------------+-----------------------------+-----------------------------+--------------------+--------------------+-------------------------------------+-------------------------------------+----------------------------+----------------------------+---------------------------+---------------------------+
; Pin      ; I/O Standard ; Board Delay on Rise ; Board Delay on Fall ; Steady State Voh at FPGA Pin ; Steady State Vol at FPGA Pin ; Voh Max at FPGA Pin ; Vol Min at FPGA Pin ; Ringback Voltage on Rise at FPGA Pin ; Ringback Voltage on Fall at FPGA Pin ; 10-90 Rise Time at FPGA Pin ; 90-10 Fall Time at FPGA Pin ; Monotonic Rise at FPGA Pin ; Monotonic Fall at FPGA Pin ; Steady State Voh at Far-end ; Steady State Vol at Far-end ; Voh Max at Far-end ; Vol Min at Far-end ; Ringback Voltage on Rise at Far-end ; Ringback Voltage on Fall at Far-end ; 10-90 Rise Time at Far-end ; 90-10 Fall Time at Far-end ; Monotonic Rise at Far-end ; Monotonic Fall at Far-end ;
+----------+--------------+---------------------+---------------------+------------------------------+------------------------------+---------------------+---------------------+--------------------------------------+--------------------------------------+-----------------------------+-----------------------------+----------------------------+----------------------------+-----------------------------+-----------------------------+--------------------+--------------------+-------------------------------------+-------------------------------------+----------------------------+----------------------------+---------------------------+---------------------------+
; hsync    ; 2.5 V        ; 0 s                 ; 0 s                 ; 2.32 V                       ; 3.88e-05 V                   ; 2.39 V              ; -0.037 V            ; 0.188 V                              ; 0.158 V                              ; 4.67e-10 s                  ; 4.67e-10 s                  ; No                         ; Yes                        ; 2.32 V                      ; 3.88e-05 V                  ; 2.39 V             ; -0.037 V           ; 0.188 V                             ; 0.158 V                             ; 4.67e-10 s                 ; 4.67e-10 s                 ; No                        ; Yes                       ;
; vsync    ; 2.5 V        ; 0 s                 ; 0 s                 ; 2.32 V                       ; 3.96e-05 V                   ; 2.38 V              ; -0.0306 V           ; 0.23 V                               ; 0.206 V                              ; 4.83e-10 s                  ; 5.01e-10 s                  ; No                         ; Yes                        ; 2.32 V                      ; 3.96e-05 V                  ; 2.38 V             ; -0.0306 V          ; 0.23 V                              ; 0.206 V                             ; 4.83e-10 s                 ; 5.01e-10 s                 ; No                        ; Yes                       ;
; red[0]   ; 2.5 V        ; 0 s                 ; 0 s                 ; 2.32 V                       ; 3.88e-05 V                   ; 2.39 V              ; -0.037 V            ; 0.188 V                              ; 0.158 V                              ; 4.67e-10 s                  ; 4.67e-10 s                  ; No                         ; Yes                        ; 2.32 V                      ; 3.88e-05 V                  ; 2.39 V             ; -0.037 V           ; 0.188 V                             ; 0.158 V                             ; 4.67e-10 s                 ; 4.67e-10 s                 ; No                        ; Yes                       ;
; red[1]   ; 2.5 V        ; 0 s                 ; 0 s                 ; 2.32 V                       ; 3.96e-05 V                   ; 2.38 V              ; -0.0306 V           ; 0.23 V                               ; 0.206 V                              ; 4.83e-10 s                  ; 5.01e-10 s                  ; No                         ; Yes                        ; 2.32 V                      ; 3.96e-05 V                  ; 2.38 V             ; -0.0306 V          ; 0.23 V                              ; 0.206 V                             ; 4.83e-10 s                 ; 5.01e-10 s                 ; No                        ; Yes                       ;
; red[2]   ; 2.5 V        ; 0 s                 ; 0 s                 ; 2.32 V                       ; 3.49e-05 V                   ; 2.34 V              ; -0.0118 V           ; 0.182 V                              ; 0.051 V                              ; 4.81e-10 s                  ; 4.83e-10 s                  ; Yes                        ; Yes                        ; 2.32 V                      ; 3.49e-05 V                  ; 2.34 V             ; -0.0118 V          ; 0.182 V                             ; 0.051 V                             ; 4.81e-10 s                 ; 4.83e-10 s                 ; Yes                       ; Yes                       ;
; red[3]   ; 2.5 V        ; 0 s                 ; 0 s                 ; 2.32 V                       ; 3.49e-05 V                   ; 2.34 V              ; -0.0118 V           ; 0.182 V                              ; 0.051 V                              ; 4.81e-10 s                  ; 4.83e-10 s                  ; Yes                        ; Yes                        ; 2.32 V                      ; 3.49e-05 V                  ; 2.34 V             ; -0.0118 V          ; 0.182 V                             ; 0.051 V                             ; 4.81e-10 s                 ; 4.83e-10 s                 ; Yes                       ; Yes                       ;
; red[4]   ; 2.5 V        ; 0 s                 ; 0 s                 ; 2.32 V                       ; 3.88e-05 V                   ; 2.39 V              ; -0.0374 V           ; 0.189 V                              ; 0.158 V                              ; 4.66e-10 s                  ; 4.67e-10 s                  ; No                         ; Yes                        ; 2.32 V                      ; 3.88e-05 V                  ; 2.39 V             ; -0.0374 V          ; 0.189 V                             ; 0.158 V                             ; 4.66e-10 s                 ; 4.67e-10 s                 ; No                        ; Yes                       ;
; red[5]   ; 2.5 V        ; 0 s                 ; 0 s                 ; 2.32 V                       ; 3.49e-05 V                   ; 2.34 V              ; -0.0118 V           ; 0.182 V                              ; 0.051 V                              ; 4.81e-10 s                  ; 4.83e-10 s                  ; Yes                        ; Yes                        ; 2.32 V                      ; 3.49e-05 V                  ; 2.34 V             ; -0.0118 V          ; 0.182 V                             ; 0.051 V                             ; 4.81e-10 s                 ; 4.83e-10 s                 ; Yes                       ; Yes                       ;
; red[6]   ; 2.5 V        ; 0 s                 ; 0 s                 ; 2.32 V                       ; 3.96e-05 V                   ; 2.38 V              ; -0.0306 V           ; 0.23 V                               ; 0.206 V                              ; 4.83e-10 s                  ; 5.01e-10 s                  ; No                         ; Yes                        ; 2.32 V                      ; 3.96e-05 V                  ; 2.38 V             ; -0.0306 V          ; 0.23 V                              ; 0.206 V                             ; 4.83e-10 s                 ; 5.01e-10 s                 ; No                        ; Yes                       ;
; red[7]   ; 2.5 V        ; 0 s                 ; 0 s                 ; 2.32 V                       ; 3.96e-05 V                   ; 2.38 V              ; -0.0306 V           ; 0.23 V                               ; 0.206 V                              ; 4.83e-10 s                  ; 5.01e-10 s                  ; No                         ; Yes                        ; 2.32 V                      ; 3.96e-05 V                  ; 2.38 V             ; -0.0306 V          ; 0.23 V                              ; 0.206 V                             ; 4.83e-10 s                 ; 5.01e-10 s                 ; No                        ; Yes                       ;
; green[0] ; 2.5 V        ; 0 s                 ; 0 s                 ; 2.32 V                       ; 3.49e-05 V                   ; 2.34 V              ; -0.0118 V           ; 0.182 V                              ; 0.051 V                              ; 4.81e-10 s                  ; 4.83e-10 s                  ; Yes                        ; Yes                        ; 2.32 V                      ; 3.49e-05 V                  ; 2.34 V             ; -0.0118 V          ; 0.182 V                             ; 0.051 V                             ; 4.81e-10 s                 ; 4.83e-10 s                 ; Yes                       ; Yes                       ;
; green[1] ; 2.5 V        ; 0 s                 ; 0 s                 ; 2.32 V                       ; 3.96e-05 V                   ; 2.38 V              ; -0.0306 V           ; 0.23 V                               ; 0.206 V                              ; 4.83e-10 s                  ; 5.01e-10 s                  ; No                         ; Yes                        ; 2.32 V                      ; 3.96e-05 V                  ; 2.38 V             ; -0.0306 V          ; 0.23 V                              ; 0.206 V                             ; 4.83e-10 s                 ; 5.01e-10 s                 ; No                        ; Yes                       ;
; green[2] ; 2.5 V        ; 0 s                 ; 0 s                 ; 2.32 V                       ; 3.49e-05 V                   ; 2.34 V              ; -0.0118 V           ; 0.182 V                              ; 0.051 V                              ; 4.81e-10 s                  ; 4.83e-10 s                  ; Yes                        ; Yes                        ; 2.32 V                      ; 3.49e-05 V                  ; 2.34 V             ; -0.0118 V          ; 0.182 V                             ; 0.051 V                             ; 4.81e-10 s                 ; 4.83e-10 s                 ; Yes                       ; Yes                       ;
; green[3] ; 2.5 V        ; 0 s                 ; 0 s                 ; 2.32 V                       ; 3.96e-05 V                   ; 2.38 V              ; -0.0306 V           ; 0.23 V                               ; 0.206 V                              ; 4.83e-10 s                  ; 5.01e-10 s                  ; No                         ; Yes                        ; 2.32 V                      ; 3.96e-05 V                  ; 2.38 V             ; -0.0306 V          ; 0.23 V                              ; 0.206 V                             ; 4.83e-10 s                 ; 5.01e-10 s                 ; No                        ; Yes                       ;
; green[4] ; 2.5 V        ; 0 s                 ; 0 s                 ; 2.32 V                       ; 3.49e-05 V                   ; 2.34 V              ; -0.0118 V           ; 0.182 V                              ; 0.051 V                              ; 4.81e-10 s                  ; 4.83e-10 s                  ; Yes                        ; Yes                        ; 2.32 V                      ; 3.49e-05 V                  ; 2.34 V             ; -0.0118 V          ; 0.182 V                             ; 0.051 V                             ; 4.81e-10 s                 ; 4.83e-10 s                 ; Yes                       ; Yes                       ;
; green[5] ; 2.5 V        ; 0 s                 ; 0 s                 ; 2.32 V                       ; 3.96e-05 V                   ; 2.38 V              ; -0.0306 V           ; 0.23 V                               ; 0.206 V                              ; 4.83e-10 s                  ; 5.01e-10 s                  ; No                         ; Yes                        ; 2.32 V                      ; 3.96e-05 V                  ; 2.38 V             ; -0.0306 V          ; 0.23 V                              ; 0.206 V                             ; 4.83e-10 s                 ; 5.01e-10 s                 ; No                        ; Yes                       ;
; green[6] ; 2.5 V        ; 0 s                 ; 0 s                 ; 2.32 V                       ; 3.96e-05 V                   ; 2.38 V              ; -0.0306 V           ; 0.23 V                               ; 0.206 V                              ; 4.83e-10 s                  ; 5.01e-10 s                  ; No                         ; Yes                        ; 2.32 V                      ; 3.96e-05 V                  ; 2.38 V             ; -0.0306 V          ; 0.23 V                              ; 0.206 V                             ; 4.83e-10 s                 ; 5.01e-10 s                 ; No                        ; Yes                       ;
; green[7] ; 2.5 V        ; 0 s                 ; 0 s                 ; 2.32 V                       ; 3.49e-05 V                   ; 2.34 V              ; -0.0118 V           ; 0.182 V                              ; 0.051 V                              ; 4.81e-10 s                  ; 4.83e-10 s                  ; Yes                        ; Yes                        ; 2.32 V                      ; 3.49e-05 V                  ; 2.34 V             ; -0.0118 V          ; 0.182 V                             ; 0.051 V                             ; 4.81e-10 s                 ; 4.83e-10 s                 ; Yes                       ; Yes                       ;
; blue[0]  ; 2.5 V        ; 0 s                 ; 0 s                 ; 2.32 V                       ; 3.88e-05 V                   ; 2.39 V              ; -0.0374 V           ; 0.189 V                              ; 0.158 V                              ; 4.66e-10 s                  ; 4.67e-10 s                  ; No                         ; Yes                        ; 2.32 V                      ; 3.88e-05 V                  ; 2.39 V             ; -0.0374 V          ; 0.189 V                             ; 0.158 V                             ; 4.66e-10 s                 ; 4.67e-10 s                 ; No                        ; Yes                       ;
; blue[1]  ; 2.5 V        ; 0 s                 ; 0 s                 ; 2.32 V                       ; 3.49e-05 V                   ; 2.34 V              ; -0.0118 V           ; 0.182 V                              ; 0.051 V                              ; 4.81e-10 s                  ; 4.83e-10 s                  ; Yes                        ; Yes                        ; 2.32 V                      ; 3.49e-05 V                  ; 2.34 V             ; -0.0118 V          ; 0.182 V                             ; 0.051 V                             ; 4.81e-10 s                 ; 4.83e-10 s                 ; Yes                       ; Yes                       ;
; blue[2]  ; 2.5 V        ; 0 s                 ; 0 s                 ; 2.32 V                       ; 3.96e-05 V                   ; 2.38 V              ; -0.0306 V           ; 0.23 V                               ; 0.206 V                              ; 4.83e-10 s                  ; 5.01e-10 s                  ; No                         ; Yes                        ; 2.32 V                      ; 3.96e-05 V                  ; 2.38 V             ; -0.0306 V          ; 0.23 V                              ; 0.206 V                             ; 4.83e-10 s                 ; 5.01e-10 s                 ; No                        ; Yes                       ;
; blue[3]  ; 2.5 V        ; 0 s                 ; 0 s                 ; 2.32 V                       ; 3.49e-05 V                   ; 2.34 V              ; -0.0118 V           ; 0.182 V                              ; 0.051 V                              ; 4.81e-10 s                  ; 4.83e-10 s                  ; Yes                        ; Yes                        ; 2.32 V                      ; 3.49e-05 V                  ; 2.34 V             ; -0.0118 V          ; 0.182 V                             ; 0.051 V                             ; 4.81e-10 s                 ; 4.83e-10 s                 ; Yes                       ; Yes                       ;
; blue[4]  ; 2.5 V        ; 0 s                 ; 0 s                 ; 2.32 V                       ; 3.96e-05 V                   ; 2.38 V              ; -0.0306 V           ; 0.23 V                               ; 0.206 V                              ; 4.83e-10 s                  ; 5.01e-10 s                  ; No                         ; Yes                        ; 2.32 V                      ; 3.96e-05 V                  ; 2.38 V             ; -0.0306 V          ; 0.23 V                              ; 0.206 V                             ; 4.83e-10 s                 ; 5.01e-10 s                 ; No                        ; Yes                       ;
; blue[5]  ; 2.5 V        ; 0 s                 ; 0 s                 ; 2.32 V                       ; 3.96e-05 V                   ; 2.38 V              ; -0.0306 V           ; 0.23 V                               ; 0.206 V                              ; 4.83e-10 s                  ; 5.01e-10 s                  ; No                         ; Yes                        ; 2.32 V                      ; 3.96e-05 V                  ; 2.38 V             ; -0.0306 V          ; 0.23 V                              ; 0.206 V                             ; 4.83e-10 s                 ; 5.01e-10 s                 ; No                        ; Yes                       ;
; blue[6]  ; 2.5 V        ; 0 s                 ; 0 s                 ; 2.32 V                       ; 3.49e-05 V                   ; 2.34 V              ; -0.0118 V           ; 0.182 V                              ; 0.051 V                              ; 4.81e-10 s                  ; 4.83e-10 s                  ; Yes                        ; Yes                        ; 2.32 V                      ; 3.49e-05 V                  ; 2.34 V             ; -0.0118 V          ; 0.182 V                             ; 0.051 V                             ; 4.81e-10 s                 ; 4.83e-10 s                 ; Yes                       ; Yes                       ;
; blue[7]  ; 2.5 V        ; 0 s                 ; 0 s                 ; 2.32 V                       ; 3.49e-05 V                   ; 2.34 V              ; -0.0118 V           ; 0.182 V                              ; 0.051 V                              ; 4.81e-10 s                  ; 4.83e-10 s                  ; Yes                        ; Yes                        ; 2.32 V                      ; 3.49e-05 V                  ; 2.34 V             ; -0.0118 V          ; 0.182 V                             ; 0.051 V                             ; 4.81e-10 s                 ; 4.83e-10 s                 ; Yes                       ; Yes                       ;
; sync     ; 2.5 V        ; 0 s                 ; 0 s                 ; 2.32 V                       ; 3.88e-05 V                   ; 2.39 V              ; -0.0374 V           ; 0.189 V                              ; 0.158 V                              ; 4.66e-10 s                  ; 4.67e-10 s                  ; No                         ; Yes                        ; 2.32 V                      ; 3.88e-05 V                  ; 2.39 V             ; -0.0374 V          ; 0.189 V                             ; 0.158 V                             ; 4.66e-10 s                 ; 4.67e-10 s                 ; No                        ; Yes                       ;
; clk_out  ; 2.5 V        ; 0 s                 ; 0 s                 ; 2.32 V                       ; 3.88e-05 V                   ; 2.39 V              ; -0.0374 V           ; 0.189 V                              ; 0.158 V                              ; 4.66e-10 s                  ; 4.67e-10 s                  ; No                         ; Yes                        ; 2.32 V                      ; 3.88e-05 V                  ; 2.39 V             ; -0.0374 V          ; 0.189 V                             ; 0.158 V                             ; 4.66e-10 s                 ; 4.67e-10 s                 ; No                        ; Yes                       ;
; blank    ; 2.5 V        ; 0 s                 ; 0 s                 ; 2.32 V                       ; 3.49e-05 V                   ; 2.34 V              ; -0.0118 V           ; 0.182 V                              ; 0.051 V                              ; 4.81e-10 s                  ; 4.83e-10 s                  ; Yes                        ; Yes                        ; 2.32 V                      ; 3.49e-05 V                  ; 2.34 V             ; -0.0118 V          ; 0.182 V                             ; 0.051 V                             ; 4.81e-10 s                 ; 4.83e-10 s                 ; Yes                       ; Yes                       ;
+----------+--------------+---------------------+---------------------+------------------------------+------------------------------+---------------------+---------------------+--------------------------------------+--------------------------------------+-----------------------------+-----------------------------+----------------------------+----------------------------+-----------------------------+-----------------------------+--------------------+--------------------+-------------------------------------+-------------------------------------+----------------------------+----------------------------+---------------------------+---------------------------+


+---------------------------------------------------------------------------------------------------------------------------------------------------------------------------------------------------------------------------------------------------------------------------------------------------------------------------------------------------------------------------------------------------------------------------------------------------------------------------------------------------------------------------------------------------------------------------------------------------------------------------------------------------------------------------------------+
; Signal Integrity Metrics (Fast 1100mv 0c Model)                                                                                                                                                                                                                                                                                                                                                                                                                                                                                                                                                                                                                                       ;
+----------+--------------+---------------------+---------------------+------------------------------+------------------------------+---------------------+---------------------+--------------------------------------+--------------------------------------+-----------------------------+-----------------------------+----------------------------+----------------------------+-----------------------------+-----------------------------+--------------------+--------------------+-------------------------------------+-------------------------------------+----------------------------+----------------------------+---------------------------+---------------------------+
; Pin      ; I/O Standard ; Board Delay on Rise ; Board Delay on Fall ; Steady State Voh at FPGA Pin ; Steady State Vol at FPGA Pin ; Voh Max at FPGA Pin ; Vol Min at FPGA Pin ; Ringback Voltage on Rise at FPGA Pin ; Ringback Voltage on Fall at FPGA Pin ; 10-90 Rise Time at FPGA Pin ; 90-10 Fall Time at FPGA Pin ; Monotonic Rise at FPGA Pin ; Monotonic Fall at FPGA Pin ; Steady State Voh at Far-end ; Steady State Vol at Far-end ; Voh Max at Far-end ; Vol Min at Far-end ; Ringback Voltage on Rise at Far-end ; Ringback Voltage on Fall at Far-end ; 10-90 Rise Time at Far-end ; 90-10 Fall Time at Far-end ; Monotonic Rise at Far-end ; Monotonic Fall at Far-end ;
+----------+--------------+---------------------+---------------------+------------------------------+------------------------------+---------------------+---------------------+--------------------------------------+--------------------------------------+-----------------------------+-----------------------------+----------------------------+----------------------------+-----------------------------+-----------------------------+--------------------+--------------------+-------------------------------------+-------------------------------------+----------------------------+----------------------------+---------------------------+---------------------------+
; hsync    ; 2.5 V        ; 0 s                 ; 0 s                 ; 2.75 V                       ; 4.14e-06 V                   ; 2.91 V              ; -0.121 V            ; 0.326 V                              ; 0.297 V                              ; 2.74e-10 s                  ; 2.8e-10 s                   ; No                         ; No                         ; 2.75 V                      ; 4.14e-06 V                  ; 2.91 V             ; -0.121 V           ; 0.326 V                             ; 0.297 V                             ; 2.74e-10 s                 ; 2.8e-10 s                  ; No                        ; No                        ;
; vsync    ; 2.5 V        ; 0 s                 ; 0 s                 ; 2.75 V                       ; 4.25e-06 V                   ; 2.9 V               ; -0.107 V            ; 0.378 V                              ; 0.16 V                               ; 2.87e-10 s                  ; 4.28e-10 s                  ; No                         ; No                         ; 2.75 V                      ; 4.25e-06 V                  ; 2.9 V              ; -0.107 V           ; 0.378 V                             ; 0.16 V                              ; 2.87e-10 s                 ; 4.28e-10 s                 ; No                        ; No                        ;
; red[0]   ; 2.5 V        ; 0 s                 ; 0 s                 ; 2.75 V                       ; 4.14e-06 V                   ; 2.91 V              ; -0.121 V            ; 0.326 V                              ; 0.297 V                              ; 2.74e-10 s                  ; 2.8e-10 s                   ; No                         ; No                         ; 2.75 V                      ; 4.14e-06 V                  ; 2.91 V             ; -0.121 V           ; 0.326 V                             ; 0.297 V                             ; 2.74e-10 s                 ; 2.8e-10 s                  ; No                        ; No                        ;
; red[1]   ; 2.5 V        ; 0 s                 ; 0 s                 ; 2.75 V                       ; 4.25e-06 V                   ; 2.9 V               ; -0.107 V            ; 0.378 V                              ; 0.16 V                               ; 2.87e-10 s                  ; 4.28e-10 s                  ; No                         ; No                         ; 2.75 V                      ; 4.25e-06 V                  ; 2.9 V              ; -0.107 V           ; 0.378 V                             ; 0.16 V                              ; 2.87e-10 s                 ; 4.28e-10 s                 ; No                        ; No                        ;
; red[2]   ; 2.5 V        ; 0 s                 ; 0 s                 ; 2.75 V                       ; 3.54e-06 V                   ; 2.81 V              ; -0.0578 V           ; 0.303 V                              ; 0.28 V                               ; 2.93e-10 s                  ; 3.01e-10 s                  ; No                         ; No                         ; 2.75 V                      ; 3.54e-06 V                  ; 2.81 V             ; -0.0578 V          ; 0.303 V                             ; 0.28 V                              ; 2.93e-10 s                 ; 3.01e-10 s                 ; No                        ; No                        ;
; red[3]   ; 2.5 V        ; 0 s                 ; 0 s                 ; 2.75 V                       ; 3.54e-06 V                   ; 2.81 V              ; -0.0578 V           ; 0.303 V                              ; 0.28 V                               ; 2.93e-10 s                  ; 3.01e-10 s                  ; No                         ; No                         ; 2.75 V                      ; 3.54e-06 V                  ; 2.81 V             ; -0.0578 V          ; 0.303 V                             ; 0.28 V                              ; 2.93e-10 s                 ; 3.01e-10 s                 ; No                        ; No                        ;
; red[4]   ; 2.5 V        ; 0 s                 ; 0 s                 ; 2.75 V                       ; 4.14e-06 V                   ; 2.91 V              ; -0.119 V            ; 0.326 V                              ; 0.298 V                              ; 2.74e-10 s                  ; 2.8e-10 s                   ; No                         ; No                         ; 2.75 V                      ; 4.14e-06 V                  ; 2.91 V             ; -0.119 V           ; 0.326 V                             ; 0.298 V                             ; 2.74e-10 s                 ; 2.8e-10 s                  ; No                        ; No                        ;
; red[5]   ; 2.5 V        ; 0 s                 ; 0 s                 ; 2.75 V                       ; 3.54e-06 V                   ; 2.81 V              ; -0.0578 V           ; 0.303 V                              ; 0.28 V                               ; 2.93e-10 s                  ; 3.01e-10 s                  ; No                         ; No                         ; 2.75 V                      ; 3.54e-06 V                  ; 2.81 V             ; -0.0578 V          ; 0.303 V                             ; 0.28 V                              ; 2.93e-10 s                 ; 3.01e-10 s                 ; No                        ; No                        ;
; red[6]   ; 2.5 V        ; 0 s                 ; 0 s                 ; 2.75 V                       ; 4.25e-06 V                   ; 2.9 V               ; -0.107 V            ; 0.378 V                              ; 0.16 V                               ; 2.87e-10 s                  ; 4.28e-10 s                  ; No                         ; No                         ; 2.75 V                      ; 4.25e-06 V                  ; 2.9 V              ; -0.107 V           ; 0.378 V                             ; 0.16 V                              ; 2.87e-10 s                 ; 4.28e-10 s                 ; No                        ; No                        ;
; red[7]   ; 2.5 V        ; 0 s                 ; 0 s                 ; 2.75 V                       ; 4.25e-06 V                   ; 2.9 V               ; -0.107 V            ; 0.378 V                              ; 0.16 V                               ; 2.87e-10 s                  ; 4.28e-10 s                  ; No                         ; No                         ; 2.75 V                      ; 4.25e-06 V                  ; 2.9 V              ; -0.107 V           ; 0.378 V                             ; 0.16 V                              ; 2.87e-10 s                 ; 4.28e-10 s                 ; No                        ; No                        ;
; green[0] ; 2.5 V        ; 0 s                 ; 0 s                 ; 2.75 V                       ; 3.54e-06 V                   ; 2.81 V              ; -0.0578 V           ; 0.303 V                              ; 0.28 V                               ; 2.93e-10 s                  ; 3.01e-10 s                  ; No                         ; No                         ; 2.75 V                      ; 3.54e-06 V                  ; 2.81 V             ; -0.0578 V          ; 0.303 V                             ; 0.28 V                              ; 2.93e-10 s                 ; 3.01e-10 s                 ; No                        ; No                        ;
; green[1] ; 2.5 V        ; 0 s                 ; 0 s                 ; 2.75 V                       ; 4.25e-06 V                   ; 2.9 V               ; -0.107 V            ; 0.378 V                              ; 0.16 V                               ; 2.87e-10 s                  ; 4.28e-10 s                  ; No                         ; No                         ; 2.75 V                      ; 4.25e-06 V                  ; 2.9 V              ; -0.107 V           ; 0.378 V                             ; 0.16 V                              ; 2.87e-10 s                 ; 4.28e-10 s                 ; No                        ; No                        ;
; green[2] ; 2.5 V        ; 0 s                 ; 0 s                 ; 2.75 V                       ; 3.54e-06 V                   ; 2.81 V              ; -0.0578 V           ; 0.303 V                              ; 0.28 V                               ; 2.93e-10 s                  ; 3.01e-10 s                  ; No                         ; No                         ; 2.75 V                      ; 3.54e-06 V                  ; 2.81 V             ; -0.0578 V          ; 0.303 V                             ; 0.28 V                              ; 2.93e-10 s                 ; 3.01e-10 s                 ; No                        ; No                        ;
; green[3] ; 2.5 V        ; 0 s                 ; 0 s                 ; 2.75 V                       ; 4.25e-06 V                   ; 2.9 V               ; -0.107 V            ; 0.378 V                              ; 0.16 V                               ; 2.87e-10 s                  ; 4.28e-10 s                  ; No                         ; No                         ; 2.75 V                      ; 4.25e-06 V                  ; 2.9 V              ; -0.107 V           ; 0.378 V                             ; 0.16 V                              ; 2.87e-10 s                 ; 4.28e-10 s                 ; No                        ; No                        ;
; green[4] ; 2.5 V        ; 0 s                 ; 0 s                 ; 2.75 V                       ; 3.54e-06 V                   ; 2.81 V              ; -0.0578 V           ; 0.303 V                              ; 0.28 V                               ; 2.93e-10 s                  ; 3.01e-10 s                  ; No                         ; No                         ; 2.75 V                      ; 3.54e-06 V                  ; 2.81 V             ; -0.0578 V          ; 0.303 V                             ; 0.28 V                              ; 2.93e-10 s                 ; 3.01e-10 s                 ; No                        ; No                        ;
; green[5] ; 2.5 V        ; 0 s                 ; 0 s                 ; 2.75 V                       ; 4.25e-06 V                   ; 2.9 V               ; -0.107 V            ; 0.378 V                              ; 0.16 V                               ; 2.87e-10 s                  ; 4.28e-10 s                  ; No                         ; No                         ; 2.75 V                      ; 4.25e-06 V                  ; 2.9 V              ; -0.107 V           ; 0.378 V                             ; 0.16 V                              ; 2.87e-10 s                 ; 4.28e-10 s                 ; No                        ; No                        ;
; green[6] ; 2.5 V        ; 0 s                 ; 0 s                 ; 2.75 V                       ; 4.25e-06 V                   ; 2.9 V               ; -0.107 V            ; 0.378 V                              ; 0.16 V                               ; 2.87e-10 s                  ; 4.28e-10 s                  ; No                         ; No                         ; 2.75 V                      ; 4.25e-06 V                  ; 2.9 V              ; -0.107 V           ; 0.378 V                             ; 0.16 V                              ; 2.87e-10 s                 ; 4.28e-10 s                 ; No                        ; No                        ;
; green[7] ; 2.5 V        ; 0 s                 ; 0 s                 ; 2.75 V                       ; 3.54e-06 V                   ; 2.81 V              ; -0.0578 V           ; 0.303 V                              ; 0.28 V                               ; 2.93e-10 s                  ; 3.01e-10 s                  ; No                         ; No                         ; 2.75 V                      ; 3.54e-06 V                  ; 2.81 V             ; -0.0578 V          ; 0.303 V                             ; 0.28 V                              ; 2.93e-10 s                 ; 3.01e-10 s                 ; No                        ; No                        ;
; blue[0]  ; 2.5 V        ; 0 s                 ; 0 s                 ; 2.75 V                       ; 4.14e-06 V                   ; 2.91 V              ; -0.119 V            ; 0.326 V                              ; 0.298 V                              ; 2.74e-10 s                  ; 2.8e-10 s                   ; No                         ; No                         ; 2.75 V                      ; 4.14e-06 V                  ; 2.91 V             ; -0.119 V           ; 0.326 V                             ; 0.298 V                             ; 2.74e-10 s                 ; 2.8e-10 s                  ; No                        ; No                        ;
; blue[1]  ; 2.5 V        ; 0 s                 ; 0 s                 ; 2.75 V                       ; 3.54e-06 V                   ; 2.81 V              ; -0.0578 V           ; 0.303 V                              ; 0.28 V                               ; 2.93e-10 s                  ; 3.01e-10 s                  ; No                         ; No                         ; 2.75 V                      ; 3.54e-06 V                  ; 2.81 V             ; -0.0578 V          ; 0.303 V                             ; 0.28 V                              ; 2.93e-10 s                 ; 3.01e-10 s                 ; No                        ; No                        ;
; blue[2]  ; 2.5 V        ; 0 s                 ; 0 s                 ; 2.75 V                       ; 4.25e-06 V                   ; 2.9 V               ; -0.107 V            ; 0.378 V                              ; 0.16 V                               ; 2.87e-10 s                  ; 4.28e-10 s                  ; No                         ; No                         ; 2.75 V                      ; 4.25e-06 V                  ; 2.9 V              ; -0.107 V           ; 0.378 V                             ; 0.16 V                              ; 2.87e-10 s                 ; 4.28e-10 s                 ; No                        ; No                        ;
; blue[3]  ; 2.5 V        ; 0 s                 ; 0 s                 ; 2.75 V                       ; 3.54e-06 V                   ; 2.81 V              ; -0.0578 V           ; 0.303 V                              ; 0.28 V                               ; 2.93e-10 s                  ; 3.01e-10 s                  ; No                         ; No                         ; 2.75 V                      ; 3.54e-06 V                  ; 2.81 V             ; -0.0578 V          ; 0.303 V                             ; 0.28 V                              ; 2.93e-10 s                 ; 3.01e-10 s                 ; No                        ; No                        ;
; blue[4]  ; 2.5 V        ; 0 s                 ; 0 s                 ; 2.75 V                       ; 4.25e-06 V                   ; 2.9 V               ; -0.107 V            ; 0.378 V                              ; 0.16 V                               ; 2.87e-10 s                  ; 4.28e-10 s                  ; No                         ; No                         ; 2.75 V                      ; 4.25e-06 V                  ; 2.9 V              ; -0.107 V           ; 0.378 V                             ; 0.16 V                              ; 2.87e-10 s                 ; 4.28e-10 s                 ; No                        ; No                        ;
; blue[5]  ; 2.5 V        ; 0 s                 ; 0 s                 ; 2.75 V                       ; 4.25e-06 V                   ; 2.9 V               ; -0.107 V            ; 0.378 V                              ; 0.16 V                               ; 2.87e-10 s                  ; 4.28e-10 s                  ; No                         ; No                         ; 2.75 V                      ; 4.25e-06 V                  ; 2.9 V              ; -0.107 V           ; 0.378 V                             ; 0.16 V                              ; 2.87e-10 s                 ; 4.28e-10 s                 ; No                        ; No                        ;
; blue[6]  ; 2.5 V        ; 0 s                 ; 0 s                 ; 2.75 V                       ; 3.54e-06 V                   ; 2.81 V              ; -0.0578 V           ; 0.303 V                              ; 0.28 V                               ; 2.93e-10 s                  ; 3.01e-10 s                  ; No                         ; No                         ; 2.75 V                      ; 3.54e-06 V                  ; 2.81 V             ; -0.0578 V          ; 0.303 V                             ; 0.28 V                              ; 2.93e-10 s                 ; 3.01e-10 s                 ; No                        ; No                        ;
; blue[7]  ; 2.5 V        ; 0 s                 ; 0 s                 ; 2.75 V                       ; 3.54e-06 V                   ; 2.81 V              ; -0.0578 V           ; 0.303 V                              ; 0.28 V                               ; 2.93e-10 s                  ; 3.01e-10 s                  ; No                         ; No                         ; 2.75 V                      ; 3.54e-06 V                  ; 2.81 V             ; -0.0578 V          ; 0.303 V                             ; 0.28 V                              ; 2.93e-10 s                 ; 3.01e-10 s                 ; No                        ; No                        ;
; sync     ; 2.5 V        ; 0 s                 ; 0 s                 ; 2.75 V                       ; 4.14e-06 V                   ; 2.91 V              ; -0.119 V            ; 0.326 V                              ; 0.298 V                              ; 2.74e-10 s                  ; 2.8e-10 s                   ; No                         ; No                         ; 2.75 V                      ; 4.14e-06 V                  ; 2.91 V             ; -0.119 V           ; 0.326 V                             ; 0.298 V                             ; 2.74e-10 s                 ; 2.8e-10 s                  ; No                        ; No                        ;
; clk_out  ; 2.5 V        ; 0 s                 ; 0 s                 ; 2.75 V                       ; 4.14e-06 V                   ; 2.91 V              ; -0.119 V            ; 0.326 V                              ; 0.298 V                              ; 2.74e-10 s                  ; 2.8e-10 s                   ; No                         ; No                         ; 2.75 V                      ; 4.14e-06 V                  ; 2.91 V             ; -0.119 V           ; 0.326 V                             ; 0.298 V                             ; 2.74e-10 s                 ; 2.8e-10 s                  ; No                        ; No                        ;
; blank    ; 2.5 V        ; 0 s                 ; 0 s                 ; 2.75 V                       ; 3.54e-06 V                   ; 2.81 V              ; -0.0578 V           ; 0.303 V                              ; 0.28 V                               ; 2.93e-10 s                  ; 3.01e-10 s                  ; No                         ; No                         ; 2.75 V                      ; 3.54e-06 V                  ; 2.81 V             ; -0.0578 V          ; 0.303 V                             ; 0.28 V                              ; 2.93e-10 s                 ; 3.01e-10 s                 ; No                        ; No                        ;
+----------+--------------+---------------------+---------------------+------------------------------+------------------------------+---------------------+---------------------+--------------------------------------+--------------------------------------+-----------------------------+-----------------------------+----------------------------+----------------------------+-----------------------------+-----------------------------+--------------------+--------------------+-------------------------------------+-------------------------------------+----------------------------+----------------------------+---------------------------+---------------------------+


+---------------------------------------------------------------------------------------------------------------------------------------------------------------------------------------------------------------------------------------------------------------------------------------------------------------------------------------------------------------------------------------------------------------------------------------------------------------------------------------------------------------------------------------------------------------------------------------------------------------------------------------------------------------------------------------+
; Signal Integrity Metrics (Fast 1100mv 85c Model)                                                                                                                                                                                                                                                                                                                                                                                                                                                                                                                                                                                                                                      ;
+----------+--------------+---------------------+---------------------+------------------------------+------------------------------+---------------------+---------------------+--------------------------------------+--------------------------------------+-----------------------------+-----------------------------+----------------------------+----------------------------+-----------------------------+-----------------------------+--------------------+--------------------+-------------------------------------+-------------------------------------+----------------------------+----------------------------+---------------------------+---------------------------+
; Pin      ; I/O Standard ; Board Delay on Rise ; Board Delay on Fall ; Steady State Voh at FPGA Pin ; Steady State Vol at FPGA Pin ; Voh Max at FPGA Pin ; Vol Min at FPGA Pin ; Ringback Voltage on Rise at FPGA Pin ; Ringback Voltage on Fall at FPGA Pin ; 10-90 Rise Time at FPGA Pin ; 90-10 Fall Time at FPGA Pin ; Monotonic Rise at FPGA Pin ; Monotonic Fall at FPGA Pin ; Steady State Voh at Far-end ; Steady State Vol at Far-end ; Voh Max at Far-end ; Vol Min at Far-end ; Ringback Voltage on Rise at Far-end ; Ringback Voltage on Fall at Far-end ; 10-90 Rise Time at Far-end ; 90-10 Fall Time at Far-end ; Monotonic Rise at Far-end ; Monotonic Fall at Far-end ;
+----------+--------------+---------------------+---------------------+------------------------------+------------------------------+---------------------+---------------------+--------------------------------------+--------------------------------------+-----------------------------+-----------------------------+----------------------------+----------------------------+-----------------------------+-----------------------------+--------------------+--------------------+-------------------------------------+-------------------------------------+----------------------------+----------------------------+---------------------------+---------------------------+
; hsync    ; 2.5 V        ; 0 s                 ; 0 s                 ; 2.75 V                       ; 0.000242 V                   ; 2.86 V              ; -0.0814 V           ; 0.36 V                               ; 0.156 V                              ; 3e-10 s                     ; 4.34e-10 s                  ; No                         ; No                         ; 2.75 V                      ; 0.000242 V                  ; 2.86 V             ; -0.0814 V          ; 0.36 V                              ; 0.156 V                             ; 3e-10 s                    ; 4.34e-10 s                 ; No                        ; No                        ;
; vsync    ; 2.5 V        ; 0 s                 ; 0 s                 ; 2.75 V                       ; 0.000247 V                   ; 2.85 V              ; -0.0711 V           ; 0.204 V                              ; 0.181 V                              ; 4.55e-10 s                  ; 4.49e-10 s                  ; No                         ; No                         ; 2.75 V                      ; 0.000247 V                  ; 2.85 V             ; -0.0711 V          ; 0.204 V                             ; 0.181 V                             ; 4.55e-10 s                 ; 4.49e-10 s                 ; No                        ; No                        ;
; red[0]   ; 2.5 V        ; 0 s                 ; 0 s                 ; 2.75 V                       ; 0.000242 V                   ; 2.86 V              ; -0.0814 V           ; 0.36 V                               ; 0.156 V                              ; 3e-10 s                     ; 4.34e-10 s                  ; No                         ; No                         ; 2.75 V                      ; 0.000242 V                  ; 2.86 V             ; -0.0814 V          ; 0.36 V                              ; 0.156 V                             ; 3e-10 s                    ; 4.34e-10 s                 ; No                        ; No                        ;
; red[1]   ; 2.5 V        ; 0 s                 ; 0 s                 ; 2.75 V                       ; 0.000247 V                   ; 2.85 V              ; -0.0711 V           ; 0.204 V                              ; 0.181 V                              ; 4.55e-10 s                  ; 4.49e-10 s                  ; No                         ; No                         ; 2.75 V                      ; 0.000247 V                  ; 2.85 V             ; -0.0711 V          ; 0.204 V                             ; 0.181 V                             ; 4.55e-10 s                 ; 4.49e-10 s                 ; No                        ; No                        ;
; red[2]   ; 2.5 V        ; 0 s                 ; 0 s                 ; 2.75 V                       ; 0.000213 V                   ; 2.79 V              ; -0.0324 V           ; 0.139 V                              ; 0.119 V                              ; 4.42e-10 s                  ; 4.33e-10 s                  ; No                         ; Yes                        ; 2.75 V                      ; 0.000213 V                  ; 2.79 V             ; -0.0324 V          ; 0.139 V                             ; 0.119 V                             ; 4.42e-10 s                 ; 4.33e-10 s                 ; No                        ; Yes                       ;
; red[3]   ; 2.5 V        ; 0 s                 ; 0 s                 ; 2.75 V                       ; 0.000213 V                   ; 2.79 V              ; -0.0324 V           ; 0.139 V                              ; 0.119 V                              ; 4.42e-10 s                  ; 4.33e-10 s                  ; No                         ; Yes                        ; 2.75 V                      ; 0.000213 V                  ; 2.79 V             ; -0.0324 V          ; 0.139 V                             ; 0.119 V                             ; 4.42e-10 s                 ; 4.33e-10 s                 ; No                        ; Yes                       ;
; red[4]   ; 2.5 V        ; 0 s                 ; 0 s                 ; 2.75 V                       ; 0.000242 V                   ; 2.86 V              ; -0.0805 V           ; 0.358 V                              ; 0.156 V                              ; 3.01e-10 s                  ; 4.34e-10 s                  ; No                         ; No                         ; 2.75 V                      ; 0.000242 V                  ; 2.86 V             ; -0.0805 V          ; 0.358 V                             ; 0.156 V                             ; 3.01e-10 s                 ; 4.34e-10 s                 ; No                        ; No                        ;
; red[5]   ; 2.5 V        ; 0 s                 ; 0 s                 ; 2.75 V                       ; 0.000213 V                   ; 2.79 V              ; -0.0324 V           ; 0.139 V                              ; 0.119 V                              ; 4.42e-10 s                  ; 4.33e-10 s                  ; No                         ; Yes                        ; 2.75 V                      ; 0.000213 V                  ; 2.79 V             ; -0.0324 V          ; 0.139 V                             ; 0.119 V                             ; 4.42e-10 s                 ; 4.33e-10 s                 ; No                        ; Yes                       ;
; red[6]   ; 2.5 V        ; 0 s                 ; 0 s                 ; 2.75 V                       ; 0.000247 V                   ; 2.85 V              ; -0.0711 V           ; 0.204 V                              ; 0.181 V                              ; 4.55e-10 s                  ; 4.49e-10 s                  ; No                         ; No                         ; 2.75 V                      ; 0.000247 V                  ; 2.85 V             ; -0.0711 V          ; 0.204 V                             ; 0.181 V                             ; 4.55e-10 s                 ; 4.49e-10 s                 ; No                        ; No                        ;
; red[7]   ; 2.5 V        ; 0 s                 ; 0 s                 ; 2.75 V                       ; 0.000247 V                   ; 2.85 V              ; -0.0711 V           ; 0.204 V                              ; 0.181 V                              ; 4.55e-10 s                  ; 4.49e-10 s                  ; No                         ; No                         ; 2.75 V                      ; 0.000247 V                  ; 2.85 V             ; -0.0711 V          ; 0.204 V                             ; 0.181 V                             ; 4.55e-10 s                 ; 4.49e-10 s                 ; No                        ; No                        ;
; green[0] ; 2.5 V        ; 0 s                 ; 0 s                 ; 2.75 V                       ; 0.000213 V                   ; 2.79 V              ; -0.0324 V           ; 0.139 V                              ; 0.119 V                              ; 4.42e-10 s                  ; 4.33e-10 s                  ; No                         ; Yes                        ; 2.75 V                      ; 0.000213 V                  ; 2.79 V             ; -0.0324 V          ; 0.139 V                             ; 0.119 V                             ; 4.42e-10 s                 ; 4.33e-10 s                 ; No                        ; Yes                       ;
; green[1] ; 2.5 V        ; 0 s                 ; 0 s                 ; 2.75 V                       ; 0.000247 V                   ; 2.85 V              ; -0.0711 V           ; 0.204 V                              ; 0.181 V                              ; 4.55e-10 s                  ; 4.49e-10 s                  ; No                         ; No                         ; 2.75 V                      ; 0.000247 V                  ; 2.85 V             ; -0.0711 V          ; 0.204 V                             ; 0.181 V                             ; 4.55e-10 s                 ; 4.49e-10 s                 ; No                        ; No                        ;
; green[2] ; 2.5 V        ; 0 s                 ; 0 s                 ; 2.75 V                       ; 0.000213 V                   ; 2.79 V              ; -0.0324 V           ; 0.139 V                              ; 0.119 V                              ; 4.42e-10 s                  ; 4.33e-10 s                  ; No                         ; Yes                        ; 2.75 V                      ; 0.000213 V                  ; 2.79 V             ; -0.0324 V          ; 0.139 V                             ; 0.119 V                             ; 4.42e-10 s                 ; 4.33e-10 s                 ; No                        ; Yes                       ;
; green[3] ; 2.5 V        ; 0 s                 ; 0 s                 ; 2.75 V                       ; 0.000247 V                   ; 2.85 V              ; -0.0711 V           ; 0.204 V                              ; 0.181 V                              ; 4.55e-10 s                  ; 4.49e-10 s                  ; No                         ; No                         ; 2.75 V                      ; 0.000247 V                  ; 2.85 V             ; -0.0711 V          ; 0.204 V                             ; 0.181 V                             ; 4.55e-10 s                 ; 4.49e-10 s                 ; No                        ; No                        ;
; green[4] ; 2.5 V        ; 0 s                 ; 0 s                 ; 2.75 V                       ; 0.000213 V                   ; 2.79 V              ; -0.0324 V           ; 0.139 V                              ; 0.119 V                              ; 4.42e-10 s                  ; 4.33e-10 s                  ; No                         ; Yes                        ; 2.75 V                      ; 0.000213 V                  ; 2.79 V             ; -0.0324 V          ; 0.139 V                             ; 0.119 V                             ; 4.42e-10 s                 ; 4.33e-10 s                 ; No                        ; Yes                       ;
; green[5] ; 2.5 V        ; 0 s                 ; 0 s                 ; 2.75 V                       ; 0.000247 V                   ; 2.85 V              ; -0.0711 V           ; 0.204 V                              ; 0.181 V                              ; 4.55e-10 s                  ; 4.49e-10 s                  ; No                         ; No                         ; 2.75 V                      ; 0.000247 V                  ; 2.85 V             ; -0.0711 V          ; 0.204 V                             ; 0.181 V                             ; 4.55e-10 s                 ; 4.49e-10 s                 ; No                        ; No                        ;
; green[6] ; 2.5 V        ; 0 s                 ; 0 s                 ; 2.75 V                       ; 0.000247 V                   ; 2.85 V              ; -0.0711 V           ; 0.204 V                              ; 0.181 V                              ; 4.55e-10 s                  ; 4.49e-10 s                  ; No                         ; No                         ; 2.75 V                      ; 0.000247 V                  ; 2.85 V             ; -0.0711 V          ; 0.204 V                             ; 0.181 V                             ; 4.55e-10 s                 ; 4.49e-10 s                 ; No                        ; No                        ;
; green[7] ; 2.5 V        ; 0 s                 ; 0 s                 ; 2.75 V                       ; 0.000213 V                   ; 2.79 V              ; -0.0324 V           ; 0.139 V                              ; 0.119 V                              ; 4.42e-10 s                  ; 4.33e-10 s                  ; No                         ; Yes                        ; 2.75 V                      ; 0.000213 V                  ; 2.79 V             ; -0.0324 V          ; 0.139 V                             ; 0.119 V                             ; 4.42e-10 s                 ; 4.33e-10 s                 ; No                        ; Yes                       ;
; blue[0]  ; 2.5 V        ; 0 s                 ; 0 s                 ; 2.75 V                       ; 0.000242 V                   ; 2.86 V              ; -0.0805 V           ; 0.358 V                              ; 0.156 V                              ; 3.01e-10 s                  ; 4.34e-10 s                  ; No                         ; No                         ; 2.75 V                      ; 0.000242 V                  ; 2.86 V             ; -0.0805 V          ; 0.358 V                             ; 0.156 V                             ; 3.01e-10 s                 ; 4.34e-10 s                 ; No                        ; No                        ;
; blue[1]  ; 2.5 V        ; 0 s                 ; 0 s                 ; 2.75 V                       ; 0.000213 V                   ; 2.79 V              ; -0.0324 V           ; 0.139 V                              ; 0.119 V                              ; 4.42e-10 s                  ; 4.33e-10 s                  ; No                         ; Yes                        ; 2.75 V                      ; 0.000213 V                  ; 2.79 V             ; -0.0324 V          ; 0.139 V                             ; 0.119 V                             ; 4.42e-10 s                 ; 4.33e-10 s                 ; No                        ; Yes                       ;
; blue[2]  ; 2.5 V        ; 0 s                 ; 0 s                 ; 2.75 V                       ; 0.000247 V                   ; 2.85 V              ; -0.0711 V           ; 0.204 V                              ; 0.181 V                              ; 4.55e-10 s                  ; 4.49e-10 s                  ; No                         ; No                         ; 2.75 V                      ; 0.000247 V                  ; 2.85 V             ; -0.0711 V          ; 0.204 V                             ; 0.181 V                             ; 4.55e-10 s                 ; 4.49e-10 s                 ; No                        ; No                        ;
; blue[3]  ; 2.5 V        ; 0 s                 ; 0 s                 ; 2.75 V                       ; 0.000213 V                   ; 2.79 V              ; -0.0324 V           ; 0.139 V                              ; 0.119 V                              ; 4.42e-10 s                  ; 4.33e-10 s                  ; No                         ; Yes                        ; 2.75 V                      ; 0.000213 V                  ; 2.79 V             ; -0.0324 V          ; 0.139 V                             ; 0.119 V                             ; 4.42e-10 s                 ; 4.33e-10 s                 ; No                        ; Yes                       ;
; blue[4]  ; 2.5 V        ; 0 s                 ; 0 s                 ; 2.75 V                       ; 0.000247 V                   ; 2.85 V              ; -0.0711 V           ; 0.204 V                              ; 0.181 V                              ; 4.55e-10 s                  ; 4.49e-10 s                  ; No                         ; No                         ; 2.75 V                      ; 0.000247 V                  ; 2.85 V             ; -0.0711 V          ; 0.204 V                             ; 0.181 V                             ; 4.55e-10 s                 ; 4.49e-10 s                 ; No                        ; No                        ;
; blue[5]  ; 2.5 V        ; 0 s                 ; 0 s                 ; 2.75 V                       ; 0.000247 V                   ; 2.85 V              ; -0.0711 V           ; 0.204 V                              ; 0.181 V                              ; 4.55e-10 s                  ; 4.49e-10 s                  ; No                         ; No                         ; 2.75 V                      ; 0.000247 V                  ; 2.85 V             ; -0.0711 V          ; 0.204 V                             ; 0.181 V                             ; 4.55e-10 s                 ; 4.49e-10 s                 ; No                        ; No                        ;
; blue[6]  ; 2.5 V        ; 0 s                 ; 0 s                 ; 2.75 V                       ; 0.000213 V                   ; 2.79 V              ; -0.0324 V           ; 0.139 V                              ; 0.119 V                              ; 4.42e-10 s                  ; 4.33e-10 s                  ; No                         ; Yes                        ; 2.75 V                      ; 0.000213 V                  ; 2.79 V             ; -0.0324 V          ; 0.139 V                             ; 0.119 V                             ; 4.42e-10 s                 ; 4.33e-10 s                 ; No                        ; Yes                       ;
; blue[7]  ; 2.5 V        ; 0 s                 ; 0 s                 ; 2.75 V                       ; 0.000213 V                   ; 2.79 V              ; -0.0324 V           ; 0.139 V                              ; 0.119 V                              ; 4.42e-10 s                  ; 4.33e-10 s                  ; No                         ; Yes                        ; 2.75 V                      ; 0.000213 V                  ; 2.79 V             ; -0.0324 V          ; 0.139 V                             ; 0.119 V                             ; 4.42e-10 s                 ; 4.33e-10 s                 ; No                        ; Yes                       ;
; sync     ; 2.5 V        ; 0 s                 ; 0 s                 ; 2.75 V                       ; 0.000242 V                   ; 2.86 V              ; -0.0805 V           ; 0.358 V                              ; 0.156 V                              ; 3.01e-10 s                  ; 4.34e-10 s                  ; No                         ; No                         ; 2.75 V                      ; 0.000242 V                  ; 2.86 V             ; -0.0805 V          ; 0.358 V                             ; 0.156 V                             ; 3.01e-10 s                 ; 4.34e-10 s                 ; No                        ; No                        ;
; clk_out  ; 2.5 V        ; 0 s                 ; 0 s                 ; 2.75 V                       ; 0.000242 V                   ; 2.86 V              ; -0.0805 V           ; 0.358 V                              ; 0.156 V                              ; 3.01e-10 s                  ; 4.34e-10 s                  ; No                         ; No                         ; 2.75 V                      ; 0.000242 V                  ; 2.86 V             ; -0.0805 V          ; 0.358 V                             ; 0.156 V                             ; 3.01e-10 s                 ; 4.34e-10 s                 ; No                        ; No                        ;
; blank    ; 2.5 V        ; 0 s                 ; 0 s                 ; 2.75 V                       ; 0.000213 V                   ; 2.79 V              ; -0.0324 V           ; 0.139 V                              ; 0.119 V                              ; 4.42e-10 s                  ; 4.33e-10 s                  ; No                         ; Yes                        ; 2.75 V                      ; 0.000213 V                  ; 2.79 V             ; -0.0324 V          ; 0.139 V                             ; 0.119 V                             ; 4.42e-10 s                 ; 4.33e-10 s                 ; No                        ; Yes                       ;
+----------+--------------+---------------------+---------------------+------------------------------+------------------------------+---------------------+---------------------+--------------------------------------+--------------------------------------+-----------------------------+-----------------------------+----------------------------+----------------------------+-----------------------------+-----------------------------+--------------------+--------------------+-------------------------------------+-------------------------------------+----------------------------+----------------------------+---------------------------+---------------------------+


+-------------------------------------------------------------------------------------------------------------------------------------+
; Setup Transfers                                                                                                                     ;
+--------------------------------------------+--------------------------------------------+----------+----------+----------+----------+
; From Clock                                 ; To Clock                                   ; RR Paths ; FR Paths ; RF Paths ; FF Paths ;
+--------------------------------------------+--------------------------------------------+----------+----------+----------+----------+
; clock_divider:clock_divider_inst|clock_out ; clock_50                                   ; 1        ; 1        ; 0        ; 0        ;
; clock_divider:clock_divider_inst|clock_out ; clock_divider:clock_divider_inst|clock_out ; 1147307  ; 56745    ; 3309     ; 3689     ;
+--------------------------------------------+--------------------------------------------+----------+----------+----------+----------+
Entries labeled "false path" only account for clock-to-clock false paths and not path-based false paths. As a result, actual path counts may be lower than reported.


+-------------------------------------------------------------------------------------------------------------------------------------+
; Hold Transfers                                                                                                                      ;
+--------------------------------------------+--------------------------------------------+----------+----------+----------+----------+
; From Clock                                 ; To Clock                                   ; RR Paths ; FR Paths ; RF Paths ; FF Paths ;
+--------------------------------------------+--------------------------------------------+----------+----------+----------+----------+
; clock_divider:clock_divider_inst|clock_out ; clock_50                                   ; 1        ; 1        ; 0        ; 0        ;
; clock_divider:clock_divider_inst|clock_out ; clock_divider:clock_divider_inst|clock_out ; 1147307  ; 56745    ; 3309     ; 3689     ;
+--------------------------------------------+--------------------------------------------+----------+----------+----------+----------+
Entries labeled "false path" only account for clock-to-clock false paths and not path-based false paths. As a result, actual path counts may be lower than reported.


+-------------------------------------------------------------------------------------------------------------------------------------+
; Recovery Transfers                                                                                                                  ;
+--------------------------------------------+--------------------------------------------+----------+----------+----------+----------+
; From Clock                                 ; To Clock                                   ; RR Paths ; FR Paths ; RF Paths ; FF Paths ;
+--------------------------------------------+--------------------------------------------+----------+----------+----------+----------+
; clock_divider:clock_divider_inst|clock_out ; clock_divider:clock_divider_inst|clock_out ; 48       ; 0        ; 0        ; 0        ;
+--------------------------------------------+--------------------------------------------+----------+----------+----------+----------+
Entries labeled "false path" only account for clock-to-clock false paths and not path-based false paths. As a result, actual path counts may be lower than reported.


+-------------------------------------------------------------------------------------------------------------------------------------+
; Removal Transfers                                                                                                                   ;
+--------------------------------------------+--------------------------------------------+----------+----------+----------+----------+
; From Clock                                 ; To Clock                                   ; RR Paths ; FR Paths ; RF Paths ; FF Paths ;
+--------------------------------------------+--------------------------------------------+----------+----------+----------+----------+
; clock_divider:clock_divider_inst|clock_out ; clock_divider:clock_divider_inst|clock_out ; 48       ; 0        ; 0        ; 0        ;
+--------------------------------------------+--------------------------------------------+----------+----------+----------+----------+
Entries labeled "false path" only account for clock-to-clock false paths and not path-based false paths. As a result, actual path counts may be lower than reported.


---------------
; Report TCCS ;
---------------
No dedicated SERDES Transmitter circuitry present in device or used in design


---------------
; Report RSKM ;
---------------
No non-DPA dedicated SERDES Receiver circuitry present in device or used in design


+-------------------------------------------------+
; Unconstrained Paths Summary                     ;
+---------------------------------+-------+-------+
; Property                        ; Setup ; Hold  ;
+---------------------------------+-------+-------+
; Illegal Clocks                  ; 0     ; 0     ;
; Unconstrained Clocks            ; 0     ; 0     ;
; Unconstrained Input Ports       ; 4     ; 4     ;
; Unconstrained Input Port Paths  ; 10385 ; 10385 ;
; Unconstrained Output Ports      ; 28    ; 28    ;
; Unconstrained Output Port Paths ; 29    ; 29    ;
+---------------------------------+-------+-------+


+--------------------------------------------------------------------------------------------------------------+
; Clock Status Summary                                                                                         ;
+--------------------------------------------+--------------------------------------------+------+-------------+
; Target                                     ; Clock                                      ; Type ; Status      ;
+--------------------------------------------+--------------------------------------------+------+-------------+
; clock_50                                   ; clock_50                                   ; Base ; Constrained ;
; clock_divider:clock_divider_inst|clock_out ; clock_divider:clock_divider_inst|clock_out ; Base ; Constrained ;
+--------------------------------------------+--------------------------------------------+------+-------------+


+---------------------------------------------------------------------------------------------------------+
; Unconstrained Input Ports                                                                               ;
+------------------+--------------------------------------------------------------------------------------+
; Input Port       ; Comment                                                                              ;
+------------------+--------------------------------------------------------------------------------------+
; algorithm_select ; No input delay, min/max delays, false-path exceptions, or max skew assignments found ;
; reset_button     ; No input delay, min/max delays, false-path exceptions, or max skew assignments found ;
; zoom_in_button   ; No input delay, min/max delays, false-path exceptions, or max skew assignments found ;
; zoom_out_button  ; No input delay, min/max delays, false-path exceptions, or max skew assignments found ;
+------------------+--------------------------------------------------------------------------------------+


+-----------------------------------------------------------------------------------------------------+
; Unconstrained Output Ports                                                                          ;
+-------------+---------------------------------------------------------------------------------------+
; Output Port ; Comment                                                                               ;
+-------------+---------------------------------------------------------------------------------------+
; blank       ; No output delay, min/max delays, false-path exceptions, or max skew assignments found ;
; blue[0]     ; No output delay, min/max delays, false-path exceptions, or max skew assignments found ;
; blue[1]     ; No output delay, min/max delays, false-path exceptions, or max skew assignments found ;
; blue[2]     ; No output delay, min/max delays, false-path exceptions, or max skew assignments found ;
; blue[3]     ; No output delay, min/max delays, false-path exceptions, or max skew assignments found ;
; blue[4]     ; No output delay, min/max delays, false-path exceptions, or max skew assignments found ;
; blue[5]     ; No output delay, min/max delays, false-path exceptions, or max skew assignments found ;
; blue[6]     ; No output delay, min/max delays, false-path exceptions, or max skew assignments found ;
; blue[7]     ; No output delay, min/max delays, false-path exceptions, or max skew assignments found ;
; clk_out     ; No output delay, min/max delays, false-path exceptions, or max skew assignments found ;
; green[0]    ; No output delay, min/max delays, false-path exceptions, or max skew assignments found ;
; green[1]    ; No output delay, min/max delays, false-path exceptions, or max skew assignments found ;
; green[2]    ; No output delay, min/max delays, false-path exceptions, or max skew assignments found ;
; green[3]    ; No output delay, min/max delays, false-path exceptions, or max skew assignments found ;
; green[4]    ; No output delay, min/max delays, false-path exceptions, or max skew assignments found ;
; green[5]    ; No output delay, min/max delays, false-path exceptions, or max skew assignments found ;
; green[6]    ; No output delay, min/max delays, false-path exceptions, or max skew assignments found ;
; green[7]    ; No output delay, min/max delays, false-path exceptions, or max skew assignments found ;
; hsync       ; No output delay, min/max delays, false-path exceptions, or max skew assignments found ;
; red[0]      ; No output delay, min/max delays, false-path exceptions, or max skew assignments found ;
; red[1]      ; No output delay, min/max delays, false-path exceptions, or max skew assignments found ;
; red[2]      ; No output delay, min/max delays, false-path exceptions, or max skew assignments found ;
; red[3]      ; No output delay, min/max delays, false-path exceptions, or max skew assignments found ;
; red[4]      ; No output delay, min/max delays, false-path exceptions, or max skew assignments found ;
; red[5]      ; No output delay, min/max delays, false-path exceptions, or max skew assignments found ;
; red[6]      ; No output delay, min/max delays, false-path exceptions, or max skew assignments found ;
; red[7]      ; No output delay, min/max delays, false-path exceptions, or max skew assignments found ;
; vsync       ; No output delay, min/max delays, false-path exceptions, or max skew assignments found ;
+-------------+---------------------------------------------------------------------------------------+


+---------------------------------------------------------------------------------------------------------+
; Unconstrained Input Ports                                                                               ;
+------------------+--------------------------------------------------------------------------------------+
; Input Port       ; Comment                                                                              ;
+------------------+--------------------------------------------------------------------------------------+
; algorithm_select ; No input delay, min/max delays, false-path exceptions, or max skew assignments found ;
; reset_button     ; No input delay, min/max delays, false-path exceptions, or max skew assignments found ;
; zoom_in_button   ; No input delay, min/max delays, false-path exceptions, or max skew assignments found ;
; zoom_out_button  ; No input delay, min/max delays, false-path exceptions, or max skew assignments found ;
+------------------+--------------------------------------------------------------------------------------+


+-----------------------------------------------------------------------------------------------------+
; Unconstrained Output Ports                                                                          ;
+-------------+---------------------------------------------------------------------------------------+
; Output Port ; Comment                                                                               ;
+-------------+---------------------------------------------------------------------------------------+
; blank       ; No output delay, min/max delays, false-path exceptions, or max skew assignments found ;
; blue[0]     ; No output delay, min/max delays, false-path exceptions, or max skew assignments found ;
; blue[1]     ; No output delay, min/max delays, false-path exceptions, or max skew assignments found ;
; blue[2]     ; No output delay, min/max delays, false-path exceptions, or max skew assignments found ;
; blue[3]     ; No output delay, min/max delays, false-path exceptions, or max skew assignments found ;
; blue[4]     ; No output delay, min/max delays, false-path exceptions, or max skew assignments found ;
; blue[5]     ; No output delay, min/max delays, false-path exceptions, or max skew assignments found ;
; blue[6]     ; No output delay, min/max delays, false-path exceptions, or max skew assignments found ;
; blue[7]     ; No output delay, min/max delays, false-path exceptions, or max skew assignments found ;
; clk_out     ; No output delay, min/max delays, false-path exceptions, or max skew assignments found ;
; green[0]    ; No output delay, min/max delays, false-path exceptions, or max skew assignments found ;
; green[1]    ; No output delay, min/max delays, false-path exceptions, or max skew assignments found ;
; green[2]    ; No output delay, min/max delays, false-path exceptions, or max skew assignments found ;
; green[3]    ; No output delay, min/max delays, false-path exceptions, or max skew assignments found ;
; green[4]    ; No output delay, min/max delays, false-path exceptions, or max skew assignments found ;
; green[5]    ; No output delay, min/max delays, false-path exceptions, or max skew assignments found ;
; green[6]    ; No output delay, min/max delays, false-path exceptions, or max skew assignments found ;
; green[7]    ; No output delay, min/max delays, false-path exceptions, or max skew assignments found ;
; hsync       ; No output delay, min/max delays, false-path exceptions, or max skew assignments found ;
; red[0]      ; No output delay, min/max delays, false-path exceptions, or max skew assignments found ;
; red[1]      ; No output delay, min/max delays, false-path exceptions, or max skew assignments found ;
; red[2]      ; No output delay, min/max delays, false-path exceptions, or max skew assignments found ;
; red[3]      ; No output delay, min/max delays, false-path exceptions, or max skew assignments found ;
; red[4]      ; No output delay, min/max delays, false-path exceptions, or max skew assignments found ;
; red[5]      ; No output delay, min/max delays, false-path exceptions, or max skew assignments found ;
; red[6]      ; No output delay, min/max delays, false-path exceptions, or max skew assignments found ;
; red[7]      ; No output delay, min/max delays, false-path exceptions, or max skew assignments found ;
; vsync       ; No output delay, min/max delays, false-path exceptions, or max skew assignments found ;
+-------------+---------------------------------------------------------------------------------------+


+--------------------------+
; Timing Analyzer Messages ;
+--------------------------+
Info: *******************************************************************
Info: Running Quartus Prime Timing Analyzer
    Info: Version 24.1std.0 Build 1077 03/04/2025 SC Lite Edition
    Info: Processing started: Fri Oct  3 20:35:09 2025
Info: Command: quartus_sta zoom_digital -c zoom_digital
Info: qsta_default_script.tcl version: #1
Warning (18236): Number of processors has not been specified which may cause overloading on shared machines.  Set the global assignment NUM_PARALLEL_PROCESSORS in your QSF to an appropriate value for best performance.
Info (20030): Parallel compilation is enabled and will use 4 of the 4 processors detected
Info (21077): Low junction temperature is 0 degrees C
Info (21077): High junction temperature is 85 degrees C
Critical Warning (332012): Synopsys Design Constraints File file not found: 'zoom_digital.sdc'. A Synopsys Design Constraints File is required by the Timing Analyzer to get proper timing constraints. Without it, the Compiler will not properly optimize the design.
Info (332142): No user constrained base clocks found in the design. Calling "derive_clocks -period 1.0"
Info (332105): Deriving Clocks
    Info (332105): create_clock -period 1.000 -name clock_divider:clock_divider_inst|clock_out clock_divider:clock_divider_inst|clock_out
    Info (332105): create_clock -period 1.000 -name clock_50 clock_50
Info (332143): No user constrained clock uncertainty found in the design. Calling "derive_clock_uncertainty"
Info (332123): Deriving Clock Uncertainty. Please refer to report_sdc in the Timing Analyzer to see clock uncertainties.
Info: Found TIMING_ANALYZER_REPORT_SCRIPT_INCLUDE_DEFAULT_ANALYSIS = ON
Info: Analyzing Slow 1100mV 85C Model
Critical Warning (332148): Timing requirements not met
    Info (11105): For recommendations on closing timing, run Report Timing Closure Recommendations in the Timing Analyzer.
Info (332146): Worst-case setup slack is -8.690
    Info (332119):     Slack       End Point TNS Clock 
    Info (332119): ========= =================== =====================
    Info (332119):    -8.690          -74593.344 clock_divider:clock_divider_inst|clock_out 
    Info (332119):    -2.594              -2.594 clock_50 
Info (332146): Worst-case hold slack is 0.025
    Info (332119):     Slack       End Point TNS Clock 
    Info (332119): ========= =================== =====================
    Info (332119):     0.025               0.000 clock_divider:clock_divider_inst|clock_out 
    Info (332119):     1.193               0.000 clock_50 
Info (332146): Worst-case recovery slack is -1.255
    Info (332119):     Slack       End Point TNS Clock 
    Info (332119): ========= =================== =====================
    Info (332119):    -1.255             -49.677 clock_divider:clock_divider_inst|clock_out 
Info (332146): Worst-case removal slack is 0.739
    Info (332119):     Slack       End Point TNS Clock 
    Info (332119): ========= =================== =====================
    Info (332119):     0.739               0.000 clock_divider:clock_divider_inst|clock_out 
Info (332146): Worst-case minimum pulse width slack is -2.174
    Info (332119):     Slack       End Point TNS Clock 
    Info (332119): ========= =================== =====================
    Info (332119):    -2.174          -35418.254 clock_divider:clock_divider_inst|clock_out 
    Info (332119):    -0.578              -0.972 clock_50 
Info (332114): Report Metastability: Found 306 synchronizer chains.
    Info (332114): Design MTBF is not calculated because the design doesn't meet its timing requirements.
Info: Analyzing Slow 1100mV 0C Model
Info (334003): Started post-fitting delay annotation
Info (334004): Delay annotation completed successfully
Info (332123): Deriving Clock Uncertainty. Please refer to report_sdc in the Timing Analyzer to see clock uncertainties.
Critical Warning (332148): Timing requirements not met
    Info (11105): For recommendations on closing timing, run Report Timing Closure Recommendations in the Timing Analyzer.
Info (332146): Worst-case setup slack is -8.319
    Info (332119):     Slack       End Point TNS Clock 
    Info (332119): ========= =================== =====================
    Info (332119):    -8.319          -71815.462 clock_divider:clock_divider_inst|clock_out 
    Info (332119):    -2.495              -2.495 clock_50 
Info (332146): Worst-case hold slack is 0.036
    Info (332119):     Slack       End Point TNS Clock 
    Info (332119): ========= =================== =====================
    Info (332119):     0.036               0.000 clock_divider:clock_divider_inst|clock_out 
    Info (332119):     1.153               0.000 clock_50 
Info (332146): Worst-case recovery slack is -1.241
    Info (332119):     Slack       End Point TNS Clock 
    Info (332119): ========= =================== =====================
    Info (332119):    -1.241             -47.315 clock_divider:clock_divider_inst|clock_out 
Info (332146): Worst-case removal slack is 0.671
    Info (332119):     Slack       End Point TNS Clock 
    Info (332119): ========= =================== =====================
    Info (332119):     0.671               0.000 clock_divider:clock_divider_inst|clock_out 
Info (332146): Worst-case minimum pulse width slack is -2.174
    Info (332119):     Slack       End Point TNS Clock 
    Info (332119): ========= =================== =====================
    Info (332119):    -2.174          -35438.981 clock_divider:clock_divider_inst|clock_out 
    Info (332119):    -0.580              -0.974 clock_50 
Info (332114): Report Metastability: Found 306 synchronizer chains.
    Info (332114): Design MTBF is not calculated because the design doesn't meet its timing requirements.
Info: Analyzing Fast 1100mV 85C Model
Info (334003): Started post-fitting delay annotation
Info (334004): Delay annotation completed successfully
Info (332123): Deriving Clock Uncertainty. Please refer to report_sdc in the Timing Analyzer to see clock uncertainties.
Critical Warning (332148): Timing requirements not met
    Info (11105): For recommendations on closing timing, run Report Timing Closure Recommendations in the Timing Analyzer.
Info (332146): Worst-case setup slack is -5.481
    Info (332119):     Slack       End Point TNS Clock 
    Info (332119): ========= =================== =====================
    Info (332119):    -5.481          -44652.502 clock_divider:clock_divider_inst|clock_out 
    Info (332119):    -1.808              -1.808 clock_50 
Info (332146): Worst-case hold slack is -0.102
    Info (332119):     Slack       End Point TNS Clock 
    Info (332119): ========= =================== =====================
    Info (332119):    -0.102              -0.315 clock_divider:clock_divider_inst|clock_out 
    Info (332119):     1.013               0.000 clock_50 
Info (332146): Worst-case recovery slack is -0.522
    Info (332119):     Slack       End Point TNS Clock 
    Info (332119): ========= =================== =====================
    Info (332119):    -0.522             -20.303 clock_divider:clock_divider_inst|clock_out 
Info (332146): Worst-case removal slack is 0.294
    Info (332119):     Slack       End Point TNS Clock 
    Info (332119): ========= =================== =====================
    Info (332119):     0.294               0.000 clock_divider:clock_divider_inst|clock_out 
Info (332146): Worst-case minimum pulse width slack is -2.174
    Info (332119):     Slack       End Point TNS Clock 
    Info (332119): ========= =================== =====================
    Info (332119):    -2.174          -35099.864 clock_divider:clock_divider_inst|clock_out 
    Info (332119):    -0.549              -0.747 clock_50 
Info (332114): Report Metastability: Found 306 synchronizer chains.
    Info (332114): Design MTBF is not calculated because the design doesn't meet its timing requirements.
Info: Analyzing Fast 1100mV 0C Model
Info (332123): Deriving Clock Uncertainty. Please refer to report_sdc in the Timing Analyzer to see clock uncertainties.
Critical Warning (332148): Timing requirements not met
    Info (11105): For recommendations on closing timing, run Report Timing Closure Recommendations in the Timing Analyzer.
Info (332146): Worst-case setup slack is -4.727
    Info (332119):     Slack       End Point TNS Clock 
    Info (332119): ========= =================== =====================
    Info (332119):    -4.727          -38636.866 clock_divider:clock_divider_inst|clock_out 
    Info (332119):    -1.543              -1.543 clock_50 
Info (332146): Worst-case hold slack is -0.077
    Info (332119):     Slack       End Point TNS Clock 
    Info (332119): ========= =================== =====================
    Info (332119):    -0.077              -0.077 clock_divider:clock_divider_inst|clock_out 
    Info (332119):     0.747               0.000 clock_50 
Info (332146): Worst-case recovery slack is -0.422
    Info (332119):     Slack       End Point TNS Clock 
    Info (332119): ========= =================== =====================
    Info (332119):    -0.422             -15.459 clock_divider:clock_divider_inst|clock_out 
Info (332146): Worst-case removal slack is 0.239
    Info (332119):     Slack       End Point TNS Clock 
    Info (332119): ========= =================== =====================
    Info (332119):     0.239               0.000 clock_divider:clock_divider_inst|clock_out 
Info (332146): Worst-case minimum pulse width slack is -2.174
    Info (332119):     Slack       End Point TNS Clock 
    Info (332119): ========= =================== =====================
    Info (332119):    -2.174          -35017.747 clock_divider:clock_divider_inst|clock_out 
    Info (332119):    -0.535              -0.728 clock_50 
Info (332114): Report Metastability: Found 306 synchronizer chains.
    Info (332114): Design MTBF is not calculated because the design doesn't meet its timing requirements.
Info (332102): Design is not fully constrained for setup requirements
Info (332102): Design is not fully constrained for hold requirements
Info: Quartus Prime Timing Analyzer was successful. 0 errors, 6 warnings
    Info: Peak virtual memory: 5286 megabytes
    Info: Processing ended: Fri Oct  3 20:35:31 2025
    Info: Elapsed time: 00:00:22
    Info: Total CPU time (on all processors): 00:00:34


