-- Copyright (C) 2025  Altera Corporation. All rights reserved.
-- Your use of Altera Corporation's design tools, logic functions 
-- and other software and tools, and any partner logic 
-- functions, and any output files from any of the foregoing 
-- (including device programming or simulation files), and any 
-- associated documentation or information are expressly subject 
-- to the terms and conditions of the Altera Program License 
-- Subscription Agreement, the Altera Quartus Prime License Agreement,
-- the Altera IP License Agreement, or other applicable license
-- agreement, including, without limitation, that your use is for
-- the sole purpose of programming logic devices manufactured by
-- Altera and sold by Altera or its authorized distributors.  Please
-- refer to the Altera Software License Subscription Agreements 
-- on the Quartus Prime software download page.

-- Quartus Prime generated Memory Initialization File (.mif)

WIDTH=8;
DEPTH=76800;

ADDRESS_RADIX=HEX;
DATA_RADIX=BIN;

CONTENT BEGIN
	00000  :   11100010;
	00001  :   11100011;
	[00002..0000C]  :   11100100;
	[0000D..0000F]  :   11100101;
	[00010..00011]  :   11100100;
	[00012..0001F]  :   11100101;
	[00020..00021]  :   11100110;
	[00022..00023]  :   11100101;
	[00024..00025]  :   11100110;
	[00026..00029]  :   11100111;
	[0002A..0002D]  :   11100110;
	[0002E..00031]  :   11100111;
	[00032..00044]  :   11101000;
	[00045..0004A]  :   11101001;
	[0004B..0004C]  :   11101000;
	[0004D..0004E]  :   11101001;
	[0004F..00063]  :   11101000;
	[00064..00065]  :   11100111;
	[00066..0006A]  :   11101000;
	[0006B..00077]  :   11100111;
	[00078..00085]  :   11100110;
	[00086..00090]  :   11100101;
	[00091..00093]  :   11100110;
	[00094..0009B]  :   11100101;
	[0009C..000C0]  :   11100110;
	[000C1..000D1]  :   11100111;
	[000D2..000D3]  :   11101000;
	[000D4..000D7]  :   11100111;
	[000D8..000E2]  :   11101000;
	[000E3..0011C]  :   11101001;
	[0011D..00123]  :   11101000;
	[00124..00125]  :   11100111;
	[00126..00129]  :   11101000;
	[0012A..0012C]  :   11100111;
	[0012D..00132]  :   11100110;
	[00133..0013F]  :   11100101;
	00140  :   11100010;
	[00141..00142]  :   11100011;
	00143  :   11100100;
	[00144..00147]  :   11100011;
	[00148..00157]  :   11100100;
	[00158..0015F]  :   11100101;
	00160  :   11100110;
	[00161..00163]  :   11100101;
	[00164..00165]  :   11100110;
	[00166..00169]  :   11100111;
	[0016A..00170]  :   11100110;
	[00171..0017F]  :   11100111;
	[00180..00181]  :   11101000;
	[00182..00184]  :   11100111;
	[00185..0018A]  :   11101000;
	[0018B..0018C]  :   11100111;
	[0018D..0018E]  :   11101000;
	0018F  :   11100111;
	[00190..00193]  :   11101000;
	[00194..00195]  :   11100111;
	[00196..001A2]  :   11101000;
	[001A3..001A6]  :   11100111;
	001A7  :   11101000;
	[001A8..001AA]  :   11100111;
	[001AB..001AF]  :   11100110;
	[001B0..001B3]  :   11100111;
	[001B4..001B7]  :   11100110;
	[001B8..001D7]  :   11100101;
	001D8  :   11100100;
	[001D9..001EF]  :   11100101;
	[001F0..00202]  :   11100110;
	[00203..00218]  :   11100111;
	[00219..00223]  :   11101000;
	[00224..00259]  :   11101001;
	[0025A..00260]  :   11101000;
	00261  :   11101001;
	[00262..00263]  :   11101000;
	[00264..00266]  :   11100111;
	[00267..0026A]  :   11101000;
	[0026B..0026D]  :   11100111;
	[0026E..00272]  :   11100110;
	[00273..0027F]  :   11100101;
	[00280..00283]  :   11100011;
	[00284..00285]  :   11100010;
	[00286..00287]  :   11100011;
	[00288..0028A]  :   11100100;
	[0028B..00291]  :   11100011;
	[00292..0029C]  :   11100100;
	[0029D..002A4]  :   11100101;
	[002A5..002A6]  :   11100110;
	[002A7..002A9]  :   11100111;
	[002AA..002B7]  :   11100110;
	[002B8..002CA]  :   11100111;
	002CB  :   11100110;
	[002CC..002CE]  :   11100111;
	002CF  :   11100110;
	002D0  :   11100111;
	[002D1..002D3]  :   11101000;
	[002D4..002D7]  :   11100111;
	[002D8..002D9]  :   11101000;
	[002DA..002E3]  :   11100111;
	[002E4..002E6]  :   11100110;
	002E7  :   11100111;
	[002E8..002F7]  :   11100110;
	[002F8..00337]  :   11100101;
	[00338..0034D]  :   11100110;
	[0034E..00359]  :   11100111;
	[0035A..0036F]  :   11101000;
	[00370..00384]  :   11101001;
	[00385..00387]  :   11101000;
	[00388..00399]  :   11101001;
	[0039A..0039E]  :   11101000;
	[0039F..003A1]  :   11101001;
	[003A2..003A3]  :   11101000;
	[003A4..003A6]  :   11100111;
	[003A7..003AB]  :   11101000;
	[003AC..003AD]  :   11100111;
	[003AE..003B2]  :   11100110;
	[003B3..003BF]  :   11100101;
	[003C0..003C2]  :   11100011;
	[003C3..003C6]  :   11100010;
	003C7  :   11100011;
	[003C8..003C9]  :   11100100;
	[003CA..003D3]  :   11100011;
	[003D4..003DD]  :   11100100;
	[003DE..003DF]  :   11100101;
	[003E0..003E2]  :   11100100;
	[003E3..003E5]  :   11100101;
	[003E6..003F7]  :   11100110;
	[003F8..0040A]  :   11100111;
	0040B  :   11100110;
	0040C  :   11100111;
	0040D  :   11101000;
	[0040E..00414]  :   11100111;
	[00415..00416]  :   11100110;
	[00417..00422]  :   11100111;
	[00423..00424]  :   11100110;
	00425  :   11100101;
	[00426..00434]  :   11100110;
	[00435..00466]  :   11100101;
	00467  :   11100110;
	[00468..00482]  :   11100101;
	[00483..0048E]  :   11100110;
	[0048F..0049A]  :   11100111;
	[0049B..004AF]  :   11101000;
	[004B0..004C3]  :   11101001;
	[004C4..004C9]  :   11101000;
	[004CA..004D3]  :   11101001;
	[004D4..004D7]  :   11101000;
	[004D8..004DA]  :   11101001;
	[004DB..004DD]  :   11101000;
	[004DE..004E1]  :   11101001;
	004E2  :   11101000;
	004E3  :   11100111;
	004E4  :   11100110;
	[004E5..004E7]  :   11100111;
	[004E8..004EB]  :   11101000;
	[004EC..004ED]  :   11100111;
	[004EE..004F2]  :   11100110;
	[004F3..004FF]  :   11100101;
	[00500..00502]  :   11100011;
	00503  :   11100010;
	00504  :   11100001;
	[00505..00506]  :   11100010;
	[00507..00513]  :   11100011;
	[00514..00524]  :   11100100;
	[00525..00529]  :   11100101;
	[0052A..0053F]  :   11100110;
	[00540..00544]  :   11100111;
	[00545..00547]  :   11100110;
	[00548..0054A]  :   11100111;
	0054B  :   11100110;
	[0054C..0054E]  :   11100111;
	[0054F..00550]  :   11100110;
	[00551..00553]  :   11100111;
	[00554..00557]  :   11100110;
	[00558..0055C]  :   11100111;
	[0055D..00563]  :   11100110;
	[00564..00566]  :   11100101;
	[00567..00572]  :   11100110;
	[00573..0057D]  :   11100101;
	[0057E..0058F]  :   11100100;
	00590  :   11100101;
	[00591..00597]  :   11100100;
	[00598..00599]  :   11100101;
	[0059A..005A1]  :   11100100;
	[005A2..005C3]  :   11100101;
	[005C4..005D1]  :   11100110;
	[005D2..005DA]  :   11100111;
	[005DB..005FF]  :   11101000;
	[00600..00601]  :   11101001;
	[00602..0060D]  :   11101000;
	[0060E..00611]  :   11101001;
	[00612..00619]  :   11101000;
	[0061A..0061C]  :   11101001;
	[0061D..00621]  :   11101000;
	00622  :   11100111;
	[00623..00624]  :   11100110;
	[00625..00626]  :   11100111;
	[00627..0062B]  :   11101000;
	[0062C..0062D]  :   11100111;
	[0062E..00632]  :   11100110;
	[00633..0063F]  :   11100101;
	[00640..00643]  :   11100010;
	[00644..00645]  :   11100001;
	00646  :   11100010;
	00647  :   11100011;
	[00648..0064A]  :   11100010;
	[0064B..0064D]  :   11100011;
	[0064E..0064F]  :   11100100;
	[00650..00653]  :   11100011;
	[00654..00664]  :   11100100;
	[00665..0066A]  :   11100101;
	[0066B..0068C]  :   11100110;
	0068D  :   11100111;
	0068E  :   11100110;
	[0068F..00690]  :   11100101;
	00691  :   11100110;
	[00692..00693]  :   11100111;
	[00694..006A3]  :   11100110;
	[006A4..006A6]  :   11100101;
	006A7  :   11100110;
	[006A8..006B7]  :   11100101;
	[006B8..006EF]  :   11100100;
	[006F0..00704]  :   11100101;
	[00705..00712]  :   11100110;
	[00713..00717]  :   11100111;
	00718  :   11100110;
	[00719..00727]  :   11100111;
	[00728..00757]  :   11101000;
	00758  :   11100111;
	[00759..0075D]  :   11101000;
	[0075E..00767]  :   11100111;
	[00768..0076B]  :   11101000;
	[0076C..0076E]  :   11100111;
	[0076F..00772]  :   11100110;
	[00773..0077A]  :   11100101;
	[0077B..0077E]  :   11100100;
	0077F  :   11100101;
	[00780..00786]  :   11100001;
	[00787..0078B]  :   11100010;
	[0078C..00794]  :   11100011;
	[00795..007A3]  :   11100100;
	[007A4..007AE]  :   11100101;
	007AF  :   11100110;
	007B0  :   11100101;
	[007B1..007BF]  :   11100110;
	[007C0..007C1]  :   11100101;
	[007C2..007CA]  :   11100110;
	007CB  :   11100101;
	[007CC..007CE]  :   11100110;
	[007CF..007D0]  :   11100101;
	[007D1..007DC]  :   11100110;
	[007DD..007E1]  :   11100101;
	007E2  :   11100110;
	[007E3..007F3]  :   11100101;
	[007F4..0080F]  :   11100100;
	00810  :   11100101;
	[00811..00826]  :   11100100;
	00827  :   11100101;
	[00828..00834]  :   11100100;
	[00835..0083E]  :   11100101;
	0083F  :   11100100;
	[00840..00845]  :   11100101;
	[00846..0085A]  :   11100110;
	[0085B..00867]  :   11100111;
	[00868..0089D]  :   11101000;
	[0089E..008A3]  :   11100111;
	[008A4..008A5]  :   11101000;
	[008A6..008A7]  :   11100111;
	[008A8..008AB]  :   11101000;
	[008AC..008AF]  :   11100111;
	[008B0..008B2]  :   11100110;
	[008B3..008B9]  :   11100101;
	[008BA..008BF]  :   11100100;
	[008C0..008C1]  :   11100000;
	[008C2..008C7]  :   11100001;
	[008C8..008CD]  :   11100010;
	[008CE..008DB]  :   11100011;
	[008DC..008E2]  :   11100100;
	[008E3..008E7]  :   11100101;
	008E8  :   11100110;
	[008E9..008EA]  :   11100101;
	[008EB..008ED]  :   11100100;
	[008EE..008F2]  :   11100101;
	[008F3..008F7]  :   11100110;
	[008F8..00901]  :   11100101;
	[00902..0090E]  :   11100110;
	[0090F..00911]  :   11100101;
	[00912..00917]  :   11100110;
	[00918..0091F]  :   11100101;
	00920  :   11100100;
	[00921..0092F]  :   11100101;
	[00930..00941]  :   11100100;
	[00942..00947]  :   11100011;
	[00948..00951]  :   11100100;
	[00952..00956]  :   11100011;
	00957  :   11100100;
	[00958..00961]  :   11100011;
	[00962..0096F]  :   11100100;
	[00970..00971]  :   11100011;
	[00972..0097E]  :   11100100;
	0097F  :   11100011;
	[00980..00987]  :   11100101;
	[00988..0098A]  :   11100110;
	[0098B..0098F]  :   11100101;
	[00990..0099F]  :   11100110;
	[009A0..009A7]  :   11100111;
	[009A8..009D7]  :   11101000;
	[009D8..009DA]  :   11101001;
	[009DB..009E0]  :   11101000;
	[009E1..009E2]  :   11100111;
	[009E3..009E5]  :   11101000;
	009E6  :   11100111;
	009E7  :   11100110;
	009E8  :   11100111;
	[009E9..009EA]  :   11101000;
	[009EB..009EF]  :   11100111;
	[009F0..009F2]  :   11100110;
	[009F3..009F9]  :   11100101;
	[009FA..009FF]  :   11100100;
	00A00  :   11100000;
	00A01  :   11100001;
	[00A02..00A03]  :   11100010;
	[00A04..00A07]  :   11100001;
	[00A08..00A09]  :   11100010;
	[00A0A..00A0B]  :   11100001;
	[00A0C..00A0D]  :   11100010;
	[00A0E..00A1B]  :   11100011;
	[00A1C..00A28]  :   11100100;
	[00A29..00A5F]  :   11100101;
	[00A60..00A67]  :   11100100;
	00A68  :   11100101;
	[00A69..00A77]  :   11100100;
	[00A78..00A95]  :   11100011;
	[00A96..00A99]  :   11100100;
	[00A9A..00AA9]  :   11100011;
	[00AAA..00ABF]  :   11100100;
	[00AC0..00AD4]  :   11100101;
	[00AD5..00AE1]  :   11100110;
	[00AE2..00AE9]  :   11100111;
	[00AEA..00AF2]  :   11101000;
	[00AF3..00AF7]  :   11100111;
	[00AF8..00B11]  :   11101000;
	00B12  :   11100111;
	[00B13..00B16]  :   11101000;
	00B17  :   11101001;
	[00B18..00B19]  :   11101000;
	00B1A  :   11101001;
	[00B1B..00B1C]  :   11101000;
	00B1D  :   11100111;
	[00B1E..00B25]  :   11101000;
	[00B26..00B27]  :   11100111;
	[00B28..00B2B]  :   11101000;
	00B2C  :   11100111;
	00B2D  :   11100110;
	[00B2E..00B2F]  :   11100111;
	[00B30..00B32]  :   11100110;
	[00B33..00B37]  :   11100101;
	[00B38..00B3F]  :   11100100;
	[00B40..00B41]  :   11100000;
	[00B42..00B4A]  :   11100001;
	[00B4B..00B4D]  :   11100010;
	[00B4E..00B5C]  :   11100011;
	[00B5D..00B6B]  :   11100100;
	[00B6C..00B9F]  :   11100101;
	[00BA0..00BA7]  :   11100100;
	00BA8  :   11100101;
	[00BA9..00BB7]  :   11100100;
	[00BB8..00BD7]  :   11100011;
	[00BD8..00BD9]  :   11100100;
	[00BDA..00BEA]  :   11100011;
	[00BEB..00C01]  :   11100100;
	[00C02..00C15]  :   11100101;
	[00C16..00C21]  :   11100110;
	[00C22..00C2B]  :   11100111;
	[00C2C..00C31]  :   11101000;
	[00C32..00C37]  :   11100111;
	[00C38..00C4F]  :   11101000;
	00C50  :   11101001;
	[00C51..00C54]  :   11101000;
	[00C55..00C56]  :   11100111;
	[00C57..00C5B]  :   11101000;
	[00C5C..00C5D]  :   11100111;
	[00C5E..00C61]  :   11101000;
	[00C62..00C63]  :   11100111;
	[00C64..00C65]  :   11101000;
	[00C66..00C68]  :   11100111;
	[00C69..00C6A]  :   11101000;
	[00C6B..00C6F]  :   11100111;
	[00C70..00C72]  :   11100110;
	[00C73..00C76]  :   11100101;
	[00C77..00C7F]  :   11100100;
	[00C80..00C82]  :   11100000;
	[00C83..00C8A]  :   11100001;
	[00C8B..00C8F]  :   11100010;
	[00C90..00C97]  :   11100011;
	00C98  :   11100100;
	[00C99..00C9A]  :   11100011;
	00C9B  :   11100010;
	[00C9C..00C9D]  :   11100011;
	[00C9E..00CAE]  :   11100100;
	[00CAF..00CDD]  :   11100101;
	[00CDE..00CEF]  :   11100100;
	[00CF0..00CF1]  :   11100011;
	[00CF2..00CF4]  :   11100100;
	[00CF5..00D07]  :   11100011;
	[00D08..00D0C]  :   11100010;
	[00D0D..00D11]  :   11100011;
	[00D12..00D14]  :   11100010;
	[00D15..00D2B]  :   11100011;
	[00D2C..00D2D]  :   11100100;
	[00D2E..00D37]  :   11100011;
	[00D38..00D43]  :   11100100;
	[00D44..00D56]  :   11100101;
	[00D57..00D61]  :   11100110;
	[00D62..00D87]  :   11100111;
	[00D88..00D8F]  :   11101000;
	00D90  :   11101001;
	[00D91..00D94]  :   11101000;
	[00D95..00D97]  :   11100111;
	[00D98..00D9B]  :   11101000;
	[00D9C..00D9E]  :   11100111;
	00D9F  :   11101000;
	[00DA0..00DAF]  :   11100111;
	[00DB0..00DB2]  :   11100110;
	[00DB3..00DB4]  :   11100101;
	00DB5  :   11100110;
	00DB6  :   11100101;
	[00DB7..00DBE]  :   11100100;
	00DBF  :   11100011;
	[00DC0..00DC3]  :   11100000;
	[00DC4..00DC6]  :   11100001;
	[00DC7..00DC8]  :   11100000;
	[00DC9..00DCA]  :   11100001;
	[00DCB..00DD2]  :   11100010;
	[00DD3..00DDD]  :   11100011;
	[00DDE..00DEF]  :   11100100;
	[00DF0..00E07]  :   11100101;
	[00E08..00E0A]  :   11100100;
	[00E0B..00E14]  :   11100101;
	[00E15..00E2B]  :   11100100;
	[00E2C..00E47]  :   11100011;
	[00E48..00E5B]  :   11100010;
	[00E5C..00E79]  :   11100011;
	[00E7A..00E84]  :   11100100;
	[00E85..00E89]  :   11100101;
	[00E8A..00E8D]  :   11100100;
	[00E8E..00E97]  :   11100101;
	[00E98..00EA2]  :   11100110;
	[00EA3..00EC9]  :   11100111;
	[00ECA..00ECF]  :   11101000;
	00ED0  :   11101001;
	[00ED1..00ED4]  :   11101000;
	[00ED5..00ED7]  :   11100111;
	[00ED8..00EDA]  :   11101000;
	[00EDB..00EEF]  :   11100111;
	[00EF0..00EF1]  :   11100110;
	[00EF2..00EF3]  :   11100101;
	[00EF4..00EF5]  :   11100110;
	00EF6  :   11100101;
	00EF7  :   11100011;
	[00EF8..00EFD]  :   11100100;
	[00EFE..00EFF]  :   11100011;
	[00F00..00F03]  :   11100000;
	[00F04..00F06]  :   11100001;
	[00F07..00F08]  :   11100000;
	[00F09..00F0A]  :   11100001;
	[00F0B..00F14]  :   11100010;
	[00F15..00F17]  :   11100011;
	00F18  :   11100010;
	[00F19..00F23]  :   11100011;
	[00F24..00F62]  :   11100100;
	[00F63..00F77]  :   11100011;
	[00F78..00FA7]  :   11100010;
	[00FA8..00FBB]  :   11100011;
	[00FBC..00FCF]  :   11100100;
	[00FD0..00FD9]  :   11100101;
	[00FDA..00FE3]  :   11100110;
	[00FE4..00FE6]  :   11100111;
	00FE7  :   11100110;
	[00FE8..0100D]  :   11100111;
	[0100E..01010]  :   11101000;
	[01011..01012]  :   11100111;
	[01013..01019]  :   11101000;
	[0101A..01024]  :   11100111;
	01025  :   11101000;
	[01026..0102F]  :   11100111;
	[01030..01031]  :   11100110;
	[01032..01033]  :   11100101;
	[01034..01035]  :   11100110;
	01036  :   11100101;
	01037  :   11100011;
	[01038..0103C]  :   11100100;
	[0103D..0103F]  :   11100011;
	[01040..01048]  :   11100000;
	[01049..0104B]  :   11100001;
	[0104C..01059]  :   11100010;
	[0105A..01064]  :   11100011;
	[01065..0109E]  :   11100100;
	0109F  :   11100011;
	010A0  :   11100100;
	[010A1..010B5]  :   11100011;
	[010B6..010E7]  :   11100010;
	[010E8..010EE]  :   11100011;
	010EF  :   11100010;
	[010F0..010FE]  :   11100011;
	[010FF..01110]  :   11100100;
	[01111..0111B]  :   11100101;
	[0111C..0111F]  :   11100110;
	01120  :   11100101;
	[01121..01127]  :   11100110;
	[01128..01152]  :   11100111;
	[01153..01159]  :   11101000;
	[0115A..0115B]  :   11100111;
	[0115C..0115E]  :   11101000;
	0115F  :   11100111;
	01160  :   11101000;
	[01161..0116E]  :   11100111;
	[0116F..01171]  :   11100110;
	[01172..01174]  :   11100101;
	01175  :   11100110;
	01176  :   11100101;
	[01177..0117D]  :   11100100;
	[0117E..0117F]  :   11100011;
	[01180..01187]  :   11100000;
	[01188..0118C]  :   11100001;
	[0118D..0119A]  :   11100010;
	[0119B..011A5]  :   11100011;
	[011A6..011DE]  :   11100100;
	[011DF..011EF]  :   11100011;
	[011F0..0120D]  :   11100010;
	[0120E..01211]  :   11100001;
	[01212..0122F]  :   11100010;
	[01230..01241]  :   11100011;
	[01242..01251]  :   11100100;
	[01252..01262]  :   11100101;
	[01263..0126B]  :   11100110;
	[0126C..0126F]  :   11100111;
	[01270..01274]  :   11100110;
	[01275..01292]  :   11100111;
	[01293..01299]  :   11101000;
	[0129A..0129B]  :   11100111;
	[0129C..012A0]  :   11101000;
	[012A1..012A9]  :   11100111;
	012AA  :   11100110;
	[012AB..012AE]  :   11100111;
	[012AF..012B1]  :   11100110;
	[012B2..012B6]  :   11100101;
	[012B7..012BD]  :   11100100;
	[012BE..012BF]  :   11100011;
	[012C0..012C1]  :   11100000;
	012C2  :   11100001;
	[012C3..012C7]  :   11100000;
	[012C8..012CC]  :   11100001;
	[012CD..012DC]  :   11100010;
	[012DD..012DE]  :   11100011;
	012DF  :   11100100;
	[012E0..012E5]  :   11100011;
	[012E6..0130C]  :   11100100;
	[0130D..01310]  :   11100101;
	[01311..0131E]  :   11100100;
	[0131F..0132F]  :   11100011;
	[01330..01336]  :   11100010;
	01337  :   11100001;
	[01338..0134B]  :   11100010;
	[0134C..01351]  :   11100001;
	[01352..0136F]  :   11100010;
	[01370..0137A]  :   11100011;
	[0137B..0137C]  :   11100010;
	[0137D..01383]  :   11100011;
	[01384..01392]  :   11100100;
	[01393..013A2]  :   11100101;
	[013A3..013AD]  :   11100110;
	[013AE..013AF]  :   11100111;
	[013B0..013B6]  :   11100110;
	[013B7..013D2]  :   11100111;
	[013D3..013D5]  :   11101000;
	013D6  :   11100111;
	[013D7..013D9]  :   11101000;
	013DA  :   11100111;
	[013DB..013DC]  :   11101000;
	013DD  :   11101001;
	[013DE..013E0]  :   11101000;
	[013E1..013E7]  :   11100111;
	[013E8..013EB]  :   11100110;
	[013EC..013EE]  :   11100111;
	013EF  :   11100110;
	013F0  :   11100101;
	013F1  :   11100110;
	013F2  :   11100101;
	[013F3..013F4]  :   11100100;
	[013F5..013F7]  :   11100101;
	[013F8..013FD]  :   11100100;
	[013FE..013FF]  :   11100011;
	[01400..01401]  :   11011111;
	[01402..01407]  :   11100000;
	[01408..0140B]  :   11100001;
	0140C  :   11100000;
	[0140D..0140E]  :   11100001;
	[0140F..0141F]  :   11100010;
	[01420..01428]  :   11100011;
	[01429..0144F]  :   11100100;
	01450  :   11100011;
	[01451..01452]  :   11100100;
	[01453..01455]  :   11100011;
	01456  :   11100100;
	[01457..01467]  :   11100011;
	[01468..0147C]  :   11100010;
	[0147D..01499]  :   11100001;
	[0149A..014B2]  :   11100010;
	[014B3..014B4]  :   11100001;
	[014B5..014B6]  :   11100010;
	014B7  :   11100001;
	[014B8..014BA]  :   11100010;
	014BB  :   11100001;
	[014BC..014BD]  :   11100010;
	[014BE..014C4]  :   11100011;
	[014C5..014D2]  :   11100100;
	[014D3..014D6]  :   11100101;
	014D7  :   11100110;
	[014D8..014E3]  :   11100101;
	[014E4..014F7]  :   11100110;
	[014F8..014FA]  :   11100111;
	014FB  :   11100110;
	[014FC..01512]  :   11100111;
	[01513..01519]  :   11101000;
	[0151A..0151B]  :   11101001;
	[0151C..0151E]  :   11101000;
	0151F  :   11101001;
	[01520..01521]  :   11101000;
	[01522..0152D]  :   11100111;
	[0152E..01530]  :   11100110;
	[01531..01532]  :   11100101;
	01533  :   11100110;
	[01534..01535]  :   11100101;
	01536  :   11100100;
	[01537..01538]  :   11100101;
	[01539..0153D]  :   11100100;
	[0153E..0153F]  :   11100011;
	[01540..01543]  :   11011111;
	[01544..01549]  :   11100000;
	[0154A..0154B]  :   11100001;
	[0154C..0154D]  :   11100000;
	[0154E..0154F]  :   11100001;
	[01550..01560]  :   11100010;
	[01561..0156B]  :   11100011;
	[0156C..0157C]  :   11100100;
	[0157D..01589]  :   11100011;
	[0158A..0158D]  :   11100100;
	[0158E..01590]  :   11100011;
	01591  :   11100100;
	[01592..015A1]  :   11100011;
	[015A2..015A6]  :   11100010;
	015A7  :   11100011;
	[015A8..015BA]  :   11100010;
	[015BB..015DB]  :   11100001;
	[015DC..015DD]  :   11100010;
	[015DE..015E0]  :   11100001;
	[015E1..015FD]  :   11100010;
	[015FE..01608]  :   11100011;
	[01609..01612]  :   11100100;
	[01613..01623]  :   11100101;
	[01624..01637]  :   11100110;
	[01638..01639]  :   11100111;
	[0163A..0163C]  :   11100110;
	[0163D..01652]  :   11100111;
	[01653..01657]  :   11101000;
	01658  :   11100111;
	[01659..0165D]  :   11101000;
	[0165E..0165F]  :   11101001;
	[01660..01662]  :   11101000;
	[01663..0166E]  :   11100111;
	[0166F..01670]  :   11100110;
	[01671..01672]  :   11100101;
	01673  :   11100110;
	[01674..01678]  :   11100101;
	[01679..0167C]  :   11100100;
	[0167D..0167F]  :   11100011;
	[01680..01681]  :   11011110;
	[01682..01684]  :   11011111;
	[01685..0168D]  :   11100000;
	[0168E..01693]  :   11100001;
	[01694..016A2]  :   11100010;
	[016A3..016AF]  :   11100011;
	[016B0..016B7]  :   11100100;
	[016B8..016D2]  :   11100011;
	[016D3..016D4]  :   11100010;
	[016D5..016E0]  :   11100011;
	[016E1..016E2]  :   11100010;
	[016E3..016E5]  :   11100001;
	[016E6..016F3]  :   11100010;
	[016F4..0172A]  :   11100001;
	[0172B..0173F]  :   11100010;
	[01740..01749]  :   11100011;
	0174A  :   11100100;
	[0174B..0174C]  :   11100011;
	[0174D..01753]  :   11100100;
	[01754..01764]  :   11100101;
	[01765..0177E]  :   11100110;
	0177F  :   11100111;
	[01780..01787]  :   11100110;
	[01788..01792]  :   11100111;
	[01793..0179F]  :   11101000;
	[017A0..017AE]  :   11100111;
	[017AF..017B0]  :   11100110;
	[017B1..017B8]  :   11100101;
	017B9  :   11100100;
	017BA  :   11100011;
	[017BB..017BC]  :   11100100;
	[017BD..017BF]  :   11100011;
	[017C0..017C1]  :   11011110;
	[017C2..017C8]  :   11011111;
	[017C9..017CE]  :   11100000;
	[017CF..017D7]  :   11100001;
	[017D8..017E3]  :   11100010;
	[017E4..017EF]  :   11100011;
	[017F0..017F7]  :   11100100;
	[017F8..01812]  :   11100011;
	[01813..01814]  :   11100010;
	[01815..01816]  :   11100011;
	01817  :   11100010;
	[01818..01821]  :   11100011;
	[01822..0182C]  :   11100010;
	[0182D..0183F]  :   11100001;
	[01840..01841]  :   11100000;
	[01842..0184D]  :   11100001;
	[0184E..0184F]  :   11100000;
	[01850..01870]  :   11100001;
	[01871..01877]  :   11100010;
	01878  :   11100001;
	[01879..01883]  :   11100010;
	[01884..0188C]  :   11100011;
	[0188D..01893]  :   11100100;
	[01894..01897]  :   11100101;
	01898  :   11100100;
	[01899..018A8]  :   11100101;
	[018A9..018C3]  :   11100110;
	[018C4..018D2]  :   11100111;
	[018D3..018D7]  :   11101000;
	018D8  :   11101001;
	[018D9..018DE]  :   11101000;
	[018DF..018E5]  :   11100111;
	[018E6..018E9]  :   11100110;
	[018EA..018ED]  :   11100111;
	[018EE..018EF]  :   11100110;
	[018F0..018F8]  :   11100101;
	[018F9..018FC]  :   11100100;
	[018FD..018FF]  :   11100011;
	[01900..01901]  :   11011110;
	[01902..01908]  :   11011111;
	[01909..0190D]  :   11100000;
	[0190E..01917]  :   11100001;
	[01918..01923]  :   11100010;
	[01924..0194F]  :   11100011;
	01950  :   11100010;
	01951  :   11100011;
	[01952..01967]  :   11100010;
	[01968..0197F]  :   11100001;
	[01980..01983]  :   11100000;
	[01984..0198B]  :   11100001;
	[0198C..0198F]  :   11100000;
	[01990..019B0]  :   11100001;
	[019B1..019B2]  :   11100010;
	[019B3..019B4]  :   11100001;
	[019B5..019B6]  :   11100010;
	[019B7..019B9]  :   11100001;
	[019BA..019BF]  :   11100010;
	[019C0..019C1]  :   11100001;
	[019C2..019C4]  :   11100010;
	[019C5..019CC]  :   11100011;
	[019CD..019CF]  :   11100100;
	019D0  :   11100011;
	[019D1..019D4]  :   11100100;
	019D5  :   11100101;
	[019D6..019DB]  :   11100100;
	[019DC..019DF]  :   11100101;
	019E0  :   11100100;
	[019E1..019E8]  :   11100101;
	[019E9..019FF]  :   11100110;
	[01A00..01A11]  :   11100111;
	[01A12..01A17]  :   11101000;
	01A18  :   11101001;
	[01A19..01A1E]  :   11101000;
	01A1F  :   11100111;
	[01A20..01A21]  :   11100110;
	[01A22..01A24]  :   11100111;
	[01A25..01A2F]  :   11100110;
	[01A30..01A38]  :   11100101;
	[01A39..01A3C]  :   11100100;
	[01A3D..01A3F]  :   11100011;
	[01A40..01A42]  :   11011110;
	[01A43..01A48]  :   11011111;
	[01A49..01A4E]  :   11100000;
	[01A4F..01A57]  :   11100001;
	[01A58..01A64]  :   11100010;
	[01A65..01A67]  :   11100011;
	[01A68..01A69]  :   11100010;
	[01A6A..01A8F]  :   11100011;
	[01A90..01A9F]  :   11100010;
	01AA0  :   11100001;
	[01AA1..01AA5]  :   11100010;
	[01AA6..01ABF]  :   11100001;
	[01AC0..01AC4]  :   11100000;
	[01AC5..01ACA]  :   11100001;
	[01ACB..01ACF]  :   11100000;
	[01AD0..01AD7]  :   11100001;
	01AD8  :   11100000;
	[01AD9..01AF4]  :   11100001;
	[01AF5..01AF6]  :   11100010;
	[01AF7..01AFB]  :   11100001;
	[01AFC..01AFF]  :   11100010;
	[01B00..01B01]  :   11100001;
	[01B02..01B04]  :   11100010;
	[01B05..01B0A]  :   11100011;
	01B0B  :   11100010;
	[01B0C..01B0D]  :   11100011;
	[01B0E..01B0F]  :   11100100;
	01B10  :   11100011;
	[01B11..01B21]  :   11100100;
	[01B22..01B29]  :   11100101;
	[01B2A..01B3F]  :   11100110;
	[01B40..01B51]  :   11100111;
	[01B52..01B5F]  :   11101000;
	[01B60..01B6C]  :   11100110;
	[01B6D..01B78]  :   11100101;
	[01B79..01B7D]  :   11100100;
	[01B7E..01B7F]  :   11100011;
	[01B80..01B82]  :   11011110;
	[01B83..01B88]  :   11011111;
	[01B89..01B8F]  :   11100000;
	[01B90..01B99]  :   11100001;
	[01B9A..01BA6]  :   11100010;
	01BA7  :   11100011;
	[01BA8..01BAA]  :   11100010;
	[01BAB..01BBF]  :   11100011;
	[01BC0..01BC9]  :   11100010;
	[01BCA..01BCD]  :   11100011;
	[01BCE..01BDF]  :   11100010;
	[01BE0..01BFF]  :   11100001;
	[01C00..01C19]  :   11100000;
	[01C1A..01C2F]  :   11100001;
	01C30  :   11100000;
	[01C31..01C35]  :   11100001;
	01C36  :   11100010;
	[01C37..01C3D]  :   11100001;
	[01C3E..01C48]  :   11100010;
	[01C49..01C4A]  :   11100011;
	[01C4B..01C4C]  :   11100010;
	[01C4D..01C51]  :   11100011;
	[01C52..01C62]  :   11100100;
	[01C63..01C6A]  :   11100101;
	[01C6B..01C87]  :   11100110;
	[01C88..01C8A]  :   11100111;
	[01C8B..01C8F]  :   11101000;
	01C90  :   11100111;
	[01C91..01C9F]  :   11101000;
	[01CA0..01CA1]  :   11100111;
	[01CA2..01CAB]  :   11100110;
	[01CAC..01CB8]  :   11100101;
	01CB9  :   11100100;
	01CBA  :   11100011;
	[01CBB..01CBD]  :   11100100;
	[01CBE..01CBF]  :   11100011;
	[01CC0..01CC2]  :   11011110;
	[01CC3..01CC8]  :   11011111;
	[01CC9..01CCF]  :   11100000;
	[01CD0..01CDB]  :   11100001;
	[01CDC..01CEB]  :   11100010;
	[01CEC..01CFF]  :   11100011;
	[01D00..01D21]  :   11100010;
	[01D22..01D37]  :   11100001;
	[01D38..01D5A]  :   11100000;
	[01D5B..01D6F]  :   11100001;
	01D70  :   11100000;
	[01D71..01D75]  :   11100001;
	01D76  :   11100010;
	[01D77..01D7A]  :   11100001;
	01D7B  :   11100000;
	[01D7C..01D7D]  :   11100001;
	[01D7E..01D88]  :   11100010;
	01D89  :   11100011;
	[01D8A..01D8C]  :   11100010;
	[01D8D..01D91]  :   11100011;
	[01D92..01D9F]  :   11100100;
	01DA0  :   11100011;
	[01DA1..01DA2]  :   11100100;
	[01DA3..01DA7]  :   11100101;
	01DA8  :   11100100;
	[01DA9..01DAA]  :   11100101;
	[01DAB..01DAD]  :   11100110;
	[01DAE..01DAF]  :   11100101;
	[01DB0..01DC6]  :   11100110;
	01DC7  :   11100101;
	[01DC8..01DC9]  :   11100111;
	[01DCA..01DCD]  :   11101000;
	[01DCE..01DCF]  :   11101001;
	[01DD0..01DDB]  :   11101000;
	[01DDC..01DDE]  :   11100111;
	01DDF  :   11101000;
	[01DE0..01DE1]  :   11100111;
	[01DE2..01DE5]  :   11100110;
	[01DE6..01DE8]  :   11100111;
	[01DE9..01DEB]  :   11100110;
	[01DEC..01DF4]  :   11100101;
	[01DF5..01DF6]  :   11100100;
	01DF7  :   11100101;
	01DF8  :   11100100;
	[01DF9..01DFA]  :   11100011;
	[01DFB..01DFD]  :   11100100;
	[01DFE..01DFF]  :   11100011;
	[01E00..01E01]  :   11011101;
	[01E02..01E04]  :   11011110;
	[01E05..01E07]  :   11011111;
	[01E08..01E09]  :   11100000;
	[01E0A..01E0C]  :   11011111;
	[01E0D..01E12]  :   11100000;
	[01E13..01E17]  :   11100001;
	01E18  :   11100010;
	[01E19..01E1D]  :   11100001;
	[01E1E..01E1F]  :   11100010;
	01E20  :   11100001;
	[01E21..01E27]  :   11100010;
	[01E28..01E29]  :   11100001;
	[01E2A..01E2B]  :   11100010;
	[01E2C..01E2D]  :   11100011;
	[01E2E..01E2F]  :   11100100;
	[01E30..01E31]  :   11100011;
	[01E32..01E4D]  :   11100010;
	[01E4E..01E4F]  :   11100001;
	[01E50..01E54]  :   11100010;
	[01E55..01E5E]  :   11100001;
	01E5F  :   11100010;
	[01E60..01E6F]  :   11100001;
	[01E70..01E92]  :   11100000;
	01E93  :   11100001;
	[01E94..01EA0]  :   11100000;
	[01EA1..01EB1]  :   11100001;
	01EB2  :   11100000;
	01EB3  :   11100001;
	[01EB4..01EB6]  :   11100010;
	[01EB7..01EB9]  :   11100001;
	01EBA  :   11100010;
	[01EBB..01EBC]  :   11100001;
	[01EBD..01EBE]  :   11100000;
	[01EBF..01EC1]  :   11100001;
	[01EC2..01ECC]  :   11100010;
	[01ECD..01ED3]  :   11100011;
	[01ED4..01ED9]  :   11100100;
	[01EDA..01EDB]  :   11100011;
	[01EDC..01EDE]  :   11100100;
	01EDF  :   11100101;
	[01EE0..01EE7]  :   11100100;
	[01EE8..01EF9]  :   11100101;
	[01EFA..01EFE]  :   11100110;
	01EFF  :   11100101;
	[01F00..01F04]  :   11100110;
	[01F05..01F08]  :   11100111;
	[01F09..01F0E]  :   11101000;
	01F0F  :   11101001;
	[01F10..01F11]  :   11101000;
	01F12  :   11101001;
	[01F13..01F14]  :   11101000;
	01F15  :   11101001;
	[01F16..01F1A]  :   11101000;
	[01F1B..01F1F]  :   11100111;
	01F20  :   11100110;
	[01F21..01F23]  :   11100111;
	[01F24..01F25]  :   11100110;
	[01F26..01F29]  :   11100111;
	01F2A  :   11100110;
	[01F2B..01F35]  :   11100101;
	[01F36..01F3C]  :   11100100;
	[01F3D..01F3F]  :   11100011;
	[01F40..01F42]  :   11011101;
	[01F43..01F45]  :   11011110;
	[01F46..01F4D]  :   11011111;
	[01F4E..01F55]  :   11100000;
	[01F56..01F61]  :   11100001;
	[01F62..01F6D]  :   11100010;
	[01F6E..01F70]  :   11100011;
	[01F71..01F8D]  :   11100010;
	[01F8E..01F8F]  :   11100001;
	[01F90..01F92]  :   11100010;
	[01F93..01FA7]  :   11100001;
	[01FA8..01FE1]  :   11100000;
	[01FE2..01FF3]  :   11100001;
	[01FF4..01FF6]  :   11100010;
	[01FF7..01FF9]  :   11100001;
	[01FFA..01FFB]  :   11100010;
	[01FFC..02000]  :   11100001;
	[02001..0200C]  :   11100010;
	[0200D..02017]  :   11100011;
	02018  :   11100100;
	[02019..0201C]  :   11100011;
	[0201D..02027]  :   11100100;
	[02028..02039]  :   11100101;
	[0203A..02047]  :   11100110;
	[02048..02049]  :   11100111;
	[0204A..02059]  :   11101000;
	[0205A..0205F]  :   11100111;
	02060  :   11100110;
	[02061..02064]  :   11100111;
	02065  :   11100110;
	[02066..02069]  :   11100111;
	0206A  :   11100110;
	[0206B..02075]  :   11100101;
	[02076..0207C]  :   11100100;
	[0207D..0207F]  :   11100011;
	[02080..02083]  :   11011101;
	[02084..02085]  :   11011110;
	[02086..0208D]  :   11011111;
	[0208E..02099]  :   11100000;
	[0209A..020A2]  :   11100001;
	[020A3..020BF]  :   11100010;
	[020C0..020C1]  :   11100001;
	[020C2..020C7]  :   11100010;
	[020C8..020C9]  :   11100001;
	[020CA..020CB]  :   11100010;
	[020CC..020DF]  :   11100001;
	[020E0..02104]  :   11100000;
	[02105..02109]  :   11011111;
	[0210A..0210F]  :   11100000;
	[02110..02111]  :   11011111;
	[02112..02122]  :   11100000;
	[02123..02139]  :   11100001;
	[0213A..0213B]  :   11100010;
	[0213C..0213E]  :   11100001;
	[0213F..0214D]  :   11100010;
	[0214E..0215D]  :   11100011;
	[0215E..0216A]  :   11100100;
	[0216B..02179]  :   11100101;
	[0217A..02187]  :   11100110;
	[02188..02189]  :   11100111;
	[0218A..0218D]  :   11101000;
	[0218E..02190]  :   11100111;
	[02191..02197]  :   11101000;
	[02198..0219F]  :   11100111;
	021A0  :   11100110;
	[021A1..021A8]  :   11100111;
	[021A9..021AA]  :   11100110;
	[021AB..021B4]  :   11100101;
	[021B5..021BC]  :   11100100;
	[021BD..021BF]  :   11100011;
	[021C0..021C4]  :   11011101;
	021C5  :   11011110;
	[021C6..021CD]  :   11011111;
	[021CE..021D9]  :   11100000;
	[021DA..021E3]  :   11100001;
	[021E4..021FF]  :   11100010;
	[02200..02202]  :   11100001;
	[02203..02205]  :   11100010;
	[02206..0220D]  :   11100001;
	[0220E..0220F]  :   11100000;
	[02210..0221F]  :   11100001;
	[02220..02243]  :   11100000;
	[02244..0224B]  :   11011111;
	[0224C..0224F]  :   11100000;
	[02250..02252]  :   11011111;
	[02253..02260]  :   11100000;
	[02261..02262]  :   11011111;
	02263  :   11100000;
	[02264..02266]  :   11100001;
	[02267..02268]  :   11100000;
	[02269..0226F]  :   11100001;
	[02270..02277]  :   11100000;
	[02278..0227D]  :   11100001;
	[0227E..0228D]  :   11100010;
	[0228E..022A1]  :   11100011;
	[022A2..022AB]  :   11100100;
	[022AC..022B9]  :   11100101;
	[022BA..022C7]  :   11100110;
	[022C8..022C9]  :   11100111;
	[022CA..022CD]  :   11101000;
	[022CE..022D0]  :   11100111;
	[022D1..022D2]  :   11101000;
	022D3  :   11100111;
	[022D4..022D6]  :   11101000;
	[022D7..022DF]  :   11100111;
	022E0  :   11100110;
	[022E1..022E8]  :   11100111;
	[022E9..022EA]  :   11100110;
	[022EB..022F4]  :   11100101;
	[022F5..022FB]  :   11100100;
	[022FC..022FF]  :   11100011;
	[02300..02303]  :   11011101;
	[02304..02305]  :   11011110;
	[02306..0230C]  :   11011111;
	[0230D..02319]  :   11100000;
	[0231A..02324]  :   11100001;
	[02325..0233D]  :   11100010;
	[0233E..0233F]  :   11100001;
	02340  :   11100000;
	[02341..02342]  :   11100001;
	[02343..02344]  :   11100010;
	[02345..0235F]  :   11100001;
	[02360..02377]  :   11100000;
	[02378..0237F]  :   11011111;
	[02380..02381]  :   11100000;
	[02382..0238D]  :   11011111;
	[0238E..0238F]  :   11100000;
	[02390..02392]  :   11011111;
	[02393..0239F]  :   11100000;
	[023A0..023A2]  :   11011111;
	[023A3..023A4]  :   11100000;
	023A5  :   11100001;
	[023A6..023A9]  :   11100000;
	[023AA..023AF]  :   11100001;
	[023B0..023B6]  :   11100000;
	[023B7..023BF]  :   11100001;
	[023C0..023CD]  :   11100010;
	[023CE..023E2]  :   11100011;
	[023E3..023EC]  :   11100100;
	[023ED..023FA]  :   11100101;
	[023FB..02407]  :   11100110;
	[02408..0240A]  :   11100111;
	[0240B..0240C]  :   11101000;
	[0240D..02411]  :   11100111;
	02412  :   11101000;
	[02413..02414]  :   11100111;
	[02415..02416]  :   11101000;
	[02417..0241F]  :   11100111;
	[02420..02421]  :   11100110;
	[02422..02424]  :   11100111;
	02425  :   11100110;
	[02426..02427]  :   11100111;
	[02428..0242A]  :   11100110;
	[0242B..02433]  :   11100101;
	[02434..0243B]  :   11100100;
	[0243C..0243F]  :   11100011;
	[02440..02442]  :   11011101;
	[02443..02445]  :   11011110;
	[02446..0244D]  :   11011111;
	[0244E..02459]  :   11100000;
	[0245A..02464]  :   11100001;
	[02465..0247B]  :   11100010;
	[0247C..02486]  :   11100001;
	02487  :   11100000;
	[02488..0249B]  :   11100001;
	[0249C..024A7]  :   11100000;
	[024A8..024AE]  :   11011111;
	[024AF..024B0]  :   11100000;
	[024B1..024BA]  :   11011111;
	[024BB..024BD]  :   11011110;
	[024BE..024CE]  :   11011111;
	[024CF..024DF]  :   11100000;
	[024E0..024E3]  :   11011111;
	[024E4..024F0]  :   11100000;
	[024F1..024F8]  :   11100001;
	[024F9..024FB]  :   11100000;
	[024FC..024FF]  :   11100001;
	[02500..0250F]  :   11100010;
	[02510..02522]  :   11100011;
	[02523..0252C]  :   11100100;
	[0252D..02535]  :   11100101;
	[02536..02537]  :   11100110;
	[02538..0253F]  :   11100101;
	[02540..02545]  :   11100110;
	[02546..0255F]  :   11100111;
	[02560..02561]  :   11100110;
	[02562..02563]  :   11100111;
	[02564..0256A]  :   11100110;
	[0256B..02573]  :   11100101;
	[02574..0257A]  :   11100100;
	[0257B..0257F]  :   11100011;
	02580  :   11011100;
	[02581..02582]  :   11011101;
	[02583..02587]  :   11011110;
	[02588..0258E]  :   11011111;
	[0258F..0259C]  :   11100000;
	[0259D..025A4]  :   11100001;
	[025A5..025B1]  :   11100010;
	[025B2..025C4]  :   11100001;
	[025C5..025C7]  :   11100000;
	[025C8..025D7]  :   11100001;
	[025D8..025E7]  :   11100000;
	[025E8..025F6]  :   11011111;
	[025F7..025FA]  :   11100000;
	[025FB..0260F]  :   11011111;
	[02610..02612]  :   11100000;
	[02613..02618]  :   11011111;
	[02619..0261E]  :   11100000;
	[0261F..02625]  :   11011111;
	[02626..02630]  :   11100000;
	[02631..02636]  :   11100001;
	02637  :   11100010;
	02638  :   11100001;
	[02639..0263B]  :   11100000;
	[0263C..02644]  :   11100001;
	[02645..0264F]  :   11100010;
	[02650..02662]  :   11100011;
	[02663..0266C]  :   11100100;
	[0266D..02681]  :   11100101;
	[02682..02685]  :   11100110;
	[02686..02689]  :   11100111;
	[0268A..0268B]  :   11100110;
	[0268C..02696]  :   11100111;
	02697  :   11100110;
	[02698..0269D]  :   11100111;
	[0269E..026A1]  :   11100110;
	[026A2..026A3]  :   11100111;
	[026A4..026AA]  :   11100110;
	[026AB..026B2]  :   11100101;
	[026B3..026BA]  :   11100100;
	[026BB..026BF]  :   11100011;
	[026C0..026C1]  :   11011100;
	026C2  :   11011101;
	[026C3..026C7]  :   11011110;
	[026C8..026D2]  :   11011111;
	[026D3..026D7]  :   11100000;
	026D8  :   11100001;
	[026D9..026DD]  :   11100000;
	[026DE..026E4]  :   11100001;
	[026E5..026E6]  :   11100010;
	026E7  :   11100011;
	[026E8..026EC]  :   11100010;
	[026ED..02702]  :   11100001;
	[02703..02707]  :   11100000;
	02708  :   11011111;
	[02709..02729]  :   11100000;
	[0272A..02735]  :   11011111;
	[02736..02739]  :   11100000;
	[0273A..0274F]  :   11011111;
	[02750..02751]  :   11100000;
	[02752..02759]  :   11011111;
	[0275A..0275D]  :   11100000;
	[0275E..02766]  :   11011111;
	02767  :   11100000;
	[02768..02769]  :   11011111;
	[0276A..0276F]  :   11100000;
	02770  :   11011111;
	[02771..02775]  :   11100000;
	[02776..02779]  :   11100001;
	[0277A..0277B]  :   11100000;
	[0277C..02784]  :   11100001;
	[02785..02790]  :   11100010;
	[02791..027A2]  :   11100011;
	[027A3..027AC]  :   11100100;
	[027AD..027AF]  :   11100101;
	[027B0..027B2]  :   11100100;
	[027B3..027C3]  :   11100101;
	[027C4..027C6]  :   11100110;
	[027C7..027C8]  :   11100111;
	[027C9..027CB]  :   11100110;
	[027CC..027D6]  :   11100111;
	027D7  :   11100110;
	[027D8..027DC]  :   11100111;
	[027DD..027E1]  :   11100110;
	[027E2..027E3]  :   11100111;
	[027E4..027E5]  :   11100110;
	[027E6..027E7]  :   11100101;
	[027E8..027EA]  :   11100110;
	[027EB..027F2]  :   11100101;
	[027F3..027FA]  :   11100100;
	[027FB..027FF]  :   11100011;
	02800  :   11011100;
	[02801..02802]  :   11011101;
	[02803..02805]  :   11011110;
	02806  :   11011111;
	02807  :   11100000;
	[02808..0280F]  :   11011111;
	[02810..02817]  :   11100000;
	[02818..02819]  :   11100001;
	[0281A..0281F]  :   11100000;
	02820  :   11100010;
	[02821..02824]  :   11100001;
	[02825..0282B]  :   11100010;
	[0282C..02843]  :   11100001;
	02844  :   11100000;
	[02845..02846]  :   11011111;
	[02847..02864]  :   11100000;
	[02865..02877]  :   11011111;
	02878  :   11100000;
	[02879..0287D]  :   11011111;
	[0287E..0287F]  :   11011110;
	[02880..0289F]  :   11011111;
	[028A0..028A1]  :   11100000;
	[028A2..028AB]  :   11011111;
	[028AC..028B7]  :   11100000;
	[028B8..028C4]  :   11100001;
	[028C5..028D2]  :   11100010;
	[028D3..028D7]  :   11100011;
	028D8  :   11100100;
	[028D9..028E2]  :   11100011;
	[028E3..028E9]  :   11100100;
	028EA  :   11100011;
	028EB  :   11100100;
	028EC  :   11100101;
	028ED  :   11100110;
	[028EE..028EF]  :   11100101;
	[028F0..028F3]  :   11100100;
	[028F4..028F6]  :   11100101;
	028F7  :   11100110;
	[028F8..02904]  :   11100101;
	[02905..02907]  :   11100110;
	02908  :   11100111;
	[02909..0290B]  :   11100110;
	[0290C..02913]  :   11100111;
	[02914..02919]  :   11100110;
	[0291A..0291D]  :   11100111;
	[0291E..02929]  :   11100110;
	[0292A..02933]  :   11100101;
	[02934..0293A]  :   11100100;
	[0293B..0293F]  :   11100011;
	[02940..02941]  :   11011101;
	[02942..02944]  :   11011110;
	[02945..02946]  :   11011111;
	02947  :   11100000;
	[02948..0294F]  :   11011111;
	[02950..02957]  :   11100000;
	02958  :   11100001;
	[02959..0295C]  :   11100000;
	0295D  :   11100001;
	[0295E..0295F]  :   11100000;
	[02960..02964]  :   11100001;
	[02965..0296C]  :   11100010;
	[0296D..02983]  :   11100001;
	[02984..029A4]  :   11100000;
	[029A5..029B8]  :   11011111;
	[029B9..029BE]  :   11011110;
	029BF  :   11011101;
	[029C0..029EC]  :   11011111;
	[029ED..029F8]  :   11100000;
	[029F9..02A05]  :   11100001;
	[02A06..02A12]  :   11100010;
	[02A13..02A22]  :   11100011;
	[02A23..02A29]  :   11100100;
	02A2A  :   11100011;
	02A2B  :   11100100;
	[02A2C..02A2E]  :   11100101;
	[02A2F..02A35]  :   11100100;
	[02A36..02A45]  :   11100101;
	[02A46..02A4B]  :   11100110;
	[02A4C..02A4E]  :   11100111;
	02A4F  :   11100110;
	[02A50..02A53]  :   11100111;
	[02A54..02A68]  :   11100110;
	[02A69..02A72]  :   11100101;
	[02A73..02A7A]  :   11100100;
	[02A7B..02A7F]  :   11100011;
	[02A80..02A81]  :   11011101;
	[02A82..02A84]  :   11011110;
	[02A85..02A86]  :   11011111;
	02A87  :   11100000;
	[02A88..02A8E]  :   11011111;
	[02A8F..02A9B]  :   11100000;
	[02A9C..02A9D]  :   11100001;
	[02A9E..02A9F]  :   11100000;
	[02AA0..02AA3]  :   11100001;
	[02AA4..02AAC]  :   11100010;
	[02AAD..02AC3]  :   11100001;
	[02AC4..02AE1]  :   11100000;
	[02AE2..02AF9]  :   11011111;
	[02AFA..02AFF]  :   11011110;
	[02B00..02B1F]  :   11011111;
	[02B20..02B27]  :   11011110;
	[02B28..02B2D]  :   11011111;
	[02B2E..02B39]  :   11100000;
	[02B3A..02B47]  :   11100001;
	[02B48..02B58]  :   11100010;
	[02B59..02B5E]  :   11100011;
	02B5F  :   11100010;
	[02B60..02B64]  :   11100011;
	[02B65..02B69]  :   11100100;
	02B6A  :   11100011;
	[02B6B..02B6C]  :   11100100;
	02B6D  :   11100101;
	02B6E  :   11100100;
	02B6F  :   11100011;
	[02B70..02B77]  :   11100100;
	[02B78..02B86]  :   11100101;
	[02B87..02B88]  :   11100110;
	[02B89..02B8A]  :   11100101;
	[02B8B..02B8C]  :   11100110;
	[02B8D..02B8E]  :   11100111;
	02B8F  :   11100110;
	[02B90..02B93]  :   11100111;
	[02B94..02BA8]  :   11100110;
	[02BA9..02BB1]  :   11100101;
	[02BB2..02BBA]  :   11100100;
	[02BBB..02BBF]  :   11100011;
	02BC0  :   11011100;
	02BC1  :   11011101;
	[02BC2..02BC5]  :   11011110;
	[02BC6..02BCE]  :   11011111;
	[02BCF..02BDA]  :   11100000;
	[02BDB..02BDD]  :   11100001;
	02BDE  :   11100000;
	02BDF  :   11011111;
	[02BE0..02BE1]  :   11100000;
	[02BE2..02BE3]  :   11100001;
	[02BE4..02BE5]  :   11100010;
	[02BE6..02BE7]  :   11100001;
	[02BE8..02BED]  :   11100010;
	[02BEE..02C03]  :   11100001;
	[02C04..02C13]  :   11100000;
	[02C14..02C4F]  :   11011111;
	[02C50..02C57]  :   11011110;
	[02C58..02C5F]  :   11011111;
	[02C60..02C6A]  :   11011110;
	[02C6B..02C72]  :   11011111;
	[02C73..02C76]  :   11100000;
	02C77  :   11100001;
	[02C78..02C7A]  :   11100000;
	[02C7B..02C89]  :   11100001;
	[02C8A..02C99]  :   11100010;
	[02C9A..02C9E]  :   11100011;
	02C9F  :   11100010;
	[02CA0..02CA4]  :   11100011;
	[02CA5..02CA8]  :   11100100;
	[02CA9..02CAB]  :   11100011;
	[02CAC..02CBA]  :   11100100;
	[02CBB..02CCB]  :   11100101;
	[02CCC..02CCF]  :   11100110;
	[02CD0..02CD2]  :   11100111;
	[02CD3..02CE7]  :   11100110;
	[02CE8..02CEF]  :   11100101;
	[02CF0..02CFA]  :   11100100;
	[02CFB..02CFF]  :   11100011;
	02D00  :   11011100;
	02D01  :   11011101;
	[02D02..02D05]  :   11011110;
	[02D06..02D0F]  :   11011111;
	[02D10..02D19]  :   11100000;
	[02D1A..02D1D]  :   11100001;
	02D1E  :   11100000;
	02D1F  :   11011111;
	[02D20..02D21]  :   11100000;
	[02D22..02D28]  :   11100001;
	[02D29..02D2D]  :   11100010;
	[02D2E..02D37]  :   11100001;
	[02D38..02D50]  :   11100000;
	[02D51..02D75]  :   11011111;
	[02D76..02D77]  :   11011110;
	[02D78..02D82]  :   11011111;
	[02D83..02DAC]  :   11011110;
	[02DAD..02DB4]  :   11011111;
	[02DB5..02DB6]  :   11100000;
	02DB7  :   11100001;
	[02DB8..02DBC]  :   11100000;
	[02DBD..02DCD]  :   11100001;
	[02DCE..02DDC]  :   11100010;
	[02DDD..02DE5]  :   11100011;
	[02DE6..02DE7]  :   11100100;
	[02DE8..02DEB]  :   11100011;
	[02DEC..02DFF]  :   11100100;
	[02E00..02E0B]  :   11100101;
	[02E0C..02E24]  :   11100110;
	[02E25..02E2F]  :   11100101;
	[02E30..02E39]  :   11100100;
	[02E3A..02E3F]  :   11100011;
	[02E40..02E41]  :   11011101;
	02E42  :   11011110;
	[02E43..02E46]  :   11011111;
	02E47  :   11100000;
	[02E48..02E52]  :   11011111;
	[02E53..02E57]  :   11100000;
	[02E58..02E5D]  :   11100001;
	02E5E  :   11100000;
	02E5F  :   11011111;
	[02E60..02E61]  :   11100001;
	02E62  :   11100000;
	[02E63..02E69]  :   11100001;
	[02E6A..02E6D]  :   11100010;
	[02E6E..02E76]  :   11100001;
	[02E77..02E8F]  :   11100000;
	[02E90..02E93]  :   11011111;
	02E94  :   11011110;
	[02E95..02E97]  :   11011111;
	[02E98..02E9A]  :   11100000;
	[02E9B..02EAA]  :   11011111;
	[02EAB..02EAE]  :   11011110;
	[02EAF..02EB3]  :   11011111;
	[02EB4..02EB8]  :   11011110;
	[02EB9..02EBB]  :   11011111;
	[02EBC..02EBE]  :   11011110;
	02EBF  :   11011111;
	[02EC0..02EDC]  :   11011110;
	[02EDD..02EDF]  :   11011101;
	[02EE0..02EEF]  :   11011110;
	[02EF0..02EF5]  :   11011111;
	[02EF6..02F00]  :   11100000;
	[02F01..02F0F]  :   11100001;
	[02F10..02F1D]  :   11100010;
	[02F1E..02F25]  :   11100011;
	[02F26..02F27]  :   11100100;
	[02F28..02F2B]  :   11100011;
	[02F2C..02F3F]  :   11100100;
	[02F40..02F47]  :   11100101;
	02F48  :   11100110;
	[02F49..02F4B]  :   11100101;
	[02F4C..02F62]  :   11100110;
	[02F63..02F6F]  :   11100101;
	[02F70..02F79]  :   11100100;
	[02F7A..02F7F]  :   11100011;
	02F80  :   11011100;
	02F81  :   11011101;
	[02F82..02F84]  :   11011110;
	[02F85..02F92]  :   11011111;
	[02F93..02F97]  :   11100000;
	[02F98..02F9E]  :   11100001;
	02F9F  :   11100000;
	[02FA0..02FA1]  :   11100001;
	[02FA2..02FA5]  :   11100000;
	[02FA6..02FAA]  :   11100001;
	[02FAB..02FAD]  :   11100010;
	[02FAE..02FB5]  :   11100001;
	[02FB6..02FBB]  :   11100000;
	[02FBC..02FBF]  :   11100001;
	[02FC0..02FD0]  :   11100000;
	[02FD1..02FD7]  :   11011111;
	[02FD8..02FDA]  :   11100000;
	[02FDB..02FE9]  :   11011111;
	[02FEA..02FEF]  :   11011110;
	[02FF0..02FF1]  :   11011111;
	[02FF2..03017]  :   11011110;
	[03018..03027]  :   11011101;
	[03028..0302F]  :   11011110;
	[03030..03031]  :   11011111;
	[03032..03033]  :   11011110;
	[03034..03036]  :   11011111;
	[03037..0303F]  :   11100000;
	03040  :   11011111;
	03041  :   11100000;
	[03042..03055]  :   11100001;
	[03056..03057]  :   11100010;
	[03058..03059]  :   11100001;
	[0305A..0305C]  :   11100010;
	[0305D..03060]  :   11100011;
	[03061..03063]  :   11100010;
	[03064..03066]  :   11100011;
	[03067..0306A]  :   11100100;
	[0306B..0306F]  :   11100011;
	[03070..0307D]  :   11100100;
	[0307E..0308C]  :   11100101;
	0308D  :   11100110;
	[0308E..0308F]  :   11100101;
	[03090..030A3]  :   11100110;
	[030A4..030AF]  :   11100101;
	[030B0..030B8]  :   11100100;
	[030B9..030BF]  :   11100011;
	030C0  :   11011011;
	030C1  :   11011100;
	030C2  :   11011101;
	[030C3..030C6]  :   11011110;
	[030C7..030D1]  :   11011111;
	[030D2..030D5]  :   11100000;
	[030D6..030DC]  :   11100001;
	030DD  :   11100010;
	[030DE..030E1]  :   11100001;
	[030E2..030E5]  :   11100000;
	[030E6..030E7]  :   11100001;
	030E8  :   11100000;
	[030E9..030EA]  :   11100001;
	[030EB..030ED]  :   11100010;
	[030EE..030F1]  :   11100001;
	[030F2..030F3]  :   11100010;
	[030F4..030F5]  :   11100001;
	[030F6..030FC]  :   11100000;
	[030FD..030FF]  :   11100001;
	[03100..03103]  :   11100000;
	[03104..03105]  :   11100001;
	[03106..03111]  :   11100000;
	[03112..03115]  :   11011111;
	[03116..03119]  :   11100000;
	[0311A..03129]  :   11011111;
	[0312A..03139]  :   11011110;
	0313A  :   11011111;
	[0313B..0313E]  :   11011110;
	0313F  :   11011111;
	[03140..0314F]  :   11011110;
	[03150..03151]  :   11011101;
	[03152..03155]  :   11011110;
	[03156..03165]  :   11011101;
	[03166..03167]  :   11011100;
	[03168..0316A]  :   11011110;
	[0316B..0316F]  :   11011101;
	[03170..03174]  :   11011110;
	03175  :   11011111;
	[03176..03177]  :   11100000;
	03178  :   11100001;
	[03179..0317F]  :   11100000;
	[03180..03181]  :   11011111;
	03182  :   11100000;
	[03183..03195]  :   11100001;
	[03196..03197]  :   11100010;
	03198  :   11100000;
	03199  :   11100001;
	0319A  :   11100010;
	[0319B..0319D]  :   11100011;
	[0319E..031A4]  :   11100010;
	[031A5..031A6]  :   11100011;
	[031A7..031AB]  :   11100100;
	[031AC..031B1]  :   11100011;
	[031B2..031BD]  :   11100100;
	[031BE..031CE]  :   11100101;
	031CF  :   11100100;
	[031D0..031E3]  :   11100110;
	[031E4..031F0]  :   11100101;
	[031F1..031F7]  :   11100100;
	[031F8..031FF]  :   11100011;
	03200  :   11011100;
	03201  :   11011101;
	[03202..03204]  :   11011110;
	[03205..0320B]  :   11011111;
	[0320C..0320D]  :   11011110;
	0320E  :   11011111;
	[0320F..03218]  :   11100000;
	[03219..0321D]  :   11100001;
	[0321E..03222]  :   11100000;
	[03223..0322B]  :   11100001;
	[0322C..0322D]  :   11100010;
	[0322E..03232]  :   11100001;
	[03233..03234]  :   11100010;
	[03235..03238]  :   11100001;
	[03239..0323B]  :   11100000;
	[0323C..0323D]  :   11100001;
	0323E  :   11100010;
	[0323F..03240]  :   11100001;
	[03241..03243]  :   11100000;
	[03244..03246]  :   11100001;
	[03247..0324F]  :   11100000;
	[03250..03255]  :   11011111;
	[03256..03259]  :   11100000;
	[0325A..03269]  :   11011111;
	[0326A..0328F]  :   11011110;
	03290  :   11011111;
	03291  :   11011011;
	03292  :   11011111;
	03293  :   11011110;
	03294  :   11011100;
	03295  :   11011110;
	03296  :   11011101;
	03297  :   11011100;
	03298  :   11011101;
	03299  :   11011111;
	[0329A..0329B]  :   11011100;
	0329C  :   11011111;
	0329D  :   11011100;
	0329E  :   11011011;
	0329F  :   11100000;
	[032A0..032A1]  :   11011101;
	[032A2..032A7]  :   11011100;
	032A8  :   11011101;
	032A9  :   11011100;
	032AA  :   11011101;
	032AB  :   11011110;
	[032AC..032AD]  :   11011101;
	032AE  :   11100000;
	032AF  :   11011100;
	032B0  :   11011111;
	[032B1..032B2]  :   11011101;
	032B3  :   11011110;
	032B4  :   11011111;
	[032B5..032B6]  :   11011110;
	[032B7..032B8]  :   11011111;
	[032B9..032BA]  :   11100000;
	[032BB..032BC]  :   11011111;
	[032BD..032C7]  :   11100000;
	[032C8..032D7]  :   11100001;
	032D8  :   11100000;
	[032D9..032DA]  :   11100001;
	[032DB..032DD]  :   11100010;
	[032DE..032DF]  :   11100011;
	[032E0..032E5]  :   11100010;
	[032E6..032F0]  :   11100011;
	[032F1..032FD]  :   11100100;
	[032FE..032FF]  :   11100101;
	[03300..03302]  :   11100100;
	[03303..0330F]  :   11100101;
	[03310..03323]  :   11100110;
	[03324..03330]  :   11100101;
	[03331..03338]  :   11100100;
	[03339..0333A]  :   11100011;
	0333B  :   11100010;
	[0333C..0333F]  :   11100011;
	03340  :   11011100;
	03341  :   11011101;
	[03342..03345]  :   11011110;
	[03346..0334E]  :   11011111;
	[0334F..03358]  :   11100000;
	[03359..0335D]  :   11100001;
	[0335E..03362]  :   11100000;
	[03363..0336B]  :   11100001;
	[0336C..0336D]  :   11100010;
	[0336E..03370]  :   11100001;
	03371  :   11100000;
	03372  :   11100001;
	[03373..03374]  :   11100010;
	[03375..03378]  :   11100001;
	[03379..0337B]  :   11100000;
	[0337C..03380]  :   11100001;
	[03381..0338F]  :   11100000;
	[03390..03396]  :   11011111;
	[03397..0339A]  :   11100000;
	[0339B..033A8]  :   11011111;
	[033A9..033CD]  :   11011110;
	[033CE..033CF]  :   11011101;
	033D0  :   11011011;
	033D1  :   11011100;
	033D2  :   11011101;
	033D3  :   11011010;
	[033D4..033D5]  :   11011101;
	033D6  :   11011100;
	[033D7..033D8]  :   11011011;
	033D9  :   11011100;
	033DA  :   11011011;
	033DB  :   11011100;
	033DC  :   11011111;
	033DD  :   11011110;
	033DE  :   11011011;
	033DF  :   11011100;
	[033E0..033E2]  :   11011101;
	[033E3..033E7]  :   11011100;
	033E8  :   11011011;
	033E9  :   11011100;
	033EA  :   11011111;
	033EB  :   11011110;
	033EC  :   11011010;
	[033ED..033EE]  :   11011100;
	033EF  :   11011110;
	033F0  :   11011101;
	[033F1..033F2]  :   11011100;
	033F3  :   11011101;
	[033F4..033F5]  :   11011110;
	033F6  :   11011111;
	033F7  :   11100000;
	[033F8..033FC]  :   11011111;
	[033FD..03407]  :   11100000;
	[03408..0341B]  :   11100001;
	[0341C..03426]  :   11100010;
	[03427..03433]  :   11100011;
	[03434..0343E]  :   11100100;
	0343F  :   11100101;
	[03440..03442]  :   11100100;
	[03443..0344F]  :   11100101;
	[03450..03463]  :   11100110;
	[03464..03470]  :   11100101;
	[03471..03478]  :   11100100;
	[03479..0347F]  :   11100011;
	03480  :   11011100;
	03481  :   11011101;
	[03482..03487]  :   11011110;
	[03488..0348D]  :   11011111;
	[0348E..0348F]  :   11100000;
	03490  :   11011111;
	[03491..03498]  :   11100000;
	[03499..0349D]  :   11100001;
	[0349E..0349F]  :   11100000;
	[034A0..034AF]  :   11100001;
	[034B0..034B2]  :   11100000;
	034B3  :   11100001;
	034B4  :   11100010;
	[034B5..034B6]  :   11100001;
	034B7  :   11100010;
	[034B8..034BA]  :   11100000;
	[034BB..034BE]  :   11100001;
	034BF  :   11100000;
	034C0  :   11100001;
	[034C1..034C5]  :   11100000;
	[034C6..034C7]  :   11011111;
	[034C8..034D1]  :   11100000;
	[034D2..034D7]  :   11011111;
	[034D8..034DA]  :   11100000;
	[034DB..034E8]  :   11011111;
	[034E9..03507]  :   11011110;
	[03508..0350F]  :   11011101;
	03510  :   11011110;
	03511  :   11100000;
	03512  :   11011101;
	03513  :   11011010;
	03514  :   11100001;
	03515  :   11011110;
	03516  :   11011100;
	03517  :   11011011;
	03518  :   11011100;
	03519  :   11011101;
	0351A  :   11011100;
	[0351B..0351C]  :   11011011;
	[0351D..0351E]  :   11011101;
	0351F  :   11011100;
	03520  :   11011101;
	[03521..03527]  :   11011100;
	03528  :   11011101;
	03529  :   11011100;
	[0352A..0352B]  :   11011101;
	0352C  :   11011001;
	0352D  :   11011100;
	0352E  :   11011001;
	0352F  :   11011110;
	03530  :   11011100;
	[03531..03533]  :   11011101;
	03534  :   11011110;
	[03535..03537]  :   11011111;
	03538  :   11011110;
	[03539..0353C]  :   11011111;
	[0353D..0353E]  :   11100000;
	[0353F..03541]  :   11011111;
	[03542..03550]  :   11100000;
	[03551..0355F]  :   11100001;
	[03560..03567]  :   11100010;
	[03568..03576]  :   11100011;
	[03577..03582]  :   11100100;
	[03583..0358F]  :   11100101;
	[03590..035A3]  :   11100110;
	[035A4..035B0]  :   11100101;
	[035B1..035B9]  :   11100100;
	[035BA..035BF]  :   11100011;
	[035C0..035C1]  :   11011101;
	[035C2..035C7]  :   11011110;
	[035C8..035CE]  :   11011111;
	035CF  :   11100000;
	[035D0..035D1]  :   11011111;
	[035D2..035D8]  :   11100000;
	[035D9..035DD]  :   11100001;
	[035DE..035DF]  :   11100000;
	[035E0..035F0]  :   11100001;
	[035F1..035F2]  :   11100000;
	[035F3..035F7]  :   11100001;
	[035F8..035F9]  :   11100000;
	[035FA..035FD]  :   11100001;
	[035FE..03602]  :   11100000;
	[03603..03607]  :   11011111;
	[03608..03612]  :   11100000;
	[03613..03617]  :   11011111;
	[03618..03619]  :   11100000;
	[0361A..03627]  :   11011111;
	[03628..03643]  :   11011110;
	[03644..0364C]  :   11011101;
	[0364D..0364F]  :   11011100;
	03650  :   11011011;
	03651  :   11011101;
	03652  :   11011011;
	03653  :   11011000;
	03654  :   11011101;
	03655  :   11011000;
	[03656..03658]  :   11011011;
	03659  :   11011010;
	[0365A..0365B]  :   11011011;
	0365C  :   11011001;
	0365D  :   11011010;
	[0365E..0365F]  :   11011100;
	[03660..03667]  :   11011011;
	03668  :   11011100;
	03669  :   11011011;
	0366A  :   11011010;
	[0366B..0366C]  :   11011011;
	[0366D..0366E]  :   11011100;
	0366F  :   11011101;
	03670  :   11011100;
	[03671..03672]  :   11011110;
	[03673..03674]  :   11011101;
	03675  :   11011110;
	03676  :   11011111;
	03677  :   11011110;
	03678  :   11011101;
	03679  :   11011110;
	[0367A..0367C]  :   11011111;
	0367D  :   11100000;
	[0367E..03681]  :   11011111;
	[03682..03692]  :   11100000;
	[03693..0369F]  :   11100001;
	[036A0..036A7]  :   11100010;
	[036A8..036B7]  :   11100011;
	[036B8..036C3]  :   11100100;
	[036C4..036CF]  :   11100101;
	[036D0..036E3]  :   11100110;
	[036E4..036F0]  :   11100101;
	[036F1..036F9]  :   11100100;
	[036FA..036FF]  :   11100011;
	[03700..03701]  :   11011101;
	[03702..0370B]  :   11011110;
	[0370C..03711]  :   11011111;
	[03712..03718]  :   11100000;
	[03719..0371D]  :   11100001;
	[0371E..0371F]  :   11100000;
	[03720..03734]  :   11100001;
	[03735..03736]  :   11100000;
	03737  :   11100001;
	[03738..03739]  :   11100000;
	[0373A..0373C]  :   11100001;
	[0373D..03743]  :   11100000;
	[03744..03747]  :   11011111;
	[03748..03752]  :   11100000;
	[03753..03767]  :   11011111;
	[03768..0377F]  :   11011110;
	[03780..0378C]  :   11011101;
	[0378D..0378F]  :   11011100;
	03790  :   11011101;
	[03791..03792]  :   11011110;
	03793  :   11011001;
	03794  :   11011010;
	03795  :   11011001;
	03796  :   11011110;
	03797  :   11011100;
	03798  :   11011001;
	03799  :   11011000;
	0379A  :   11011001;
	[0379B..0379C]  :   11011011;
	0379D  :   11011010;
	0379E  :   11011011;
	0379F  :   11011010;
	[037A0..037A1]  :   11011011;
	[037A2..037A7]  :   11011010;
	037A8  :   11011001;
	037A9  :   11011011;
	[037AA..037AB]  :   11011010;
	037AC  :   11011011;
	037AD  :   11011000;
	037AE  :   11011101;
	037AF  :   11011001;
	037B0  :   11011010;
	037B1  :   11011100;
	[037B2..037B3]  :   11011101;
	037B4  :   11011100;
	[037B5..037B6]  :   11011101;
	037B7  :   11011100;
	037B8  :   11011101;
	[037B9..037BA]  :   11011110;
	[037BB..037C2]  :   11011111;
	[037C3..037D2]  :   11100000;
	[037D3..037DD]  :   11100001;
	[037DE..037E9]  :   11100010;
	[037EA..037F7]  :   11100011;
	[037F8..03803]  :   11100100;
	[03804..0380F]  :   11100101;
	03810  :   11100110;
	[03811..03816]  :   11100101;
	[03817..03823]  :   11100110;
	[03824..03830]  :   11100101;
	[03831..0383A]  :   11100100;
	[0383B..0383F]  :   11100011;
	[03840..03841]  :   11011101;
	[03842..0384B]  :   11011110;
	[0384C..03852]  :   11011111;
	[03853..03858]  :   11100000;
	[03859..0385D]  :   11100001;
	[0385E..0385F]  :   11100000;
	[03860..03874]  :   11100001;
	[03875..03878]  :   11100000;
	[03879..0387C]  :   11100001;
	[0387D..03883]  :   11100000;
	[03884..03887]  :   11011111;
	[03888..03892]  :   11100000;
	[03893..038A5]  :   11011111;
	[038A6..038BF]  :   11011110;
	[038C0..038CC]  :   11011101;
	[038CD..038CF]  :   11011100;
	038D0  :   11011011;
	[038D1..038D3]  :   11011010;
	[038D4..038D5]  :   11011100;
	038D6  :   11010110;
	038D7  :   11011000;
	038D8  :   11011100;
	038D9  :   11011011;
	[038DA..038DB]  :   11011001;
	038DC  :   11011011;
	038DD  :   11011100;
	038DE  :   11011010;
	038DF  :   11011001;
	038E0  :   11011011;
	[038E1..038E8]  :   11011010;
	[038E9..038EA]  :   11011011;
	038EB  :   11011100;
	038EC  :   11011010;
	038ED  :   11011100;
	038EE  :   11100000;
	[038EF..038F0]  :   11011010;
	038F1  :   11011011;
	[038F2..038F3]  :   11011100;
	[038F4..038F9]  :   11011101;
	[038FA..038FB]  :   11011110;
	[038FC..03902]  :   11011111;
	[03903..03912]  :   11100000;
	[03913..0391D]  :   11100001;
	[0391E..0392C]  :   11100010;
	[0392D..03937]  :   11100011;
	[03938..03944]  :   11100100;
	[03945..03957]  :   11100101;
	[03958..03963]  :   11100110;
	[03964..03970]  :   11100101;
	[03971..0397B]  :   11100100;
	[0397C..0397F]  :   11100011;
	03980  :   11011100;
	03981  :   11011101;
	[03982..0398B]  :   11011110;
	[0398C..03992]  :   11011111;
	[03993..03998]  :   11100000;
	[03999..0399D]  :   11100001;
	[0399E..0399F]  :   11100000;
	[039A0..039AB]  :   11100001;
	[039AC..039AD]  :   11100000;
	[039AE..039B0]  :   11100001;
	[039B1..039B2]  :   11100000;
	[039B3..039B4]  :   11100001;
	[039B5..039B8]  :   11100000;
	[039B9..039BB]  :   11100001;
	[039BC..039C3]  :   11100000;
	[039C4..039C7]  :   11011111;
	[039C8..039D0]  :   11100000;
	[039D1..039E3]  :   11011111;
	[039E4..039FF]  :   11011110;
	[03A00..03A0B]  :   11011101;
	[03A0C..03A0F]  :   11011100;
	03A10  :   11011101;
	03A11  :   11011001;
	03A12  :   11011010;
	03A13  :   11011111;
	03A14  :   11010110;
	03A15  :   10111011;
	03A16  :   10100001;
	03A17  :   10110110;
	03A18  :   11010010;
	03A19  :   11011001;
	03A1A  :   11011010;
	03A1B  :   11010111;
	03A1C  :   11011001;
	03A1D  :   11011011;
	[03A1E..03A28]  :   11011010;
	03A29  :   11011001;
	03A2A  :   11011100;
	03A2B  :   11010010;
	03A2C  :   10111110;
	03A2D  :   11001001;
	03A2E  :   11001010;
	03A2F  :   11001110;
	[03A30..03A32]  :   11011011;
	03A33  :   11011100;
	[03A34..03A36]  :   11011101;
	03A37  :   11011110;
	[03A38..03A39]  :   11011101;
	[03A3A..03A3C]  :   11011110;
	03A3D  :   11011111;
	03A3E  :   11100000;
	[03A3F..03A44]  :   11011111;
	[03A45..03A46]  :   11100000;
	03A47  :   11100001;
	[03A48..03A52]  :   11100000;
	[03A53..03A5D]  :   11100001;
	[03A5E..03A5F]  :   11100010;
	03A60  :   11100001;
	[03A61..03A6D]  :   11100010;
	[03A6E..03A78]  :   11100011;
	[03A79..03A84]  :   11100100;
	[03A85..03A8F]  :   11100101;
	[03A90..03A91]  :   11100110;
	[03A92..03A95]  :   11100101;
	[03A96..03AA3]  :   11100110;
	[03AA4..03AB0]  :   11100101;
	[03AB1..03ABB]  :   11100100;
	[03ABC..03ABF]  :   11100011;
	03AC0  :   11011100;
	03AC1  :   11011101;
	[03AC2..03ACB]  :   11011110;
	03ACC  :   11011111;
	03ACD  :   11100000;
	[03ACE..03AD2]  :   11011111;
	[03AD3..03AD8]  :   11100000;
	[03AD9..03ADD]  :   11100001;
	[03ADE..03ADF]  :   11100000;
	[03AE0..03AEB]  :   11100001;
	[03AEC..03AEE]  :   11100000;
	[03AEF..03AF0]  :   11100001;
	[03AF1..03AF2]  :   11100000;
	[03AF3..03AF4]  :   11100001;
	[03AF5..03AF6]  :   11100000;
	03AF7  :   11100001;
	03AF8  :   11100000;
	[03AF9..03AFB]  :   11100001;
	[03AFC..03B03]  :   11100000;
	[03B04..03B07]  :   11011111;
	[03B08..03B0F]  :   11100000;
	[03B10..03B22]  :   11011111;
	[03B23..03B3F]  :   11011110;
	[03B40..03B4B]  :   11011101;
	[03B4C..03B50]  :   11011100;
	03B51  :   11011001;
	03B52  :   11011010;
	03B53  :   11011011;
	03B54  :   10110100;
	03B55  :   01101111;
	03B56  :   01000011;
	03B57  :   01110000;
	03B58  :   10111001;
	03B59  :   11001110;
	03B5A  :   11011001;
	03B5B  :   11010111;
	03B5C  :   11011000;
	03B5D  :   11011001;
	[03B5E..03B5F]  :   11011000;
	[03B60..03B69]  :   11011001;
	03B6A  :   11011011;
	03B6B  :   10111111;
	03B6C  :   10001100;
	[03B6D..03B6E]  :   10010101;
	03B6F  :   10100111;
	03B70  :   11011101;
	03B71  :   11011011;
	03B72  :   11011010;
	03B73  :   11011011;
	[03B74..03B76]  :   11011100;
	03B77  :   11011110;
	[03B78..03B79]  :   11011101;
	03B7A  :   11011110;
	03B7B  :   11011101;
	03B7C  :   11011110;
	03B7D  :   11011111;
	[03B7E..03B7F]  :   11100000;
	[03B80..03B82]  :   11011111;
	03B83  :   11011110;
	[03B84..03B85]  :   11011111;
	[03B86..03B92]  :   11100000;
	[03B93..03B97]  :   11100001;
	03B98  :   11100010;
	[03B99..03BA1]  :   11100001;
	[03BA2..03BAF]  :   11100010;
	[03BB0..03BB9]  :   11100011;
	[03BBA..03BC4]  :   11100100;
	[03BC5..03BCF]  :   11100101;
	[03BD0..03BD2]  :   11100110;
	[03BD3..03BD4]  :   11100101;
	[03BD5..03BE3]  :   11100110;
	[03BE4..03BF0]  :   11100101;
	[03BF1..03BFB]  :   11100100;
	[03BFC..03BFF]  :   11100011;
	[03C00..03C03]  :   11011101;
	[03C04..03C08]  :   11011110;
	03C09  :   11011101;
	[03C0A..03C0B]  :   11011110;
	03C0C  :   11011111;
	[03C0D..03C0E]  :   11011110;
	[03C0F..03C10]  :   11011111;
	[03C11..03C12]  :   11100000;
	03C13  :   11100001;
	[03C14..03C19]  :   11100000;
	[03C1A..03C1F]  :   11100001;
	[03C20..03C21]  :   11100010;
	[03C22..03C2C]  :   11100001;
	[03C2D..03C2F]  :   11100000;
	[03C30..03C33]  :   11100001;
	[03C34..03C35]  :   11100000;
	[03C36..03C37]  :   11100001;
	03C38  :   11100000;
	[03C39..03C3B]  :   11011111;
	[03C3C..03C43]  :   11100000;
	[03C44..03C47]  :   11011111;
	[03C48..03C4F]  :   11100000;
	[03C50..03C63]  :   11011111;
	[03C64..03C79]  :   11011110;
	[03C7A..03C7C]  :   11011101;
	03C7D  :   11011110;
	[03C7E..03C87]  :   11011101;
	03C88  :   11011111;
	03C89  :   11011110;
	03C8A  :   11011100;
	03C8B  :   11011011;
	[03C8C..03C8E]  :   11011100;
	03C8F  :   11011111;
	03C90  :   11010111;
	03C91  :   11011001;
	03C92  :   11011000;
	03C93  :   11011011;
	03C94  :   10010100;
	03C95  :   01001010;
	03C96  :   00110010;
	03C97  :   01010001;
	03C98  :   01111011;
	03C99  :   10011101;
	03C9A  :   11001011;
	03C9B  :   11100000;
	03C9C  :   11011000;
	03C9D  :   11010100;
	03C9E  :   11011101;
	[03C9F..03CA0]  :   11010110;
	03CA1  :   11011100;
	03CA2  :   11011000;
	03CA3  :   11010101;
	03CA4  :   11010111;
	03CA5  :   11010101;
	03CA6  :   11011010;
	03CA7  :   11010111;
	03CA8  :   11011010;
	03CA9  :   11010010;
	03CAA  :   11000100;
	03CAB  :   10100000;
	03CAC  :   01110110;
	03CAD  :   01101100;
	03CAE  :   01101000;
	03CAF  :   10000100;
	03CB0  :   11010000;
	[03CB1..03CB2]  :   11010111;
	03CB3  :   11011010;
	03CB4  :   11011101;
	03CB5  :   11011010;
	03CB6  :   11011101;
	03CB7  :   11011011;
	[03CB8..03CBA]  :   11011101;
	[03CBB..03CBF]  :   11011110;
	[03CC0..03CC3]  :   11011111;
	[03CC4..03CD3]  :   11100000;
	[03CD4..03CE1]  :   11100001;
	[03CE2..03CEF]  :   11100010;
	[03CF0..03CF9]  :   11100011;
	[03CFA..03D05]  :   11100100;
	[03D06..03D11]  :   11100101;
	[03D12..03D25]  :   11100110;
	[03D26..03D32]  :   11100101;
	[03D33..03D3C]  :   11100100;
	[03D3D..03D3F]  :   11100011;
	[03D40..03D43]  :   11011101;
	[03D44..03D4A]  :   11011110;
	[03D4B..03D4C]  :   11011111;
	[03D4D..03D4E]  :   11011110;
	[03D4F..03D51]  :   11011111;
	[03D52..03D5B]  :   11100000;
	[03D5C..03D6D]  :   11100001;
	[03D6E..03D6F]  :   11100000;
	[03D70..03D73]  :   11100001;
	[03D74..03D75]  :   11100000;
	[03D76..03D77]  :   11100001;
	03D78  :   11100000;
	[03D79..03D7A]  :   11011111;
	[03D7B..03D83]  :   11100000;
	[03D84..03D87]  :   11011111;
	[03D88..03D8A]  :   11100000;
	[03D8B..03D8C]  :   11011111;
	[03D8D..03D8F]  :   11100000;
	[03D90..03DA2]  :   11011111;
	[03DA3..03DB9]  :   11011110;
	[03DBA..03DC7]  :   11011101;
	[03DC8..03DCA]  :   11011100;
	03DCB  :   11011101;
	03DCC  :   11011110;
	03DCD  :   11011100;
	[03DCE..03DCF]  :   11011010;
	03DD0  :   11011011;
	03DD1  :   11011000;
	03DD2  :   11010111;
	03DD3  :   11000001;
	03DD4  :   10001010;
	03DD5  :   01001001;
	03DD6  :   00101000;
	03DD7  :   00110110;
	03DD8  :   01000011;
	03DD9  :   01011111;
	03DDA  :   10010111;
	03DDB  :   10111001;
	03DDC  :   11001001;
	03DDD  :   11010110;
	03DDE  :   11010100;
	03DDF  :   11011001;
	03DE0  :   11010100;
	03DE1  :   11010101;
	03DE2  :   11010110;
	03DE3  :   11010111;
	03DE4  :   11011001;
	03DE5  :   11011000;
	03DE6  :   11010110;
	03DE7  :   11010101;
	03DE8  :   11011011;
	03DE9  :   11010101;
	03DEA  :   10100111;
	03DEB  :   01110100;
	03DEC  :   01000100;
	03DED  :   01001001;
	03DEE  :   01101101;
	03DEF  :   01010111;
	03DF0  :   10000101;
	03DF1  :   11010100;
	03DF2  :   11010010;
	03DF3  :   11010000;
	03DF4  :   11011000;
	[03DF5..03DF6]  :   11011101;
	[03DF7..03DFF]  :   11011110;
	[03E00..03E03]  :   11011111;
	[03E04..03E13]  :   11100000;
	[03E14..03E22]  :   11100001;
	[03E23..03E2F]  :   11100010;
	[03E30..03E39]  :   11100011;
	[03E3A..03E45]  :   11100100;
	[03E46..03E51]  :   11100101;
	[03E52..03E65]  :   11100110;
	[03E66..03E72]  :   11100101;
	[03E73..03E7C]  :   11100100;
	[03E7D..03E7F]  :   11100011;
	[03E80..03E83]  :   11011101;
	[03E84..03E8A]  :   11011110;
	[03E8B..03E93]  :   11011111;
	[03E94..03E96]  :   11100000;
	[03E97..03E99]  :   11011111;
	[03E9A..03E9B]  :   11100000;
	[03E9C..03E9F]  :   11100001;
	[03EA0..03EA2]  :   11100000;
	[03EA3..03EAE]  :   11100001;
	03EAF  :   11100000;
	[03EB0..03EB3]  :   11100001;
	[03EB4..03EB5]  :   11100000;
	[03EB6..03EB8]  :   11100001;
	03EB9  :   11100000;
	03EBA  :   11011111;
	[03EBB..03EC3]  :   11100000;
	[03EC4..03EC7]  :   11011111;
	[03EC8..03EC9]  :   11100000;
	[03ECA..03EE1]  :   11011111;
	[03EE2..03EF9]  :   11011110;
	[03EFA..03F07]  :   11011101;
	03F08  :   11011111;
	03F09  :   11011110;
	[03F0A..03F0B]  :   11011101;
	03F0C  :   11011100;
	03F0D  :   11011011;
	03F0E  :   11011001;
	03F0F  :   11011000;
	03F10  :   11010111;
	03F11  :   11011011;
	03F12  :   11001011;
	03F13  :   10010101;
	03F14  :   01011111;
	03F15  :   00111010;
	03F16  :   00101001;
	03F17  :   00100111;
	03F18  :   00101100;
	03F19  :   00101110;
	03F1A  :   01010011;
	03F1B  :   10000100;
	03F1C  :   10101111;
	03F1D  :   11010111;
	03F1E  :   10111011;
	03F1F  :   11001010;
	03F20  :   11010101;
	03F21  :   11010110;
	03F22  :   11011010;
	03F23  :   11011100;
	03F24  :   11010111;
	03F25  :   11010101;
	03F26  :   11011010;
	03F27  :   11010101;
	03F28  :   11010001;
	03F29  :   11000011;
	03F2A  :   10010110;
	03F2B  :   01011000;
	03F2C  :   00101000;
	03F2D  :   00110101;
	03F2E  :   01011111;
	03F2F  :   00111001;
	03F30  :   01100101;
	03F31  :   10111010;
	03F32  :   10110110;
	03F33  :   11010011;
	03F34  :   11011101;
	03F35  :   11011010;
	03F36  :   11011001;
	[03F37..03F39]  :   11011101;
	[03F3A..03F3F]  :   11011110;
	[03F40..03F47]  :   11011111;
	[03F48..03F53]  :   11100000;
	[03F54..03F63]  :   11100001;
	[03F64..03F6F]  :   11100010;
	[03F70..03F7A]  :   11100011;
	[03F7B..03F85]  :   11100100;
	[03F86..03F91]  :   11100101;
	[03F92..03FA6]  :   11100110;
	[03FA7..03FB2]  :   11100101;
	[03FB3..03FBC]  :   11100100;
	[03FBD..03FBF]  :   11100011;
	[03FC0..03FC3]  :   11011101;
	[03FC4..03FCA]  :   11011110;
	[03FCB..03FD3]  :   11011111;
	[03FD4..03FD5]  :   11100000;
	[03FD6..03FD9]  :   11011111;
	[03FDA..03FDB]  :   11100000;
	[03FDC..03FDF]  :   11100001;
	[03FE0..03FE2]  :   11100000;
	[03FE3..03FF3]  :   11100001;
	[03FF4..03FF5]  :   11100000;
	[03FF6..03FF8]  :   11100001;
	[03FF9..04003]  :   11100000;
	[04004..04006]  :   11011111;
	[04007..04009]  :   11100000;
	[0400A..0401F]  :   11011111;
	[04020..04039]  :   11011110;
	[0403A..04048]  :   11011101;
	[04049..0404A]  :   11011100;
	[0404B..0404C]  :   11011011;
	[0404D..0404E]  :   11011100;
	0404F  :   11011010;
	04050  :   11010111;
	04051  :   11001111;
	04052  :   11000110;
	04053  :   10010001;
	04054  :   00111001;
	[04055..04057]  :   00100001;
	04058  :   00100000;
	04059  :   00011100;
	0405A  :   00110101;
	0405B  :   01100111;
	0405C  :   01111111;
	0405D  :   10100010;
	0405E  :   10001010;
	0405F  :   11000101;
	04060  :   11010100;
	04061  :   10101001;
	04062  :   10100010;
	04063  :   11000011;
	04064  :   11000111;
	[04065..04066]  :   10101110;
	04067  :   10100011;
	04068  :   10001100;
	04069  :   01111111;
	0406A  :   01101101;
	0406B  :   00111100;
	0406C  :   00100001;
	0406D  :   00101011;
	0406E  :   00111100;
	0406F  :   00101110;
	04070  :   01100111;
	04071  :   10010111;
	04072  :   10010011;
	04073  :   11000001;
	04074  :   11010111;
	04075  :   11011101;
	04076  :   11011110;
	04077  :   11011010;
	04078  :   11011100;
	[04079..0407A]  :   11011101;
	[0407B..0407F]  :   11011110;
	[04080..04088]  :   11011111;
	[04089..04094]  :   11100000;
	[04095..040A3]  :   11100001;
	[040A4..040B0]  :   11100010;
	[040B1..040BA]  :   11100011;
	[040BB..040C5]  :   11100100;
	[040C6..040D1]  :   11100101;
	[040D2..040E7]  :   11100110;
	[040E8..040F2]  :   11100101;
	[040F3..040FD]  :   11100100;
	[040FE..040FF]  :   11100011;
	[04100..04103]  :   11011101;
	[04104..0410A]  :   11011110;
	[0410B..0410F]  :   11011111;
	04110  :   11100000;
	[04111..04113]  :   11011111;
	[04114..04116]  :   11100000;
	[04117..04118]  :   11011111;
	[04119..04121]  :   11100000;
	[04122..04126]  :   11100001;
	04127  :   11100000;
	[04128..04133]  :   11100001;
	[04134..04135]  :   11100000;
	[04136..04138]  :   11100001;
	[04139..04143]  :   11100000;
	[04144..04145]  :   11011111;
	[04146..0414A]  :   11100000;
	[0414B..0415D]  :   11011111;
	[0415E..04179]  :   11011110;
	[0417A..04187]  :   11011101;
	04188  :   11011100;
	04189  :   11011011;
	[0418A..0418B]  :   11011101;
	[0418C..0418D]  :   11011011;
	0418E  :   11011001;
	0418F  :   11010100;
	04190  :   10111000;
	04191  :   10110000;
	04192  :   11001000;
	04193  :   10101101;
	04194  :   01000010;
	04195  :   00100010;
	[04196..04197]  :   00011100;
	04198  :   00011010;
	04199  :   00011111;
	0419A  :   00110110;
	0419B  :   01010101;
	0419C  :   01001101;
	0419D  :   01010101;
	0419E  :   01011001;
	0419F  :   10110111;
	041A0  :   10111011;
	041A1  :   01101010;
	041A2  :   01100000;
	041A3  :   10000010;
	041A4  :   10000001;
	041A5  :   01011010;
	041A6  :   01010111;
	041A7  :   01010011;
	[041A8..041A9]  :   00110100;
	041AA  :   00101110;
	041AB  :   00011101;
	041AC  :   00011001;
	041AD  :   00100000;
	041AE  :   00100111;
	041AF  :   00101101;
	041B0  :   01101001;
	041B1  :   01101000;
	041B2  :   01011110;
	041B3  :   10000101;
	041B4  :   10111110;
	[041B5..041B6]  :   11011000;
	041B7  :   11011001;
	041B8  :   11011100;
	[041B9..041BA]  :   11011101;
	[041BB..041BF]  :   11011110;
	[041C0..041C9]  :   11011111;
	[041CA..041D7]  :   11100000;
	[041D8..041E3]  :   11100001;
	[041E4..041F0]  :   11100010;
	[041F1..041FB]  :   11100011;
	[041FC..04205]  :   11100100;
	[04206..04212]  :   11100101;
	[04213..04227]  :   11100110;
	[04228..04233]  :   11100101;
	[04234..0423D]  :   11100100;
	[0423E..0423F]  :   11100011;
	[04240..04243]  :   11011101;
	[04244..0424A]  :   11011110;
	[0424B..0424F]  :   11011111;
	[04250..0425F]  :   11100000;
	[04260..04266]  :   11100001;
	04267  :   11100000;
	[04268..04273]  :   11100001;
	[04274..04275]  :   11100000;
	[04276..04278]  :   11100001;
	[04279..04284]  :   11100000;
	04285  :   11011111;
	[04286..0428A]  :   11100000;
	[0428B..0429C]  :   11011111;
	[0429D..042B8]  :   11011110;
	[042B9..042BF]  :   11011101;
	042C0  :   11011100;
	[042C1..042C7]  :   11011101;
	042C8  :   11011111;
	042C9  :   11011101;
	042CA  :   11011110;
	042CB  :   11011101;
	[042CC..042CD]  :   11011001;
	042CE  :   11010111;
	042CF  :   11010001;
	042D0  :   10011100;
	042D1  :   10011010;
	042D2  :   10101000;
	042D3  :   10110100;
	042D4  :   01101101;
	042D5  :   00100110;
	042D6  :   00011001;
	042D7  :   00011111;
	042D8  :   00011001;
	042D9  :   00011000;
	042DA  :   00011101;
	042DB  :   00011110;
	042DC  :   00100000;
	042DD  :   00101010;
	042DE  :   00111110;
	042DF  :   10000000;
	042E0  :   01101110;
	042E1  :   01001110;
	042E2  :   01010111;
	042E3  :   01000000;
	042E4  :   00101000;
	042E5  :   00100110;
	042E6  :   00101010;
	042E7  :   00011101;
	[042E8..042E9]  :   00011110;
	042EA  :   00100001;
	042EB  :   00100010;
	042EC  :   00011111;
	042ED  :   00100010;
	042EE  :   00101000;
	042EF  :   00111001;
	042F0  :   01000001;
	042F1  :   00111001;
	042F2  :   00110010;
	042F3  :   00111000;
	042F4  :   01111101;
	042F5  :   11001000;
	042F6  :   11011110;
	[042F7..042F9]  :   11011100;
	[042FA..042FB]  :   11011101;
	[042FC..042FF]  :   11011110;
	[04300..0430A]  :   11011111;
	[0430B..04317]  :   11100000;
	[04318..04323]  :   11100001;
	[04324..0432F]  :   11100010;
	[04330..0433B]  :   11100011;
	[0433C..04345]  :   11100100;
	[04346..04352]  :   11100101;
	[04353..0436A]  :   11100110;
	[0436B..04374]  :   11100101;
	[04375..0437E]  :   11100100;
	0437F  :   11100011;
	[04380..04383]  :   11011101;
	[04384..0438A]  :   11011110;
	[0438B..0438F]  :   11011111;
	[04390..0439F]  :   11100000;
	[043A0..043B3]  :   11100001;
	[043B4..043B6]  :   11100000;
	[043B7..043B8]  :   11100001;
	[043B9..043C6]  :   11100000;
	043C7  :   11100001;
	[043C8..043CA]  :   11100000;
	[043CB..043DB]  :   11011111;
	[043DC..043F8]  :   11011110;
	[043F9..043FF]  :   11011101;
	[04400..04401]  :   11011100;
	[04402..04407]  :   11011101;
	04408  :   11011100;
	04409  :   11011010;
	[0440A..0440B]  :   11011011;
	0440C  :   11011001;
	[0440D..0440E]  :   11011011;
	0440F  :   11010101;
	04410  :   10110111;
	04411  :   01111011;
	04412  :   01011110;
	04413  :   10010011;
	04414  :   10000111;
	04415  :   00111100;
	04416  :   00011110;
	[04417..04418]  :   00011001;
	04419  :   00011100;
	0441A  :   00011111;
	0441B  :   00011001;
	0441C  :   00011111;
	0441D  :   00100010;
	0441E  :   00011111;
	0441F  :   00101110;
	04420  :   01000101;
	04421  :   00110111;
	04422  :   01000010;
	04423  :   00111001;
	04424  :   00100101;
	04425  :   00100000;
	04426  :   00100010;
	04427  :   00100101;
	04428  :   00011110;
	04429  :   00011010;
	0442A  :   00100001;
	0442B  :   00100100;
	[0442C..0442D]  :   00011100;
	0442E  :   00100000;
	0442F  :   00110000;
	04430  :   00101101;
	04431  :   00100101;
	04432  :   00101000;
	04433  :   00100101;
	04434  :   01001111;
	04435  :   10100101;
	04436  :   11010100;
	04437  :   11011101;
	04438  :   11011011;
	[04439..0443A]  :   11011100;
	0443B  :   11011101;
	[0443C..0443E]  :   11011110;
	0443F  :   11011101;
	[04440..04447]  :   11011111;
	04448  :   11011110;
	[04449..0444A]  :   11011111;
	[0444B..04457]  :   11100000;
	[04458..04464]  :   11100001;
	[04465..0446F]  :   11100010;
	[04470..0447C]  :   11100011;
	[0447D..04485]  :   11100100;
	[04486..04491]  :   11100101;
	[04492..044AC]  :   11100110;
	[044AD..044B6]  :   11100101;
	[044B7..044BF]  :   11100100;
	[044C0..044C3]  :   11011101;
	[044C4..044CA]  :   11011110;
	[044CB..044CF]  :   11011111;
	[044D0..044D1]  :   11100000;
	044D2  :   11100001;
	[044D3..044DB]  :   11100000;
	[044DC..044DF]  :   11100001;
	[044E0..044E4]  :   11100000;
	[044E5..044E6]  :   11100001;
	044E7  :   11100010;
	[044E8..044F3]  :   11100001;
	[044F4..044F6]  :   11100000;
	[044F7..044F8]  :   11100001;
	044F9  :   11100000;
	044FA  :   11011111;
	[044FB..04506]  :   11100000;
	04507  :   11100001;
	[04508..04509]  :   11100000;
	[0450A..0451A]  :   11011111;
	[0451B..0451E]  :   11011110;
	0451F  :   11011101;
	04520  :   11011111;
	[04521..04538]  :   11011110;
	[04539..0453F]  :   11011101;
	[04540..04541]  :   11011100;
	[04542..04547]  :   11011101;
	04548  :   11011011;
	04549  :   11011010;
	0454A  :   11011101;
	0454B  :   11011110;
	0454C  :   11011010;
	0454D  :   11011001;
	0454E  :   11010111;
	0454F  :   11001110;
	04550  :   10010001;
	04551  :   00111101;
	04552  :   00110110;
	04553  :   01100010;
	04554  :   01001100;
	04555  :   00101110;
	04556  :   00011111;
	04557  :   00011100;
	04558  :   00011111;
	04559  :   00011100;
	0455A  :   00011011;
	0455B  :   00011100;
	0455C  :   00011001;
	0455D  :   00011011;
	0455E  :   00011001;
	0455F  :   00101001;
	04560  :   00110110;
	04561  :   00110000;
	04562  :   00100011;
	04563  :   00100100;
	04564  :   00011110;
	04565  :   00011111;
	04566  :   00100001;
	04567  :   00011100;
	04568  :   00011001;
	04569  :   00011110;
	0456A  :   00011010;
	0456B  :   00011101;
	0456C  :   00011100;
	0456D  :   00011101;
	0456E  :   00100110;
	0456F  :   00100100;
	04570  :   00100001;
	04571  :   00100100;
	[04572..04573]  :   00100111;
	04574  :   01001111;
	04575  :   10101110;
	04576  :   11011100;
	04577  :   11011011;
	[04578..04579]  :   11011100;
	0457A  :   11011101;
	[0457B..0457F]  :   11011110;
	[04580..04587]  :   11011111;
	04588  :   11011110;
	[04589..0458A]  :   11011111;
	[0458B..04597]  :   11100000;
	[04598..045A5]  :   11100001;
	[045A6..045AF]  :   11100010;
	[045B0..045BC]  :   11100011;
	[045BD..045C5]  :   11100100;
	[045C6..045CF]  :   11100101;
	[045D0..045ED]  :   11100110;
	[045EE..045F7]  :   11100101;
	[045F8..045FF]  :   11100100;
	[04600..04602]  :   11011101;
	[04603..0460B]  :   11011110;
	[0460C..0460F]  :   11011111;
	[04610..0461B]  :   11100000;
	[0461C..0461F]  :   11100001;
	[04620..04621]  :   11011111;
	[04622..04624]  :   11100000;
	[04625..04634]  :   11100001;
	[04635..04649]  :   11100000;
	[0464A..0465D]  :   11011111;
	[0465E..04677]  :   11011110;
	[04678..0467F]  :   11011101;
	[04680..04681]  :   11011100;
	[04682..04685]  :   11011101;
	[04686..04688]  :   11011100;
	04689  :   11011110;
	0468A  :   11011010;
	0468B  :   11011100;
	0468C  :   11010111;
	0468D  :   11011001;
	0468E  :   11011000;
	0468F  :   11010100;
	04690  :   10000010;
	04691  :   00110000;
	04692  :   00100001;
	04693  :   00101110;
	04694  :   00100101;
	04695  :   00011100;
	[04696..04697]  :   00011110;
	04698  :   00011101;
	[04699..0469A]  :   00010111;
	0469B  :   00011010;
	0469C  :   00011000;
	0469D  :   00010110;
	0469E  :   00011011;
	0469F  :   00101011;
	046A0  :   00110110;
	046A1  :   00100010;
	046A2  :   00011011;
	046A3  :   00011001;
	046A4  :   00011100;
	046A5  :   00011010;
	046A6  :   00011100;
	046A7  :   00011110;
	[046A8..046A9]  :   00011010;
	046AA  :   00011100;
	046AB  :   00011010;
	046AC  :   00011101;
	046AD  :   00011010;
	046AE  :   00100000;
	046AF  :   00011101;
	046B0  :   00011110;
	046B1  :   00011111;
	046B2  :   00100110;
	046B3  :   00100100;
	046B4  :   01100010;
	046B5  :   11000001;
	046B6  :   11011101;
	046B7  :   11011010;
	046B8  :   11011011;
	[046B9..046BC]  :   11011101;
	046BD  :   11011111;
	046BE  :   11011110;
	046BF  :   11011101;
	[046C0..046C9]  :   11011111;
	[046CA..046D8]  :   11100000;
	[046D9..046E5]  :   11100001;
	[046E6..046F0]  :   11100010;
	[046F1..046FC]  :   11100011;
	[046FD..046FE]  :   11100100;
	046FF  :   11100101;
	[04700..04705]  :   11100100;
	[04706..04711]  :   11100101;
	[04712..0472C]  :   11100110;
	[0472D..04736]  :   11100101;
	[04737..0473F]  :   11100100;
	[04740..04741]  :   11011101;
	[04742..0474A]  :   11011110;
	[0474B..0474F]  :   11011111;
	[04750..04759]  :   11100000;
	[0475A..0475E]  :   11100001;
	0475F  :   11100000;
	04760  :   11011111;
	[04761..04764]  :   11100000;
	[04765..04775]  :   11100001;
	[04776..04777]  :   11100000;
	[04778..04779]  :   11100001;
	[0477A..04789]  :   11100000;
	[0478A..0479D]  :   11011111;
	[0479E..047B7]  :   11011110;
	[047B8..047BF]  :   11011101;
	[047C0..047C2]  :   11011100;
	[047C3..047C4]  :   11011101;
	[047C5..047C8]  :   11011100;
	047C9  :   11011011;
	047CA  :   11011100;
	047CB  :   11010110;
	047CC  :   11011011;
	047CD  :   11011100;
	047CE  :   11001001;
	047CF  :   11001100;
	047D0  :   10001011;
	047D1  :   00110000;
	047D2  :   00011100;
	047D3  :   00011000;
	[047D4..047D5]  :   00011111;
	047D6  :   00011110;
	047D7  :   00100100;
	047D8  :   00101001;
	047D9  :   00100010;
	047DA  :   00101010;
	[047DB..047DC]  :   00011000;
	047DD  :   00011100;
	047DE  :   00100011;
	047DF  :   00101101;
	047E0  :   01011111;
	047E1  :   00110001;
	047E2  :   00100000;
	047E3  :   00011101;
	047E4  :   00011010;
	[047E5..047E6]  :   00011101;
	[047E7..047E8]  :   00011000;
	047E9  :   00010101;
	047EA  :   00010110;
	047EB  :   00011001;
	047EC  :   00100001;
	047ED  :   00100011;
	047EE  :   00011001;
	047EF  :   00100000;
	047F0  :   00011011;
	047F1  :   00011111;
	047F2  :   00100111;
	047F3  :   00111010;
	047F4  :   10010010;
	047F5  :   11010100;
	047F6  :   11011100;
	047F7  :   11010111;
	047F8  :   11011011;
	[047F9..047FC]  :   11011101;
	[047FD..047FE]  :   11011111;
	047FF  :   11011110;
	[04800..0480A]  :   11011111;
	[0480B..04819]  :   11100000;
	[0481A..04825]  :   11100001;
	[04826..04831]  :   11100010;
	[04832..0483C]  :   11100011;
	[0483D..0483E]  :   11100100;
	0483F  :   11100101;
	[04840..04845]  :   11100100;
	[04846..04851]  :   11100101;
	[04852..0486D]  :   11100110;
	[0486E..04877]  :   11100101;
	[04878..0487F]  :   11100100;
	[04880..04881]  :   11011101;
	[04882..04889]  :   11011110;
	[0488A..0488E]  :   11011111;
	[0488F..04899]  :   11100000;
	[0489A..0489D]  :   11100001;
	[0489E..048A3]  :   11100000;
	[048A4..048BA]  :   11100001;
	[048BB..048C7]  :   11100000;
	[048C8..048DC]  :   11011111;
	[048DD..048F7]  :   11011110;
	[048F8..048FD]  :   11011101;
	[048FE..04907]  :   11011100;
	04908  :   11011001;
	[04909..0490A]  :   11011100;
	0490B  :   11011011;
	0490C  :   11011001;
	0490D  :   11010111;
	0490E  :   11000111;
	0490F  :   10011011;
	04910  :   01110110;
	04911  :   00110011;
	04912  :   00100010;
	04913  :   00011100;
	04914  :   00101101;
	04915  :   00111011;
	04916  :   00100111;
	04917  :   00110111;
	04918  :   01001110;
	04919  :   01001011;
	0491A  :   00111101;
	0491B  :   00010110;
	0491C  :   00010111;
	0491D  :   00100001;
	0491E  :   00100100;
	0491F  :   00110010;
	04920  :   10001100;
	04921  :   01010010;
	04922  :   00011101;
	04923  :   00010111;
	04924  :   00011111;
	[04925..04926]  :   00100011;
	04927  :   00101100;
	04928  :   00110001;
	04929  :   00101000;
	0492A  :   00100001;
	0492B  :   00100100;
	0492C  :   00111011;
	0492D  :   01001000;
	0492E  :   00011011;
	0492F  :   00011101;
	04930  :   00011110;
	04931  :   00100000;
	04932  :   00100010;
	04933  :   01111100;
	04934  :   11000110;
	04935  :   11011010;
	04936  :   11011000;
	04937  :   11011101;
	04938  :   11011011;
	04939  :   11011100;
	[0493A..0493B]  :   11011101;
	0493C  :   11011110;
	[0493D..0493E]  :   11011111;
	0493F  :   11011110;
	[04940..0494B]  :   11011111;
	[0494C..0495A]  :   11100000;
	[0495B..04965]  :   11100001;
	[04966..04972]  :   11100010;
	[04973..0497C]  :   11100011;
	[0497D..04984]  :   11100100;
	[04985..04990]  :   11100101;
	[04991..049AE]  :   11100110;
	[049AF..049B9]  :   11100101;
	[049BA..049BF]  :   11100100;
	[049C0..049C1]  :   11011101;
	[049C2..049C8]  :   11011110;
	[049C9..049CD]  :   11011111;
	[049CE..049D9]  :   11100000;
	[049DA..049DC]  :   11100001;
	[049DD..049E3]  :   11100000;
	[049E4..049FA]  :   11100001;
	[049FB..04A07]  :   11100000;
	[04A08..04A1B]  :   11011111;
	[04A1C..04A33]  :   11011110;
	[04A34..04A3C]  :   11011101;
	[04A3D..04A47]  :   11011100;
	04A48  :   11011110;
	04A49  :   11011100;
	04A4A  :   11010110;
	04A4B  :   11011100;
	04A4C  :   11011010;
	04A4D  :   11011011;
	04A4E  :   11010010;
	04A4F  :   10000100;
	04A50  :   01010011;
	04A51  :   00110101;
	04A52  :   00101101;
	04A53  :   00011110;
	04A54  :   00110111;
	04A55  :   01001011;
	04A56  :   00110111;
	04A57  :   01001111;
	04A58  :   01110110;
	04A59  :   01011101;
	04A5A  :   00101010;
	04A5B  :   00011011;
	04A5C  :   00100001;
	04A5D  :   00100110;
	04A5E  :   00011010;
	04A5F  :   00110001;
	04A60  :   01111001;
	04A61  :   01100101;
	04A62  :   00100110;
	[04A63..04A64]  :   00100010;
	04A65  :   00011010;
	04A66  :   00101101;
	04A67  :   01100110;
	04A68  :   01110000;
	04A69  :   01001010;
	04A6A  :   01001000;
	04A6B  :   01000100;
	04A6C  :   01110001;
	04A6D  :   10010010;
	04A6E  :   00101111;
	[04A6F..04A70]  :   00100000;
	04A71  :   00100100;
	04A72  :   00110011;
	04A73  :   10101001;
	04A74  :   11010111;
	04A75  :   11011001;
	04A76  :   11010111;
	04A77  :   11011010;
	[04A78..04A79]  :   11011100;
	[04A7A..04A7B]  :   11011101;
	04A7C  :   11011110;
	[04A7D..04A8C]  :   11011111;
	[04A8D..04A9A]  :   11100000;
	[04A9B..04AA5]  :   11100001;
	[04AA6..04AB2]  :   11100010;
	[04AB3..04ABC]  :   11100011;
	[04ABD..04AC4]  :   11100100;
	[04AC5..04ACF]  :   11100101;
	[04AD0..04AEF]  :   11100110;
	[04AF0..04AFA]  :   11100101;
	[04AFB..04AFF]  :   11100100;
	[04B00..04B02]  :   11011101;
	[04B03..04B09]  :   11011110;
	[04B0A..04B0E]  :   11011111;
	[04B0F..04B17]  :   11100000;
	04B18  :   11100001;
	[04B19..04B22]  :   11100000;
	[04B23..04B3A]  :   11100001;
	[04B3B..04B46]  :   11100000;
	[04B47..04B5B]  :   11011111;
	[04B5C..04B70]  :   11011110;
	[04B71..04B7B]  :   11011101;
	[04B7C..04B87]  :   11011100;
	04B88  :   11011001;
	04B89  :   11011011;
	04B8A  :   11100000;
	04B8B  :   11011011;
	04B8C  :   11011000;
	04B8D  :   11011001;
	04B8E  :   11010110;
	04B8F  :   10111110;
	04B90  :   10100010;
	04B91  :   01110010;
	04B92  :   01110101;
	04B93  :   01001011;
	04B94  :   00110000;
	04B95  :   00111110;
	04B96  :   01010001;
	04B97  :   01000110;
	04B98  :   01000001;
	04B99  :   00111001;
	04B9A  :   00101011;
	04B9B  :   00110011;
	04B9C  :   00110001;
	04B9D  :   01001100;
	04B9E  :   00111100;
	04B9F  :   00110000;
	04BA0  :   00111110;
	04BA1  :   00111010;
	04BA2  :   00101011;
	04BA3  :   01000101;
	04BA4  :   00101100;
	04BA5  :   00011011;
	04BA6  :   00100000;
	04BA7  :   01001110;
	04BA8  :   01100010;
	04BA9  :   01000000;
	04BAA  :   00111101;
	04BAB  :   01010101;
	04BAC  :   10000100;
	04BAD  :   10011010;
	04BAE  :   01010010;
	04BAF  :   00101101;
	04BB0  :   00100100;
	04BB1  :   01000000;
	04BB2  :   01101000;
	04BB3  :   10011110;
	04BB4  :   11001100;
	04BB5  :   11011101;
	04BB6  :   11011100;
	04BB7  :   11011010;
	[04BB8..04BB9]  :   11011100;
	[04BBA..04BBB]  :   11011101;
	[04BBC..04BBD]  :   11011110;
	[04BBE..04BCC]  :   11011111;
	[04BCD..04BDA]  :   11100000;
	[04BDB..04BE5]  :   11100001;
	[04BE6..04BF2]  :   11100010;
	[04BF3..04BFB]  :   11100011;
	[04BFC..04C03]  :   11100100;
	[04C04..04C0F]  :   11100101;
	[04C10..04C2F]  :   11100110;
	[04C30..04C3A]  :   11100101;
	[04C3B..04C3F]  :   11100100;
	[04C40..04C42]  :   11011101;
	[04C43..04C48]  :   11011110;
	[04C49..04C4D]  :   11011111;
	[04C4E..04C57]  :   11100000;
	[04C58..04C59]  :   11100001;
	[04C5A..04C5F]  :   11100000;
	[04C60..04C79]  :   11100001;
	[04C7A..04C85]  :   11100000;
	[04C86..04C9A]  :   11011111;
	[04C9B..04CAC]  :   11011110;
	[04CAD..04CBB]  :   11011101;
	[04CBC..04CC8]  :   11011100;
	04CC9  :   11011001;
	04CCA  :   11011100;
	04CCB  :   11010111;
	04CCC  :   11011100;
	04CCD  :   11011110;
	04CCE  :   11011000;
	04CCF  :   11011100;
	04CD0  :   11001111;
	04CD1  :   10111000;
	04CD2  :   11000100;
	04CD3  :   10011111;
	04CD4  :   01100111;
	04CD5  :   01011000;
	04CD6  :   01011010;
	04CD7  :   01000000;
	04CD8  :   00100101;
	04CD9  :   00101011;
	04CDA  :   01010100;
	04CDB  :   01101100;
	04CDC  :   01011011;
	04CDD  :   10000100;
	04CDE  :   10000110;
	04CDF  :   01011111;
	04CE0  :   00101000;
	04CE1  :   00100001;
	04CE2  :   01100001;
	04CE3  :   10001010;
	04CE4  :   01000001;
	04CE5  :   00110000;
	04CE6  :   00101000;
	04CE7  :   00111000;
	04CE8  :   00111111;
	04CE9  :   00101110;
	04CEA  :   00100011;
	04CEB  :   00110100;
	04CEC  :   01101000;
	04CED  :   10011001;
	04CEE  :   01101001;
	04CEF  :   00011110;
	04CF0  :   00100100;
	04CF1  :   01000011;
	04CF2  :   01010101;
	04CF3  :   01110000;
	04CF4  :   10111011;
	04CF5  :   11011000;
	04CF6  :   11011010;
	04CF7  :   11011011;
	[04CF8..04CFA]  :   11011100;
	[04CFB..04CFD]  :   11011110;
	[04CFE..04D0C]  :   11011111;
	[04D0D..04D1A]  :   11100000;
	[04D1B..04D25]  :   11100001;
	[04D26..04D31]  :   11100010;
	[04D32..04D3B]  :   11100011;
	[04D3C..04D43]  :   11100100;
	[04D44..04D4E]  :   11100101;
	[04D4F..04D5B]  :   11100110;
	[04D5C..04D5F]  :   11100111;
	[04D60..04D61]  :   11100110;
	[04D62..04D63]  :   11100111;
	[04D64..04D6F]  :   11100110;
	[04D70..04D7A]  :   11100101;
	[04D7B..04D7F]  :   11100100;
	[04D80..04D81]  :   11011101;
	[04D82..04D85]  :   11011110;
	[04D86..04D8C]  :   11011111;
	[04D8D..04D96]  :   11100000;
	[04D97..04DA4]  :   11100001;
	[04DA5..04DA7]  :   11100000;
	[04DA8..04DB8]  :   11100001;
	[04DB9..04DC5]  :   11100000;
	[04DC6..04DD9]  :   11011111;
	[04DDA..04DEA]  :   11011110;
	[04DEB..04DFB]  :   11011101;
	[04DFC..04E07]  :   11011100;
	[04E08..04E09]  :   11011010;
	04E0A  :   11011011;
	04E0B  :   11011110;
	04E0C  :   11011010;
	04E0D  :   11011000;
	04E0E  :   11011001;
	04E0F  :   11010111;
	04E10  :   11011100;
	04E11  :   11011000;
	04E12  :   11011011;
	04E13  :   11001100;
	04E14  :   10010001;
	04E15  :   01101101;
	04E16  :   01001010;
	04E17  :   00101101;
	04E18  :   00110101;
	04E19  :   01000001;
	04E1A  :   01010000;
	04E1B  :   01100001;
	04E1C  :   01101000;
	04E1D  :   10100100;
	04E1E  :   10111010;
	04E1F  :   10000110;
	04E20  :   00100110;
	04E21  :   00100000;
	04E22  :   01110111;
	04E23  :   10001010;
	04E24  :   00111000;
	04E25  :   00110001;
	04E26  :   00101110;
	04E27  :   01000001;
	04E28  :   01010010;
	04E29  :   01000000;
	04E2A  :   00100110;
	04E2B  :   00110000;
	04E2C  :   01011001;
	04E2D  :   01110001;
	04E2E  :   01001010;
	04E2F  :   00101110;
	04E30  :   00111110;
	04E31  :   00110011;
	04E32  :   00101001;
	04E33  :   01110001;
	04E34  :   11000110;
	[04E35..04E36]  :   11011100;
	04E37  :   11011110;
	04E38  :   11011101;
	[04E39..04E3A]  :   11011100;
	[04E3B..04E3D]  :   11011110;
	04E3E  :   11011111;
	04E3F  :   11100000;
	[04E40..04E4C]  :   11011111;
	[04E4D..04E59]  :   11100000;
	[04E5A..04E65]  :   11100001;
	[04E66..04E6F]  :   11100010;
	[04E70..04E7B]  :   11100011;
	[04E7C..04E82]  :   11100100;
	[04E83..04E8E]  :   11100101;
	[04E8F..04E9A]  :   11100110;
	[04E9B..04EA4]  :   11100111;
	[04EA5..04EB2]  :   11100110;
	[04EB3..04EBA]  :   11100101;
	[04EBB..04EBF]  :   11100100;
	[04EC0..04EC1]  :   11011101;
	[04EC2..04EC3]  :   11011110;
	[04EC4..04ECB]  :   11011111;
	[04ECC..04ED5]  :   11100000;
	[04ED6..04EE3]  :   11100001;
	[04EE4..04EE7]  :   11100000;
	[04EE8..04EF8]  :   11100001;
	[04EF9..04F05]  :   11100000;
	[04F06..04F0E]  :   11011111;
	04F0F  :   11011110;
	[04F10..04F19]  :   11011111;
	[04F1A..04F29]  :   11011110;
	[04F2A..04F3B]  :   11011101;
	[04F3C..04F48]  :   11011100;
	04F49  :   11011010;
	04F4A  :   11011000;
	04F4B  :   11011111;
	04F4C  :   11011001;
	04F4D  :   11011000;
	04F4E  :   11011010;
	04F4F  :   11011001;
	04F50  :   11011000;
	04F51  :   11011010;
	04F52  :   11010101;
	04F53  :   11010011;
	04F54  :   10111111;
	04F55  :   10001100;
	04F56  :   01001001;
	04F57  :   00101111;
	04F58  :   01010000;
	04F59  :   01011011;
	04F5A  :   00101111;
	04F5B  :   01000010;
	04F5C  :   01100000;
	04F5D  :   10001000;
	04F5E  :   10011101;
	04F5F  :   01111010;
	04F60  :   00011110;
	04F61  :   00101000;
	04F62  :   01101110;
	04F63  :   01100111;
	04F64  :   00101110;
	04F65  :   00100110;
	04F66  :   00100000;
	04F67  :   01000100;
	04F68  :   01101010;
	04F69  :   01010011;
	04F6A  :   01000010;
	04F6B  :   00101111;
	04F6C  :   01010101;
	04F6D  :   01101010;
	04F6E  :   00101101;
	04F6F  :   01011000;
	04F70  :   01100010;
	04F71  :   00111000;
	04F72  :   01000001;
	04F73  :   10100001;
	04F74  :   11010111;
	04F75  :   11011010;
	04F76  :   11011001;
	04F77  :   11011100;
	04F78  :   11011101;
	[04F79..04F7A]  :   11011100;
	[04F7B..04F7E]  :   11011110;
	04F7F  :   11100000;
	[04F80..04F8C]  :   11011111;
	[04F8D..04F98]  :   11100000;
	[04F99..04FA5]  :   11100001;
	[04FA6..04FAF]  :   11100010;
	[04FB0..04FBB]  :   11100011;
	[04FBC..04FC2]  :   11100100;
	[04FC3..04FCD]  :   11100101;
	[04FCE..04FD9]  :   11100110;
	[04FDA..04FE5]  :   11100111;
	[04FE6..04FF2]  :   11100110;
	[04FF3..04FFB]  :   11100101;
	[04FFC..04FFF]  :   11100100;
	[05000..05004]  :   11011110;
	[05005..0500B]  :   11011111;
	[0500C..0500F]  :   11100000;
	05010  :   11011111;
	05011  :   11100000;
	[05012..05023]  :   11100001;
	[05024..05029]  :   11100000;
	[0502A..05037]  :   11100001;
	[05038..05042]  :   11100000;
	[05043..05057]  :   11011111;
	[05058..0505F]  :   11011110;
	05060  :   11011111;
	[05061..0506A]  :   11011110;
	[0506B..0507C]  :   11011101;
	[0507D..05088]  :   11011100;
	05089  :   11011011;
	[0508A..0508B]  :   11011010;
	[0508C..0508D]  :   11011011;
	0508E  :   11011010;
	0508F  :   11011001;
	05090  :   11011100;
	05091  :   11010100;
	05092  :   11011001;
	05093  :   11011000;
	05094  :   11010111;
	05095  :   10110110;
	05096  :   01111100;
	05097  :   01001010;
	05098  :   01010000;
	05099  :   01010010;
	0509A  :   00100111;
	0509B  :   00101101;
	0509C  :   00111100;
	0509D  :   01000001;
	0509E  :   01001000;
	0509F  :   01001111;
	050A0  :   00011000;
	050A1  :   00100110;
	050A2  :   01011011;
	050A3  :   01000100;
	050A4  :   00101110;
	050A5  :   00100111;
	050A6  :   00011001;
	050A7  :   01001111;
	050A8  :   01110001;
	050A9  :   01011000;
	050AA  :   01010010;
	050AB  :   01001011;
	050AC  :   01100111;
	050AD  :   01101000;
	050AE  :   00111101;
	050AF  :   01101011;
	050B0  :   01101000;
	050B1  :   01010000;
	050B2  :   10001100;
	050B3  :   11001110;
	050B4  :   11011100;
	050B5  :   11011111;
	[050B6..050B7]  :   11011011;
	[050B8..050B9]  :   11011101;
	050BA  :   11011100;
	050BB  :   11011101;
	050BC  :   11011110;
	[050BD..050CD]  :   11011111;
	[050CE..050D9]  :   11100000;
	[050DA..050E5]  :   11100001;
	050E6  :   11100010;
	050E7  :   11100011;
	[050E8..050EE]  :   11100010;
	[050EF..050F9]  :   11100011;
	[050FA..05102]  :   11100100;
	[05103..0510D]  :   11100101;
	[0510E..05117]  :   11100110;
	[05118..05129]  :   11100111;
	[0512A..05134]  :   11100110;
	[05135..0513C]  :   11100101;
	[0513D..0513F]  :   11100100;
	[05140..05144]  :   11011110;
	[05145..0514B]  :   11011111;
	[0514C..05151]  :   11100000;
	[05152..05164]  :   11100001;
	[05165..05169]  :   11100000;
	[0516A..05177]  :   11100001;
	[05178..05182]  :   11100000;
	[05183..05198]  :   11011111;
	[05199..051AA]  :   11011110;
	[051AB..051BC]  :   11011101;
	[051BD..051C9]  :   11011100;
	[051CA..051CD]  :   11011011;
	051CE  :   11011010;
	051CF  :   11011001;
	051D0  :   11011000;
	051D1  :   11011011;
	051D2  :   11011010;
	051D3  :   11010111;
	051D4  :   11010101;
	051D5  :   11011100;
	051D6  :   11000101;
	051D7  :   01110100;
	051D8  :   01001011;
	051D9  :   01000100;
	051DA  :   00100100;
	051DB  :   00011110;
	051DC  :   00100010;
	051DD  :   00011010;
	051DE  :   00011100;
	051DF  :   00011111;
	051E0  :   00011011;
	051E1  :   00101010;
	051E2  :   00111110;
	051E3  :   00100101;
	051E4  :   01000011;
	051E5  :   00111000;
	051E6  :   00111100;
	051E7  :   10000111;
	051E8  :   10011001;
	051E9  :   01011001;
	051EA  :   01000101;
	051EB  :   01110001;
	051EC  :   10000100;
	051ED  :   01001000;
	051EE  :   01100001;
	051EF  :   01001011;
	051F0  :   01001100;
	051F1  :   01110000;
	051F2  :   11001011;
	051F3  :   11011110;
	051F4  :   11011001;
	051F5  :   11011000;
	051F6  :   11011011;
	051F7  :   11011100;
	[051F8..051FA]  :   11011101;
	[051FB..051FC]  :   11011110;
	[051FD..0520D]  :   11011111;
	[0520E..05218]  :   11100000;
	[05219..05225]  :   11100001;
	05226  :   11100010;
	05227  :   11100011;
	[05228..0522F]  :   11100010;
	[05230..05239]  :   11100011;
	[0523A..05242]  :   11100100;
	[05243..0524D]  :   11100101;
	[0524E..05257]  :   11100110;
	[05258..0526A]  :   11100111;
	[0526B..05274]  :   11100110;
	[05275..0527D]  :   11100101;
	[0527E..0527F]  :   11100100;
	[05280..05284]  :   11011110;
	[05285..0528A]  :   11011111;
	[0528B..05291]  :   11100000;
	[05292..052A7]  :   11100001;
	[052A8..052A9]  :   11100000;
	[052AA..052B7]  :   11100001;
	[052B8..052C5]  :   11100000;
	[052C6..052D9]  :   11011111;
	[052DA..052EA]  :   11011110;
	[052EB..052FC]  :   11011101;
	[052FD..05309]  :   11011100;
	[0530A..0530D]  :   11011011;
	0530E  :   11011010;
	0530F  :   11011001;
	[05310..05311]  :   11011000;
	05312  :   11010110;
	05313  :   11011010;
	05314  :   11010101;
	05315  :   11010011;
	05316  :   11010101;
	05317  :   10011101;
	05318  :   01110001;
	05319  :   01100000;
	0531A  :   01000001;
	0531B  :   00011111;
	0531C  :   00100001;
	0531D  :   00110100;
	0531E  :   01000001;
	0531F  :   00101011;
	05320  :   00100111;
	05321  :   00101001;
	05322  :   00100110;
	05323  :   00100000;
	05324  :   01011000;
	05325  :   01001101;
	05326  :   01101000;
	05327  :   10111001;
	05328  :   10110111;
	05329  :   01010011;
	0532A  :   00111000;
	0532B  :   01101000;
	0532C  :   01011010;
	0532D  :   00111001;
	0532E  :   10000011;
	0532F  :   01110011;
	05330  :   01111011;
	05331  :   10100001;
	05332  :   11011110;
	05333  :   11011001;
	[05334..05335]  :   11011011;
	05336  :   11011110;
	05337  :   11011011;
	05338  :   11011101;
	[05339..0533D]  :   11011110;
	[0533E..0534E]  :   11011111;
	[0534F..05357]  :   11100000;
	[05358..05365]  :   11100001;
	[05366..0536F]  :   11100010;
	[05370..05378]  :   11100011;
	[05379..05382]  :   11100100;
	[05383..0538C]  :   11100101;
	[0538D..05397]  :   11100110;
	[05398..053AC]  :   11100111;
	[053AD..053B5]  :   11100110;
	[053B6..053BF]  :   11100101;
	[053C0..053C3]  :   11011110;
	[053C4..053CA]  :   11011111;
	[053CB..053D1]  :   11100000;
	[053D2..053E7]  :   11100001;
	053E8  :   11100000;
	[053E9..053F7]  :   11100001;
	[053F8..05409]  :   11100000;
	[0540A..05419]  :   11011111;
	[0541A..0542A]  :   11011110;
	[0542B..0543A]  :   11011101;
	[0543B..05448]  :   11011100;
	[05449..0544D]  :   11011011;
	[0544E..0544F]  :   11011010;
	05450  :   11011100;
	[05451..05452]  :   11011000;
	05453  :   11010010;
	05454  :   11010101;
	05455  :   11000010;
	05456  :   11000000;
	05457  :   10111010;
	05458  :   10011000;
	05459  :   01111001;
	0545A  :   01010001;
	0545B  :   00100101;
	0545C  :   00101000;
	0545D  :   01001100;
	0545E  :   01011011;
	0545F  :   00101011;
	05460  :   00100001;
	05461  :   00100000;
	05462  :   00100110;
	05463  :   01010000;
	05464  :   01100110;
	05465  :   01000000;
	05466  :   01110110;
	05467  :   11001011;
	05468  :   10100011;
	05469  :   01001101;
	0546A  :   01001001;
	0546B  :   01011001;
	0546C  :   00110100;
	0546D  :   01100001;
	0546E  :   10011001;
	0546F  :   10110011;
	05470  :   11001001;
	05471  :   11010010;
	05472  :   11010111;
	05473  :   11011001;
	05474  :   11011100;
	05475  :   11011001;
	05476  :   11011100;
	[05477..05478]  :   11011101;
	[05479..0547D]  :   11011110;
	0547E  :   11011111;
	0547F  :   11100000;
	[05480..0548E]  :   11011111;
	[0548F..05496]  :   11100000;
	[05497..054A4]  :   11100001;
	[054A5..054AF]  :   11100010;
	[054B0..054B7]  :   11100011;
	[054B8..054C2]  :   11100100;
	[054C3..054CC]  :   11100101;
	[054CD..054D7]  :   11100110;
	[054D8..054EF]  :   11100111;
	[054F0..054F7]  :   11100110;
	[054F8..054FF]  :   11100101;
	[05500..05503]  :   11011110;
	[05504..05509]  :   11011111;
	[0550A..05510]  :   11100000;
	[05511..05537]  :   11100001;
	[05538..05549]  :   11100000;
	[0554A..0555A]  :   11011111;
	[0555B..0556A]  :   11011110;
	[0556B..05579]  :   11011101;
	[0557A..05587]  :   11011100;
	[05588..0558D]  :   11011011;
	[0558E..0558F]  :   11011010;
	05590  :   11011000;
	05591  :   11011010;
	05592  :   11011011;
	05593  :   10110111;
	05594  :   10110011;
	05595  :   10111111;
	05596  :   10101010;
	05597  :   10110001;
	05598  :   10111111;
	05599  :   10010111;
	0559A  :   01011010;
	0559B  :   00101100;
	0559C  :   00101000;
	0559D  :   00110011;
	0559E  :   00110110;
	0559F  :   00011010;
	055A0  :   00011110;
	055A1  :   00100000;
	055A2  :   00110001;
	055A3  :   01110001;
	055A4  :   10000010;
	055A5  :   01100110;
	055A6  :   01111001;
	055A7  :   01111101;
	055A8  :   01101110;
	055A9  :   01101001;
	055AA  :   01010000;
	055AB  :   00101111;
	055AC  :   00111010;
	055AD  :   10000101;
	055AE  :   10101000;
	055AF  :   11010111;
	055B0  :   11011011;
	055B1  :   11011110;
	055B2  :   11011000;
	055B3  :   11011110;
	055B4  :   11011100;
	055B5  :   11011010;
	055B6  :   11011100;
	[055B7..055B8]  :   11011101;
	[055B9..055BD]  :   11011110;
	[055BE..055CE]  :   11011111;
	[055CF..055D6]  :   11100000;
	[055D7..055E3]  :   11100001;
	[055E4..055EF]  :   11100010;
	[055F0..055F7]  :   11100011;
	[055F8..05602]  :   11100100;
	[05603..0560B]  :   11100101;
	[0560C..05615]  :   11100110;
	[05616..0562F]  :   11100111;
	[05630..05637]  :   11100110;
	[05638..0563F]  :   11100101;
	[05640..05642]  :   11011110;
	[05643..05648]  :   11011111;
	[05649..05650]  :   11100000;
	[05651..05677]  :   11100001;
	[05678..05689]  :   11100000;
	[0568A..0569A]  :   11011111;
	[0569B..056A9]  :   11011110;
	[056AA..056B9]  :   11011101;
	[056BA..056CA]  :   11011100;
	[056CB..056CC]  :   11011011;
	[056CD..056CF]  :   11011010;
	056D0  :   11011100;
	056D1  :   11011000;
	056D2  :   11100001;
	056D3  :   10111110;
	056D4  :   10011011;
	056D5  :   10101011;
	056D6  :   10000101;
	056D7  :   10011001;
	056D8  :   11010011;
	056D9  :   11000100;
	056DA  :   01110100;
	056DB  :   00101011;
	056DC  :   00100011;
	056DD  :   00100000;
	056DE  :   00100011;
	056DF  :   00101101;
	056E0  :   00101111;
	056E1  :   00110101;
	056E2  :   01101100;
	056E3  :   10001111;
	056E4  :   10000100;
	056E5  :   01110001;
	056E6  :   01011101;
	056E7  :   01000010;
	056E8  :   01010110;
	056E9  :   01111100;
	056EA  :   01010101;
	056EB  :   01001000;
	056EC  :   10001100;
	056ED  :   10110101;
	056EE  :   11000001;
	056EF  :   11011110;
	[056F0..056F1]  :   11010111;
	056F2  :   11011011;
	056F3  :   11011001;
	056F4  :   11011010;
	056F5  :   11011111;
	056F6  :   11011110;
	056F7  :   11011011;
	[056F8..056FD]  :   11011110;
	[056FE..0570E]  :   11011111;
	[0570F..05717]  :   11100000;
	[05718..05723]  :   11100001;
	[05724..0572F]  :   11100010;
	[05730..05736]  :   11100011;
	[05737..05742]  :   11100100;
	[05743..0574B]  :   11100101;
	[0574C..05755]  :   11100110;
	[05756..05771]  :   11100111;
	[05772..05777]  :   11100110;
	[05778..0577F]  :   11100101;
	[05780..05782]  :   11011110;
	[05783..05788]  :   11011111;
	[05789..05790]  :   11100000;
	[05791..057A7]  :   11100001;
	[057A8..057AA]  :   11100010;
	[057AB..057B7]  :   11100001;
	[057B8..057CA]  :   11100000;
	[057CB..057DA]  :   11011111;
	[057DB..057E5]  :   11011110;
	[057E6..057FA]  :   11011101;
	[057FB..0580B]  :   11011100;
	[0580C..0580D]  :   11011011;
	[0580E..05810]  :   11011010;
	05811  :   11010011;
	05812  :   11011011;
	05813  :   11010110;
	05814  :   10101100;
	05815  :   10001011;
	05816  :   01010010;
	05817  :   01111101;
	05818  :   11001010;
	05819  :   11011100;
	0581A  :   10010010;
	0581B  :   00110000;
	0581C  :   00101001;
	0581D  :   00101110;
	0581E  :   00101111;
	0581F  :   01000111;
	05820  :   01000001;
	05821  :   01111101;
	05822  :   10111101;
	05823  :   10101010;
	05824  :   01110001;
	05825  :   01010010;
	05826  :   01000010;
	05827  :   01000001;
	05828  :   01101000;
	05829  :   01111100;
	0582A  :   10000100;
	0582B  :   10100110;
	0582C  :   11010011;
	0582D  :   11011000;
	0582E  :   11011011;
	0582F  :   11011001;
	05830  :   11011110;
	05831  :   11011100;
	05832  :   11011111;
	05833  :   11011001;
	05834  :   11011010;
	[05835..05836]  :   11011101;
	05837  :   11011111;
	[05838..0583B]  :   11011110;
	[0583C..0584D]  :   11011111;
	[0584E..05857]  :   11100000;
	[05858..05863]  :   11100001;
	[05864..0586F]  :   11100010;
	[05870..05875]  :   11100011;
	[05876..05882]  :   11100100;
	[05883..0588A]  :   11100101;
	[0588B..05895]  :   11100110;
	[05896..058B2]  :   11100111;
	[058B3..058B9]  :   11100110;
	[058BA..058BF]  :   11100101;
	[058C0..058C2]  :   11011110;
	[058C3..058C8]  :   11011111;
	[058C9..058D0]  :   11100000;
	[058D1..058DF]  :   11100001;
	[058E0..058E3]  :   11100010;
	[058E4..058E7]  :   11100001;
	[058E8..058EA]  :   11100010;
	[058EB..058F7]  :   11100001;
	[058F8..0590A]  :   11100000;
	[0590B..0591A]  :   11011111;
	[0591B..05925]  :   11011110;
	[05926..05937]  :   11011101;
	05938  :   11011110;
	[05939..0593A]  :   11011101;
	[0593B..0593E]  :   11011100;
	0593F  :   11011101;
	[05940..0594C]  :   11011100;
	[0594D..0594F]  :   11011011;
	05950  :   11011010;
	05951  :   11011110;
	05952  :   11010111;
	05953  :   11011101;
	05954  :   11001011;
	05955  :   10000001;
	05956  :   00110101;
	05957  :   01100010;
	05958  :   11000011;
	05959  :   11011001;
	0595A  :   10011100;
	0595B  :   00110101;
	0595C  :   00101110;
	0595D  :   00110100;
	0595E  :   00110001;
	0595F  :   01001000;
	05960  :   01010010;
	05961  :   11000000;
	05962  :   11011001;
	05963  :   11001101;
	05964  :   10010000;
	05965  :   01000000;
	05966  :   00110101;
	05967  :   01001110;
	05968  :   01100001;
	05969  :   10011110;
	0596A  :   11011001;
	0596B  :   11011100;
	0596C  :   11011010;
	0596D  :   11010101;
	0596E  :   11011110;
	0596F  :   11011001;
	05970  :   11011000;
	05971  :   11011100;
	05972  :   11011000;
	05973  :   11011100;
	05974  :   11011111;
	[05975..05977]  :   11011101;
	[05978..0597B]  :   11011110;
	0597C  :   11011111;
	[0597D..0597E]  :   11100000;
	[0597F..0598D]  :   11011111;
	[0598E..05997]  :   11100000;
	[05998..059A3]  :   11100001;
	[059A4..059AE]  :   11100010;
	[059AF..059B5]  :   11100011;
	[059B6..059C2]  :   11100100;
	[059C3..059CA]  :   11100101;
	[059CB..059D4]  :   11100110;
	[059D5..059F2]  :   11100111;
	[059F3..059FA]  :   11100110;
	[059FB..059FF]  :   11100101;
	05A00  :   11011101;
	05A01  :   11011110;
	[05A02..05A07]  :   11011111;
	[05A08..05A11]  :   11100000;
	[05A12..05A1D]  :   11100001;
	[05A1E..05A2C]  :   11100010;
	[05A2D..05A39]  :   11100001;
	05A3A  :   11100010;
	05A3B  :   11100001;
	[05A3C..05A4A]  :   11100000;
	[05A4B..05A58]  :   11011111;
	[05A59..05A65]  :   11011110;
	[05A66..05A77]  :   11011101;
	05A78  :   11011110;
	[05A79..05A7C]  :   11011101;
	[05A7D..05A87]  :   11011100;
	05A88  :   11011011;
	[05A89..05A8D]  :   11011100;
	[05A8E..05A8F]  :   11011011;
	05A90  :   11011100;
	05A91  :   11011010;
	05A92  :   11011001;
	05A93  :   11010101;
	05A94  :   11011011;
	05A95  :   10100111;
	05A96  :   01000111;
	05A97  :   01001010;
	05A98  :   10101001;
	05A99  :   11010011;
	05A9A  :   10010100;
	05A9B  :   00101100;
	05A9C  :   00110010;
	05A9D  :   01010011;
	[05A9E..05A9F]  :   00110000;
	05AA0  :   01110111;
	[05AA1..05AA2]  :   11010011;
	05AA3  :   11011000;
	05AA4  :   11000110;
	05AA5  :   01100101;
	05AA6  :   00100100;
	05AA7  :   00110001;
	05AA8  :   10000101;
	05AA9  :   11010000;
	05AAA  :   11011001;
	05AAB  :   11010110;
	05AAC  :   11011010;
	05AAD  :   11011011;
	05AAE  :   11010111;
	05AAF  :   11011011;
	[05AB0..05AB1]  :   11011100;
	[05AB2..05AB7]  :   11011101;
	[05AB8..05ABB]  :   11011110;
	[05ABC..05ACC]  :   11011111;
	[05ACD..05AD8]  :   11100000;
	[05AD9..05AE3]  :   11100001;
	[05AE4..05AEE]  :   11100010;
	[05AEF..05AF5]  :   11100011;
	[05AF6..05B02]  :   11100100;
	[05B03..05B0A]  :   11100101;
	[05B0B..05B13]  :   11100110;
	[05B14..05B2B]  :   11100111;
	05B2C  :   11100110;
	[05B2D..05B31]  :   11100111;
	[05B32..05B3C]  :   11100110;
	[05B3D..05B3F]  :   11100101;
	[05B40..05B41]  :   11011110;
	[05B42..05B46]  :   11011111;
	[05B47..05B51]  :   11100000;
	[05B52..05B5D]  :   11100001;
	[05B5E..05B6C]  :   11100010;
	[05B6D..05B7B]  :   11100001;
	[05B7C..05B89]  :   11100000;
	[05B8A..05B98]  :   11011111;
	[05B99..05BA5]  :   11011110;
	[05BA6..05BBF]  :   11011101;
	[05BC0..05BCC]  :   11011100;
	[05BCD..05BD0]  :   11011011;
	05BD1  :   11011000;
	05BD2  :   11011100;
	05BD3  :   11010111;
	05BD4  :   11011101;
	05BD5  :   10110101;
	05BD6  :   01010010;
	05BD7  :   01011001;
	05BD8  :   10110110;
	05BD9  :   11001001;
	05BDA  :   01111111;
	05BDB  :   01011000;
	05BDC  :   01101011;
	05BDD  :   01001100;
	05BDE  :   00110011;
	05BDF  :   01110001;
	05BE0  :   11000001;
	05BE1  :   11010110;
	[05BE2..05BE3]  :   11010111;
	05BE4  :   11011010;
	05BE5  :   10100101;
	05BE6  :   01001000;
	05BE7  :   01011000;
	05BE8  :   10110110;
	05BE9  :   11011110;
	05BEA  :   11011001;
	05BEB  :   11011000;
	[05BEC..05BED]  :   11011011;
	05BEE  :   11011001;
	05BEF  :   11011100;
	[05BF0..05BF2]  :   11011011;
	[05BF3..05BF6]  :   11011101;
	[05BF7..05BFB]  :   11011110;
	[05BFC..05C0B]  :   11011111;
	[05C0C..05C18]  :   11100000;
	[05C19..05C23]  :   11100001;
	[05C24..05C2E]  :   11100010;
	[05C2F..05C35]  :   11100011;
	[05C36..05C41]  :   11100100;
	[05C42..05C4A]  :   11100101;
	[05C4B..05C53]  :   11100110;
	[05C54..05C72]  :   11100111;
	[05C73..05C7C]  :   11100110;
	[05C7D..05C7F]  :   11100101;
	[05C80..05C81]  :   11011110;
	[05C82..05C86]  :   11011111;
	[05C87..05C8C]  :   11100000;
	[05C8D..05C9D]  :   11100001;
	[05C9E..05CAD]  :   11100010;
	[05CAE..05CBB]  :   11100001;
	[05CBC..05CC9]  :   11100000;
	[05CCA..05CD7]  :   11011111;
	[05CD8..05CE4]  :   11011110;
	[05CE5..05CFF]  :   11011101;
	[05D00..05D0C]  :   11011100;
	[05D0D..05D0F]  :   11011011;
	05D10  :   11011010;
	05D11  :   11011000;
	05D12  :   11011101;
	05D13  :   11011000;
	05D14  :   11011101;
	05D15  :   11000111;
	05D16  :   01101111;
	05D17  :   01110100;
	05D18  :   11001001;
	05D19  :   11001000;
	05D1A  :   10000110;
	05D1B  :   10010010;
	05D1C  :   10111010;
	05D1D  :   01101110;
	05D1E  :   01000111;
	05D1F  :   10110001;
	05D20  :   11011100;
	05D21  :   11010100;
	05D22  :   11010101;
	05D23  :   11010011;
	05D24  :   11011101;
	05D25  :   11010010;
	05D26  :   01111100;
	05D27  :   10001000;
	05D28  :   11010010;
	05D29  :   11011110;
	05D2A  :   11010110;
	[05D2B..05D2C]  :   11011001;
	05D2D  :   11011011;
	05D2E  :   11011001;
	05D2F  :   11011011;
	05D30  :   11011010;
	05D31  :   11011011;
	05D32  :   11011100;
	[05D33..05D36]  :   11011101;
	05D37  :   11011111;
	[05D38..05D3C]  :   11011110;
	[05D3D..05D4B]  :   11011111;
	[05D4C..05D58]  :   11100000;
	[05D59..05D63]  :   11100001;
	[05D64..05D6E]  :   11100010;
	[05D6F..05D75]  :   11100011;
	[05D76..05D80]  :   11100100;
	[05D81..05D8A]  :   11100101;
	[05D8B..05D92]  :   11100110;
	[05D93..05DB4]  :   11100111;
	[05DB5..05DBD]  :   11100110;
	[05DBE..05DBF]  :   11100101;
	[05DC0..05DC1]  :   11011110;
	[05DC2..05DC6]  :   11011111;
	[05DC7..05DCB]  :   11100000;
	[05DCC..05DD1]  :   11100001;
	[05DD2..05DD7]  :   11100010;
	[05DD8..05DDE]  :   11100001;
	[05DDF..05DED]  :   11100010;
	[05DEE..05DFB]  :   11100001;
	[05DFC..05E09]  :   11100000;
	[05E0A..05E17]  :   11011111;
	[05E18..05E23]  :   11011110;
	[05E24..05E3E]  :   11011101;
	05E3F  :   11011110;
	[05E40..05E4D]  :   11011100;
	[05E4E..05E50]  :   11011011;
	05E51  :   11011100;
	05E52  :   11011010;
	05E53  :   11010111;
	05E54  :   11011011;
	05E55  :   11011001;
	05E56  :   10010100;
	05E57  :   10000101;
	05E58  :   11000111;
	05E59  :   10111110;
	05E5A  :   10000101;
	05E5B  :   10100100;
	05E5C  :   11100000;
	05E5D  :   10010110;
	05E5E  :   01101101;
	05E5F  :   11010100;
	05E60  :   11010101;
	05E61  :   11011000;
	05E62  :   11011001;
	[05E63..05E64]  :   11010110;
	05E65  :   11011000;
	05E66  :   10010100;
	05E67  :   10011101;
	05E68  :   11010101;
	05E69  :   11011011;
	05E6A  :   11011001;
	05E6B  :   11011010;
	05E6C  :   11011000;
	[05E6D..05E6E]  :   11011011;
	[05E6F..05E71]  :   11011100;
	05E72  :   11011101;
	05E73  :   11011110;
	[05E74..05E76]  :   11011101;
	05E77  :   11011111;
	[05E78..05E7C]  :   11011110;
	[05E7D..05E8A]  :   11011111;
	[05E8B..05E98]  :   11100000;
	[05E99..05EA3]  :   11100001;
	[05EA4..05EAE]  :   11100010;
	[05EAF..05EB5]  :   11100011;
	[05EB6..05EBF]  :   11100100;
	[05EC0..05ECA]  :   11100101;
	[05ECB..05ED2]  :   11100110;
	[05ED3..05EE9]  :   11100111;
	[05EEA..05EED]  :   11101000;
	[05EEE..05EF7]  :   11100111;
	[05EF8..05EFD]  :   11100110;
	[05EFE..05EFF]  :   11100101;
	05F00  :   11011110;
	[05F01..05F05]  :   11011111;
	[05F06..05F0A]  :   11100000;
	[05F0B..05F12]  :   11100001;
	[05F13..05F17]  :   11100010;
	[05F18..05F1D]  :   11100001;
	[05F1E..05F2D]  :   11100010;
	[05F2E..05F3C]  :   11100001;
	[05F3D..05F49]  :   11100000;
	[05F4A..05F57]  :   11011111;
	[05F58..05F62]  :   11011110;
	[05F63..05F7F]  :   11011101;
	[05F80..05F8A]  :   11011100;
	05F8B  :   11011101;
	[05F8C..05F8D]  :   11011100;
	05F8E  :   11011011;
	[05F8F..05F90]  :   11011010;
	05F91  :   11011101;
	05F92  :   11010111;
	05F93  :   11011011;
	05F94  :   11010001;
	05F95  :   11001100;
	05F96  :   10100000;
	05F97  :   10000110;
	05F98  :   10100110;
	05F99  :   10100001;
	05F9A  :   01100101;
	05F9B  :   01110101;
	05F9C  :   10110111;
	05F9D  :   10011010;
	05F9E  :   10001110;
	05F9F  :   11011011;
	05FA0  :   11010111;
	05FA1  :   11010101;
	05FA2  :   11011011;
	05FA3  :   11011001;
	[05FA4..05FA5]  :   11011000;
	05FA6  :   10001011;
	05FA7  :   10011011;
	05FA8  :   11010111;
	[05FA9..05FAA]  :   11011011;
	05FAB  :   11011010;
	05FAC  :   11011001;
	05FAD  :   11011011;
	05FAE  :   11011010;
	05FAF  :   11011011;
	[05FB0..05FB2]  :   11011101;
	05FB3  :   11011110;
	[05FB4..05FB6]  :   11011101;
	[05FB7..05FBC]  :   11011110;
	[05FBD..05FC9]  :   11011111;
	[05FCA..05FD8]  :   11100000;
	[05FD9..05FE3]  :   11100001;
	[05FE4..05FEE]  :   11100010;
	[05FEF..05FF5]  :   11100011;
	[05FF6..05FFF]  :   11100100;
	[06000..06009]  :   11100101;
	[0600A..06011]  :   11100110;
	[06012..06020]  :   11100111;
	[06021..06027]  :   11101000;
	[06028..06029]  :   11100111;
	[0602A..0602D]  :   11101000;
	[0602E..06037]  :   11100111;
	[06038..0603D]  :   11100110;
	[0603E..0603F]  :   11100101;
	06040  :   11011110;
	[06041..06045]  :   11011111;
	[06046..0604A]  :   11100000;
	[0604B..06056]  :   11100001;
	[06057..0606E]  :   11100010;
	[0606F..06077]  :   11100001;
	06078  :   11100010;
	[06079..0607D]  :   11100001;
	[0607E..0608A]  :   11100000;
	[0608B..06097]  :   11011111;
	[06098..060A2]  :   11011110;
	[060A3..060BC]  :   11011101;
	[060BD..060CA]  :   11011100;
	060CB  :   11011101;
	[060CC..060CD]  :   11011100;
	[060CE..060D0]  :   11011011;
	060D1  :   11011010;
	060D2  :   11011000;
	060D3  :   11011110;
	060D4  :   10111000;
	060D5  :   10010000;
	060D6  :   01110000;
	060D7  :   01101011;
	060D8  :   01110001;
	060D9  :   01100001;
	060DA  :   00110110;
	060DB  :   00111000;
	060DC  :   01110011;
	[060DD..060DE]  :   10000101;
	060DF  :   11011000;
	060E0  :   11010111;
	060E1  :   11010100;
	060E2  :   11010110;
	060E3  :   11010111;
	060E4  :   11011100;
	060E5  :   11010111;
	060E6  :   10000101;
	060E7  :   10010110;
	060E8  :   11011000;
	[060E9..060EA]  :   11011001;
	060EB  :   11011010;
	[060EC..060ED]  :   11011100;
	[060EE..060EF]  :   11011010;
	060F0  :   11011101;
	[060F1..060F2]  :   11011100;
	060F3  :   11011101;
	060F4  :   11011110;
	060F5  :   11011101;
	[060F6..060FB]  :   11011110;
	[060FC..06106]  :   11011111;
	[06107..06118]  :   11100000;
	[06119..06123]  :   11100001;
	[06124..0612E]  :   11100010;
	[0612F..06135]  :   11100011;
	[06136..06140]  :   11100100;
	[06141..06149]  :   11100101;
	[0614A..06151]  :   11100110;
	[06152..0615F]  :   11100111;
	[06160..06167]  :   11101000;
	06168  :   11100111;
	[06169..0616D]  :   11101000;
	[0616E..06177]  :   11100111;
	[06178..0617F]  :   11100110;
	06180  :   11011110;
	[06181..06185]  :   11011111;
	[06186..0618A]  :   11100000;
	[0618B..06195]  :   11100001;
	[06196..061AE]  :   11100010;
	[061AF..061B7]  :   11100001;
	[061B8..061B9]  :   11100010;
	[061BA..061BD]  :   11100001;
	[061BE..061C7]  :   11100000;
	[061C8..061D7]  :   11011111;
	[061D8..061DE]  :   11011110;
	061DF  :   11011101;
	[061E0..061E2]  :   11011110;
	[061E3..061FA]  :   11011101;
	[061FB..0620F]  :   11011100;
	06210  :   11011110;
	06211  :   11011001;
	[06212..06213]  :   11011011;
	06214  :   10110101;
	06215  :   10000000;
	06216  :   01001000;
	06217  :   00111101;
	06218  :   01001010;
	06219  :   00110010;
	0621A  :   00100101;
	0621B  :   00110000;
	0621C  :   01100011;
	0621D  :   10001010;
	0621E  :   01110000;
	0621F  :   11010011;
	06220  :   11010110;
	06221  :   11011011;
	06222  :   11011001;
	06223  :   11010111;
	06224  :   11011100;
	06225  :   11010100;
	06226  :   10001000;
	06227  :   10010100;
	06228  :   11011000;
	06229  :   11011001;
	0622A  :   11011010;
	0622B  :   11011011;
	0622C  :   11010111;
	0622D  :   11011000;
	0622E  :   11011111;
	0622F  :   11011011;
	06230  :   11011101;
	[06231..06232]  :   11011100;
	06233  :   11011101;
	[06234..0623A]  :   11011110;
	[0623B..06245]  :   11011111;
	[06246..06258]  :   11100000;
	[06259..06263]  :   11100001;
	[06264..0626E]  :   11100010;
	[0626F..06275]  :   11100011;
	[06276..06281]  :   11100100;
	[06282..06289]  :   11100101;
	[0628A..06291]  :   11100110;
	[06292..0629E]  :   11100111;
	[0629F..062AB]  :   11101000;
	[062AC..062B7]  :   11100111;
	[062B8..062BF]  :   11100110;
	[062C0..062C5]  :   11011111;
	062C6  :   11100000;
	062C7  :   11100001;
	[062C8..062CA]  :   11100000;
	[062CB..062CF]  :   11100001;
	[062D0..062EF]  :   11100010;
	[062F0..062F7]  :   11100001;
	062F8  :   11100011;
	062F9  :   11100010;
	[062FA..062FD]  :   11100001;
	[062FE..06307]  :   11100000;
	[06308..06317]  :   11011111;
	[06318..0631E]  :   11011110;
	0631F  :   11011101;
	[06320..06322]  :   11011110;
	[06323..06337]  :   11011101;
	[06338..06347]  :   11011100;
	06348  :   11011101;
	[06349..0634A]  :   11011100;
	[0634B..0634C]  :   11011011;
	[0634D..0634E]  :   11011100;
	0634F  :   11011101;
	06350  :   11011010;
	06351  :   11011000;
	06352  :   11011101;
	06353  :   11011001;
	06354  :   11011000;
	06355  :   10111100;
	06356  :   01011101;
	06357  :   00101000;
	06358  :   00101111;
	06359  :   00110100;
	0635A  :   00101110;
	0635B  :   00110110;
	0635C  :   01100011;
	0635D  :   10010111;
	0635E  :   01100100;
	0635F  :   10101011;
	06360  :   11011000;
	06361  :   11010101;
	06362  :   11011010;
	06363  :   11010101;
	06364  :   11011100;
	06365  :   11010110;
	06366  :   10000110;
	06367  :   10010101;
	06368  :   11010111;
	06369  :   11011011;
	0636A  :   11011101;
	0636B  :   11010101;
	0636C  :   11000111;
	0636D  :   11001100;
	0636E  :   11011110;
	0636F  :   11011001;
	06370  :   11011110;
	06371  :   11011101;
	06372  :   11011100;
	06373  :   11011101;
	06374  :   11011110;
	06375  :   11011111;
	[06376..06379]  :   11011110;
	[0637A..06385]  :   11011111;
	[06386..06398]  :   11100000;
	[06399..063A3]  :   11100001;
	[063A4..063AE]  :   11100010;
	[063AF..063B5]  :   11100011;
	[063B6..063C2]  :   11100100;
	[063C3..063C9]  :   11100101;
	[063CA..063D0]  :   11100110;
	[063D1..063DE]  :   11100111;
	063DF  :   11101000;
	063E0  :   11100111;
	[063E1..063EA]  :   11101000;
	[063EB..063F7]  :   11100111;
	[063F8..063FF]  :   11100110;
	06400  :   11011110;
	[06401..06405]  :   11011111;
	[06406..06409]  :   11100000;
	[0640A..0640F]  :   11100001;
	[06410..06417]  :   11100010;
	[06418..06419]  :   11100001;
	[0641A..0642D]  :   11100010;
	[0642E..06435]  :   11100001;
	[06436..06437]  :   11100000;
	[06438..0643C]  :   11100001;
	[0643D..0643F]  :   11100000;
	06440  :   11100001;
	[06441..06446]  :   11100000;
	[06447..06458]  :   11011111;
	[06459..06464]  :   11011110;
	[06465..06473]  :   11011101;
	[06474..0647F]  :   11011100;
	06480  :   11011101;
	06481  :   11011011;
	[06482..06485]  :   11011100;
	06486  :   11011101;
	[06487..06488]  :   11011011;
	[06489..0648A]  :   11011101;
	0648B  :   11011011;
	0648C  :   11011001;
	0648D  :   11011100;
	0648E  :   11011011;
	0648F  :   11011100;
	06490  :   11011011;
	06491  :   11011100;
	06492  :   11011011;
	06493  :   11011000;
	06494  :   11011110;
	06495  :   11011000;
	06496  :   10100101;
	06497  :   01100010;
	06498  :   01001100;
	06499  :   00111111;
	[0649A..0649B]  :   00110011;
	0649C  :   01000101;
	0649D  :   01101100;
	0649E  :   01010011;
	0649F  :   10000000;
	064A0  :   11010011;
	064A1  :   11011010;
	064A2  :   11011000;
	064A3  :   11011001;
	064A4  :   11011110;
	064A5  :   11011101;
	064A6  :   10000110;
	064A7  :   10010000;
	064A8  :   11010101;
	064A9  :   11011111;
	064AA  :   11011000;
	064AB  :   11010000;
	064AC  :   10101101;
	064AD  :   11001100;
	064AE  :   11100010;
	064AF  :   11011010;
	064B0  :   11011011;
	[064B1..064B2]  :   11011100;
	064B3  :   11011101;
	[064B4..064B9]  :   11011110;
	[064BA..064C7]  :   11011111;
	[064C8..064D7]  :   11100000;
	[064D8..064E3]  :   11100001;
	[064E4..064EE]  :   11100010;
	[064EF..064F6]  :   11100011;
	[064F7..06501]  :   11100100;
	[06502..06509]  :   11100101;
	[0650A..06511]  :   11100110;
	[06512..0651C]  :   11100111;
	[0651D..0652F]  :   11101000;
	[06530..0653D]  :   11100111;
	[0653E..0653F]  :   11100110;
	06540  :   11011110;
	[06541..06545]  :   11011111;
	[06546..06549]  :   11100000;
	[0654A..06551]  :   11100001;
	[06552..06557]  :   11100010;
	[06558..06559]  :   11100001;
	[0655A..0656E]  :   11100010;
	[0656F..06574]  :   11100001;
	[06575..06577]  :   11100000;
	[06578..0657D]  :   11100001;
	[0657E..0657F]  :   11100000;
	06580  :   11100001;
	[06581..06586]  :   11100000;
	[06587..06597]  :   11011111;
	[06598..065A3]  :   11011110;
	[065A4..065B2]  :   11011101;
	[065B3..065C4]  :   11011100;
	[065C5..065C7]  :   11011101;
	065C8  :   11011010;
	065C9  :   11011101;
	065CA  :   11010110;
	065CB  :   11011101;
	065CC  :   11100000;
	065CD  :   11011110;
	[065CE..065D0]  :   11011100;
	[065D1..065D2]  :   11011011;
	065D3  :   11011001;
	065D4  :   11011010;
	065D5  :   11011100;
	065D6  :   11001111;
	065D7  :   10111000;
	065D8  :   10011000;
	065D9  :   01110000;
	065DA  :   01011000;
	065DB  :   01010101;
	065DC  :   01001000;
	065DD  :   00111000;
	065DE  :   00111111;
	065DF  :   01011110;
	065E0  :   11001110;
	065E1  :   11011011;
	065E2  :   11010111;
	065E3  :   11011001;
	065E4  :   11011000;
	065E5  :   11011001;
	065E6  :   10000110;
	065E7  :   10000000;
	065E8  :   11001100;
	065E9  :   11011011;
	065EA  :   11011100;
	065EB  :   11000110;
	065EC  :   10011000;
	065ED  :   11010001;
	065EE  :   11011110;
	065EF  :   11011101;
	065F0  :   11011100;
	[065F1..065F2]  :   11011101;
	[065F3..065F8]  :   11011110;
	[065F9..06607]  :   11011111;
	[06608..06617]  :   11100000;
	[06618..06622]  :   11100001;
	[06623..0662E]  :   11100010;
	[0662F..06636]  :   11100011;
	[06637..06641]  :   11100100;
	[06642..06648]  :   11100101;
	[06649..06651]  :   11100110;
	[06652..0665C]  :   11100111;
	[0665D..0666F]  :   11101000;
	[06670..0667D]  :   11100111;
	[0667E..0667F]  :   11100110;
	06680  :   11011110;
	[06681..06685]  :   11011111;
	[06686..06688]  :   11100000;
	[06689..06691]  :   11100001;
	06692  :   11100010;
	[06693..06695]  :   11100011;
	[06696..06697]  :   11100010;
	06698  :   11100001;
	[06699..066AE]  :   11100010;
	[066AF..066B4]  :   11100001;
	[066B5..066B7]  :   11100000;
	[066B8..066BD]  :   11100001;
	[066BE..066C6]  :   11100000;
	[066C7..066D7]  :   11011111;
	[066D8..066DD]  :   11011110;
	[066DE..066F1]  :   11011101;
	[066F2..066FF]  :   11011100;
	[06700..06701]  :   11011101;
	06702  :   11011100;
	[06703..06705]  :   11011011;
	06706  :   11011010;
	06707  :   11011011;
	06708  :   11011110;
	06709  :   11011101;
	0670A  :   11011010;
	0670B  :   11011111;
	0670C  :   11011011;
	0670D  :   11011010;
	0670E  :   11011101;
	0670F  :   11011100;
	06710  :   11011110;
	06711  :   11011010;
	[06712..06713]  :   11011011;
	[06714..06715]  :   11011000;
	06716  :   11011101;
	06717  :   11011110;
	06718  :   11010101;
	06719  :   11000001;
	0671A  :   10101010;
	0671B  :   10011110;
	0671C  :   01111001;
	0671D  :   00101101;
	0671E  :   00101110;
	0671F  :   01010111;
	06720  :   11000011;
	06721  :   11011001;
	06722  :   11010111;
	06723  :   11011001;
	06724  :   11011011;
	06725  :   11010000;
	06726  :   10001000;
	06727  :   01100111;
	06728  :   10011010;
	06729  :   11010000;
	0672A  :   11011011;
	0672B  :   10101100;
	0672C  :   10100001;
	0672D  :   11011100;
	0672E  :   11011010;
	[0672F..06730]  :   11011101;
	[06731..06736]  :   11011110;
	06737  :   11011101;
	06738  :   11011110;
	[06739..06746]  :   11011111;
	[06747..06758]  :   11100000;
	[06759..06762]  :   11100001;
	[06763..0676E]  :   11100010;
	[0676F..06776]  :   11100011;
	[06777..06780]  :   11100100;
	[06781..06787]  :   11100101;
	[06788..06790]  :   11100110;
	[06791..0679C]  :   11100111;
	[0679D..067AF]  :   11101000;
	[067B0..067BA]  :   11100111;
	[067BB..067BF]  :   11100110;
	067C0  :   11011110;
	[067C1..067C4]  :   11011111;
	[067C5..067C8]  :   11100000;
	[067C9..067D0]  :   11100001;
	[067D1..067D3]  :   11100010;
	067D4  :   11100011;
	[067D5..067EE]  :   11100010;
	[067EF..067F4]  :   11100001;
	[067F5..067F7]  :   11100000;
	[067F8..067FD]  :   11100001;
	[067FE..06806]  :   11100000;
	[06807..06814]  :   11011111;
	[06815..0681C]  :   11011110;
	[0681D..06830]  :   11011101;
	[06831..06840]  :   11011100;
	06841  :   11011101;
	06842  :   11011100;
	06843  :   11011011;
	[06844..06845]  :   11011110;
	06846  :   11011100;
	06847  :   11011110;
	[06848..06849]  :   11011011;
	0684A  :   11011100;
	0684B  :   11011010;
	[0684C..0684D]  :   11011100;
	[0684E..0684F]  :   11011001;
	06850  :   11011011;
	06851  :   11011001;
	06852  :   11011011;
	06853  :   11011101;
	06854  :   11011011;
	[06855..06856]  :   11011010;
	06857  :   11011000;
	06858  :   11011001;
	06859  :   11011101;
	0685A  :   11011111;
	0685B  :   11011101;
	0685C  :   10110110;
	0685D  :   01011110;
	0685E  :   00110001;
	0685F  :   01010111;
	06860  :   10110110;
	06861  :   11010111;
	06862  :   11011011;
	06863  :   11011001;
	06864  :   11011011;
	06865  :   11000111;
	06866  :   10011011;
	06867  :   01010110;
	06868  :   01011010;
	06869  :   10110010;
	0686A  :   11000111;
	0686B  :   10010101;
	0686C  :   11001010;
	0686D  :   11100011;
	0686E  :   11011011;
	0686F  :   11011110;
	06870  :   11011101;
	[06871..06877]  :   11011110;
	[06878..06885]  :   11011111;
	[06886..06899]  :   11100000;
	[0689A..068A3]  :   11100001;
	[068A4..068AE]  :   11100010;
	[068AF..068B6]  :   11100011;
	[068B7..068C0]  :   11100100;
	[068C1..068C7]  :   11100101;
	[068C8..068CF]  :   11100110;
	[068D0..068DB]  :   11100111;
	[068DC..068F0]  :   11101000;
	[068F1..068F7]  :   11100111;
	068F8  :   11101000;
	[068F9..068FA]  :   11100111;
	[068FB..068FF]  :   11100110;
	06900  :   11011110;
	[06901..06904]  :   11011111;
	[06905..06909]  :   11100000;
	[0690A..06915]  :   11100001;
	[06916..0692E]  :   11100010;
	[0692F..06934]  :   11100001;
	[06935..06937]  :   11100000;
	[06938..0693C]  :   11100001;
	[0693D..06946]  :   11100000;
	[06947..06952]  :   11011111;
	[06953..0695C]  :   11011110;
	[0695D..0696F]  :   11011101;
	[06970..06981]  :   11011100;
	06982  :   11011011;
	06983  :   11011100;
	[06984..06985]  :   11011101;
	06986  :   11011100;
	[06987..06988]  :   11011011;
	06989  :   11011111;
	0698A  :   11011100;
	0698B  :   11011001;
	0698C  :   11011110;
	0698D  :   11011100;
	0698E  :   11011101;
	0698F  :   11011100;
	06990  :   11011010;
	[06991..06992]  :   11011011;
	06993  :   11011010;
	06994  :   11011001;
	[06995..06996]  :   11011011;
	06997  :   11011010;
	06998  :   11011001;
	06999  :   11011011;
	0699A  :   11010110;
	[0699B..0699C]  :   11011000;
	0699D  :   10101000;
	0699E  :   01011101;
	0699F  :   01101001;
	069A0  :   01111100;
	069A1  :   11001101;
	069A2  :   11010111;
	069A3  :   11010110;
	069A4  :   11010011;
	[069A5..069A6]  :   10110111;
	069A7  :   10011010;
	069A8  :   01110010;
	069A9  :   10010110;
	069AA  :   10011011;
	069AB  :   10000100;
	069AC  :   11010001;
	069AD  :   11011101;
	069AE  :   11011110;
	069AF  :   11011011;
	[069B0..069B1]  :   11011101;
	[069B2..069B7]  :   11011110;
	[069B8..069C5]  :   11011111;
	[069C6..069D9]  :   11100000;
	[069DA..069E3]  :   11100001;
	[069E4..069EE]  :   11100010;
	[069EF..069F6]  :   11100011;
	[069F7..06A00]  :   11100100;
	[06A01..06A06]  :   11100101;
	[06A07..06A0F]  :   11100110;
	[06A10..06A1B]  :   11100111;
	[06A1C..06A31]  :   11101000;
	[06A32..06A3A]  :   11100111;
	[06A3B..06A3F]  :   11100110;
	06A40  :   11011110;
	06A41  :   11011111;
	06A42  :   11100000;
	[06A43..06A44]  :   11011111;
	[06A45..06A49]  :   11100000;
	[06A4A..06A4B]  :   11100001;
	[06A4C..06A4D]  :   11100000;
	[06A4E..06A55]  :   11100001;
	[06A56..06A6D]  :   11100010;
	[06A6E..06A75]  :   11100001;
	[06A76..06A86]  :   11100000;
	[06A87..06A8D]  :   11011111;
	[06A8E..06A9B]  :   11011110;
	[06A9C..06AAF]  :   11011101;
	[06AB0..06ABF]  :   11011100;
	06AC0  :   11011101;
	06AC1  :   11011011;
	[06AC2..06AC3]  :   11011100;
	[06AC4..06AC5]  :   11011011;
	06AC6  :   11011100;
	06AC7  :   11011010;
	06AC8  :   11011011;
	06AC9  :   11011010;
	06ACA  :   11011000;
	06ACB  :   11001110;
	06ACC  :   10101010;
	06ACD  :   10110101;
	06ACE  :   11011100;
	06ACF  :   11011011;
	[06AD0..06AD1]  :   11011100;
	06AD2  :   11011011;
	06AD3  :   11011010;
	[06AD4..06AD5]  :   11011001;
	06AD6  :   11011010;
	06AD7  :   11011100;
	06AD8  :   11011110;
	06AD9  :   11010100;
	06ADA  :   11011000;
	[06ADB..06ADC]  :   11011001;
	06ADD  :   11001111;
	06ADE  :   10010011;
	06ADF  :   01001010;
	06AE0  :   01110010;
	06AE1  :   11010000;
	06AE2  :   11011110;
	06AE3  :   11100010;
	06AE4  :   11001001;
	06AE5  :   11000111;
	06AE6  :   11011010;
	06AE7  :   10101111;
	06AE8  :   01100110;
	06AE9  :   01001001;
	06AEA  :   01110001;
	06AEB  :   10110100;
	06AEC  :   11100001;
	[06AED..06AEE]  :   11011010;
	06AEF  :   11011111;
	06AF0  :   11011100;
	06AF1  :   11011101;
	[06AF2..06AF6]  :   11011110;
	[06AF7..06B04]  :   11011111;
	[06B05..06B1A]  :   11100000;
	[06B1B..06B24]  :   11100001;
	[06B25..06B2E]  :   11100010;
	[06B2F..06B36]  :   11100011;
	[06B37..06B40]  :   11100100;
	[06B41..06B46]  :   11100101;
	[06B47..06B4F]  :   11100110;
	[06B50..06B5A]  :   11100111;
	[06B5B..06B71]  :   11101000;
	[06B72..06B7A]  :   11100111;
	[06B7B..06B7F]  :   11100110;
	06B80  :   11011110;
	06B81  :   11011111;
	06B82  :   11100000;
	[06B83..06B84]  :   11011111;
	[06B85..06B88]  :   11100000;
	[06B89..06B8F]  :   11100001;
	[06B90..06BA9]  :   11100010;
	06BAA  :   11100001;
	[06BAB..06BAD]  :   11100010;
	[06BAE..06BB7]  :   11100001;
	[06BB8..06BC7]  :   11100000;
	[06BC8..06BCC]  :   11011111;
	[06BCD..06BDA]  :   11011110;
	[06BDB..06BDD]  :   11011101;
	[06BDE..06BDF]  :   11011110;
	[06BE0..06BEF]  :   11011101;
	[06BF0..06BF7]  :   11011100;
	06BF8  :   11011101;
	[06BF9..06BFE]  :   11011100;
	06BFF  :   11011101;
	06C00  :   11011100;
	06C01  :   11011001;
	06C02  :   11011101;
	06C03  :   11011110;
	06C04  :   11011000;
	06C05  :   11011010;
	06C06  :   11011110;
	06C07  :   11011101;
	06C08  :   11011100;
	06C09  :   11011010;
	06C0A  :   11011100;
	06C0B  :   10111111;
	06C0C  :   01110111;
	06C0D  :   10100100;
	06C0E  :   11011101;
	[06C0F..06C12]  :   11011100;
	06C13  :   11011101;
	06C14  :   11011110;
	06C15  :   11011100;
	06C16  :   11011011;
	06C17  :   11011100;
	06C18  :   11011000;
	06C19  :   11011011;
	06C1A  :   11011100;
	06C1B  :   11011000;
	06C1C  :   11011010;
	06C1D  :   11011101;
	06C1E  :   11000010;
	06C1F  :   01010011;
	06C20  :   01111000;
	06C21  :   11011010;
	06C22  :   11000101;
	06C23  :   10100111;
	06C24  :   10001101;
	06C25  :   10011011;
	06C26  :   10010110;
	06C27  :   01100101;
	06C28  :   00111111;
	06C29  :   01001110;
	06C2A  :   10010111;
	06C2B  :   11011001;
	[06C2C..06C2D]  :   11011100;
	06C2E  :   11011110;
	06C2F  :   11011001;
	06C30  :   11011100;
	06C31  :   11011101;
	[06C32..06C35]  :   11011110;
	[06C36..06C44]  :   11011111;
	[06C45..06C5A]  :   11100000;
	[06C5B..06C65]  :   11100001;
	[06C66..06C6E]  :   11100010;
	[06C6F..06C76]  :   11100011;
	[06C77..06C7F]  :   11100100;
	[06C80..06C86]  :   11100101;
	[06C87..06C8E]  :   11100110;
	[06C8F..06C9A]  :   11100111;
	[06C9B..06CB2]  :   11101000;
	[06CB3..06CBB]  :   11100111;
	[06CBC..06CBF]  :   11100110;
	06CC0  :   11011110;
	06CC1  :   11011111;
	06CC2  :   11100000;
	[06CC3..06CC4]  :   11011111;
	[06CC5..06CC8]  :   11100000;
	[06CC9..06CCE]  :   11100001;
	06CCF  :   11100010;
	[06CD0..06CD1]  :   11100001;
	[06CD2..06CE9]  :   11100010;
	[06CEA..06CEB]  :   11100001;
	[06CEC..06CED]  :   11100010;
	[06CEE..06CF7]  :   11100001;
	[06CF8..06D07]  :   11100000;
	[06D08..06D0C]  :   11011111;
	[06D0D..06D0E]  :   11011110;
	06D0F  :   11011101;
	[06D10..06D17]  :   11011110;
	06D18  :   11011111;
	06D19  :   11011110;
	[06D1A..06D1D]  :   11011101;
	[06D1E..06D1F]  :   11011110;
	[06D20..06D2F]  :   11011101;
	[06D30..06D36]  :   11011100;
	[06D37..06D39]  :   11011101;
	[06D3A..06D3D]  :   11011100;
	[06D3E..06D3F]  :   11011101;
	06D40  :   11011110;
	06D41  :   11011010;
	06D42  :   11011101;
	06D43  :   11011011;
	06D44  :   11001111;
	06D45  :   11001110;
	06D46  :   11010100;
	06D47  :   11010001;
	06D48  :   11010101;
	06D49  :   11011100;
	06D4A  :   11011110;
	06D4B  :   10110001;
	06D4C  :   01110000;
	06D4D  :   10111011;
	06D4E  :   11011100;
	06D4F  :   11011010;
	06D50  :   11011100;
	06D51  :   11011101;
	06D52  :   11011100;
	06D53  :   11011011;
	06D54  :   11011100;
	06D55  :   11011011;
	06D56  :   11011010;
	06D57  :   11011100;
	06D58  :   11011010;
	06D59  :   11011101;
	06D5A  :   11010111;
	[06D5B..06D5C]  :   11011010;
	06D5D  :   11011000;
	06D5E  :   11010000;
	06D5F  :   01100010;
	06D60  :   10010010;
	06D61  :   11000111;
	06D62  :   01111110;
	06D63  :   01010001;
	06D64  :   01010010;
	06D65  :   01011100;
	06D66  :   01010011;
	06D67  :   01010001;
	06D68  :   01100100;
	06D69  :   10011001;
	06D6A  :   11001011;
	06D6B  :   11011111;
	06D6C  :   11011110;
	06D6D  :   11011010;
	06D6E  :   11011111;
	[06D6F..06D70]  :   11011101;
	06D71  :   11011110;
	06D72  :   11011111;
	[06D73..06D75]  :   11011110;
	[06D76..06D84]  :   11011111;
	[06D85..06D9A]  :   11100000;
	[06D9B..06DA5]  :   11100001;
	[06DA6..06DAE]  :   11100010;
	[06DAF..06DB6]  :   11100011;
	[06DB7..06DBF]  :   11100100;
	[06DC0..06DC6]  :   11100101;
	[06DC7..06DCD]  :   11100110;
	[06DCE..06DDA]  :   11100111;
	[06DDB..06DF2]  :   11101000;
	[06DF3..06DF7]  :   11100111;
	06DF8  :   11100110;
	[06DF9..06DFC]  :   11100111;
	[06DFD..06DFF]  :   11100110;
	[06E00..06E03]  :   11011111;
	[06E04..06E07]  :   11100000;
	[06E08..06E0B]  :   11100001;
	06E0C  :   11100010;
	[06E0D..06E13]  :   11100001;
	[06E14..06E2A]  :   11100010;
	[06E2B..06E2F]  :   11100001;
	06E30  :   11100010;
	[06E31..06E32]  :   11100001;
	[06E33..06E37]  :   11100000;
	[06E38..06E3B]  :   11100001;
	[06E3C..06E45]  :   11100000;
	[06E46..06E4B]  :   11011111;
	[06E4C..06E5B]  :   11011110;
	[06E5C..06E70]  :   11011101;
	[06E71..06E7F]  :   11011100;
	06E80  :   11011010;
	06E81  :   11011110;
	06E82  :   11011100;
	06E83  :   11011111;
	06E84  :   10110010;
	06E85  :   11000011;
	06E86  :   11010001;
	06E87  :   10111100;
	06E88  :   11000011;
	06E89  :   11011001;
	06E8A  :   11000101;
	06E8B  :   10001110;
	06E8C  :   10000001;
	06E8D  :   11011000;
	06E8E  :   11011110;
	[06E8F..06E91]  :   11011011;
	[06E92..06E96]  :   11011100;
	06E97  :   11011011;
	06E98  :   11011101;
	06E99  :   11011010;
	[06E9A..06E9B]  :   11011100;
	[06E9C..06E9D]  :   11011001;
	06E9E  :   11001101;
	06E9F  :   01100101;
	06EA0  :   10010101;
	06EA1  :   10010001;
	06EA2  :   01010011;
	06EA3  :   01010111;
	06EA4  :   01100010;
	06EA5  :   01101010;
	06EA6  :   10000001;
	06EA7  :   10100000;
	06EA8  :   11000010;
	06EA9  :   11010011;
	06EAA  :   11011111;
	06EAB  :   11011101;
	06EAC  :   11011000;
	06EAD  :   11011011;
	06EAE  :   11011101;
	06EAF  :   11011100;
	06EB0  :   11011101;
	[06EB1..06EB3]  :   11011110;
	06EB4  :   11011101;
	06EB5  :   11011110;
	[06EB6..06EC5]  :   11011111;
	[06EC6..06ED9]  :   11100000;
	[06EDA..06EE5]  :   11100001;
	[06EE6..06EEF]  :   11100010;
	[06EF0..06EF6]  :   11100011;
	[06EF7..06F00]  :   11100100;
	[06F01..06F06]  :   11100101;
	[06F07..06F0D]  :   11100110;
	[06F0E..06F19]  :   11100111;
	[06F1A..06F33]  :   11101000;
	[06F34..06F3C]  :   11100111;
	06F3D  :   11101000;
	[06F3E..06F3F]  :   11100111;
	[06F40..06F43]  :   11011111;
	[06F44..06F47]  :   11100000;
	[06F48..06F54]  :   11100001;
	[06F55..06F6A]  :   11100010;
	[06F6B..06F73]  :   11100001;
	[06F74..06F77]  :   11100000;
	[06F78..06F79]  :   11100001;
	[06F7A..06F81]  :   11100000;
	[06F82..06F83]  :   11011111;
	[06F84..06F85]  :   11100000;
	[06F86..06F8A]  :   11011111;
	[06F8B..06F9A]  :   11011110;
	[06F9B..06FB0]  :   11011101;
	[06FB1..06FBF]  :   11011100;
	06FC0  :   11011110;
	06FC1  :   11011001;
	06FC2  :   11011011;
	06FC3  :   11010100;
	06FC4  :   10011111;
	06FC5  :   11000011;
	06FC6  :   11100000;
	06FC7  :   11000001;
	06FC8  :   10110100;
	06FC9  :   10110101;
	06FCA  :   10001000;
	06FCB  :   01001001;
	06FCC  :   01111001;
	06FCD  :   11010000;
	[06FCE..06FD0]  :   11011011;
	[06FD1..06FD6]  :   11011100;
	[06FD7..06FD9]  :   11011011;
	06FDA  :   11011010;
	06FDB  :   11011011;
	06FDC  :   11011001;
	06FDD  :   11011011;
	06FDE  :   11010110;
	06FDF  :   10001001;
	06FE0  :   01010110;
	06FE1  :   01011110;
	06FE2  :   10010100;
	06FE3  :   11000001;
	06FE4  :   11001100;
	06FE5  :   11010110;
	06FE6  :   11011101;
	06FE7  :   11100010;
	06FE8  :   11011111;
	06FE9  :   11011100;
	06FEA  :   11011010;
	[06FEB..06FEC]  :   11011011;
	06FED  :   11011100;
	06FEE  :   11011101;
	06FEF  :   11100000;
	06FF0  :   11011110;
	[06FF1..06FF2]  :   11011111;
	[06FF3..06FF5]  :   11011110;
	[06FF6..07005]  :   11011111;
	[07006..07019]  :   11100000;
	[0701A..07025]  :   11100001;
	[07026..0702F]  :   11100010;
	[07030..07036]  :   11100011;
	[07037..07040]  :   11100100;
	[07041..07046]  :   11100101;
	[07047..0704F]  :   11100110;
	[07050..07059]  :   11100111;
	[0705A..07074]  :   11101000;
	[07075..0707E]  :   11100111;
	0707F  :   11100110;
	[07080..07082]  :   11011111;
	[07083..07088]  :   11100000;
	[07089..07095]  :   11100001;
	[07096..070AA]  :   11100010;
	[070AB..070B4]  :   11100001;
	[070B5..070C0]  :   11100000;
	[070C1..070C6]  :   11011111;
	070C7  :   11011110;
	[070C8..070C9]  :   11011111;
	[070CA..070DA]  :   11011110;
	[070DB..070F0]  :   11011101;
	[070F1..070FF]  :   11011100;
	07100  :   11011101;
	07101  :   11011100;
	07102  :   11100010;
	07103  :   10111001;
	07104  :   10001000;
	07105  :   11000100;
	07106  :   11100000;
	07107  :   11011000;
	07108  :   11000010;
	07109  :   10010000;
	0710A  :   01100101;
	0710B  :   01011010;
	0710C  :   10000101;
	0710D  :   11001000;
	0710E  :   11011101;
	[0710F..07110]  :   11011011;
	[07111..07116]  :   11011100;
	07117  :   11011011;
	07118  :   11011010;
	[07119..0711A]  :   11011011;
	0711B  :   11011110;
	0711C  :   11011001;
	[0711D..0711E]  :   11011011;
	0711F  :   10011110;
	07120  :   01001001;
	07121  :   10011000;
	07122  :   11010111;
	[07123..07124]  :   11011110;
	07125  :   11011101;
	07126  :   11011000;
	07127  :   11011001;
	07128  :   11011011;
	[07129..0712A]  :   11011001;
	0712B  :   11011100;
	[0712C..0712D]  :   11011110;
	0712E  :   11011101;
	0712F  :   11011100;
	[07130..07131]  :   11011110;
	07132  :   11011111;
	[07133..07135]  :   11011110;
	[07136..07145]  :   11011111;
	[07146..07159]  :   11100000;
	[0715A..07166]  :   11100001;
	[07167..0716F]  :   11100010;
	[07170..07176]  :   11100011;
	[07177..07180]  :   11100100;
	[07181..07186]  :   11100101;
	[07187..0718F]  :   11100110;
	[07190..0719A]  :   11100111;
	[0719B..071B4]  :   11101000;
	[071B5..071BD]  :   11100111;
	[071BE..071BF]  :   11100110;
	[071C0..071C2]  :   11011111;
	[071C3..071C9]  :   11100000;
	[071CA..071D5]  :   11100001;
	[071D6..071EA]  :   11100010;
	[071EB..071F4]  :   11100001;
	[071F5..07200]  :   11100000;
	[07201..07208]  :   11011111;
	[07209..07219]  :   11011110;
	[0721A..07230]  :   11011101;
	[07231..07240]  :   11011100;
	07241  :   11011011;
	07242  :   11100011;
	07243  :   10110100;
	07244  :   10000110;
	07245  :   10111110;
	07246  :   11011001;
	07247  :   11011100;
	07248  :   11011000;
	07249  :   10110101;
	0724A  :   01100011;
	0724B  :   01000110;
	0724C  :   01111001;
	0724D  :   11010100;
	0724E  :   11011011;
	0724F  :   11010111;
	07250  :   11011011;
	[07251..07256]  :   11011100;
	[07257..07258]  :   11011011;
	[07259..0725A]  :   11011100;
	0725B  :   11011110;
	0725C  :   11010111;
	[0725D..0725E]  :   11011011;
	0725F  :   10010001;
	07260  :   01011111;
	07261  :   11001010;
	07262  :   11011100;
	07263  :   11010111;
	07264  :   11011001;
	07265  :   11011000;
	07266  :   11011011;
	07267  :   11011110;
	07268  :   11011010;
	07269  :   11011100;
	0726A  :   11011101;
	[0726B..0726D]  :   11011100;
	0726E  :   11011101;
	0726F  :   11011110;
	[07270..07271]  :   11011101;
	07272  :   11011110;
	07273  :   11011101;
	07274  :   11011110;
	[07275..07285]  :   11011111;
	[07286..07299]  :   11100000;
	[0729A..072A7]  :   11100001;
	[072A8..072B0]  :   11100010;
	[072B1..072B6]  :   11100011;
	[072B7..072C0]  :   11100100;
	[072C1..072C6]  :   11100101;
	[072C7..072CF]  :   11100110;
	[072D0..072DA]  :   11100111;
	[072DB..072F5]  :   11101000;
	[072F6..072FE]  :   11100111;
	072FF  :   11100110;
	[07300..07302]  :   11011111;
	[07303..07309]  :   11100000;
	[0730A..07315]  :   11100001;
	[07316..07329]  :   11100010;
	[0732A..07332]  :   11100001;
	[07333..07340]  :   11100000;
	[07341..07348]  :   11011111;
	[07349..07359]  :   11011110;
	[0735A..07370]  :   11011101;
	[07371..0737F]  :   11011100;
	07380  :   11011011;
	07381  :   11011000;
	07382  :   11011111;
	07383  :   11010000;
	07384  :   10011011;
	07385  :   10101011;
	07386  :   11010110;
	07387  :   11011110;
	07388  :   11011101;
	07389  :   11001111;
	0738A  :   10001110;
	0738B  :   01000110;
	0738C  :   01100110;
	0738D  :   11010011;
	[0738E..0738F]  :   11011100;
	07390  :   11011011;
	[07391..07396]  :   11011100;
	07397  :   11011011;
	07398  :   11011101;
	07399  :   11011011;
	0739A  :   11011100;
	0739B  :   11011011;
	0739C  :   11010110;
	0739D  :   11011110;
	0739E  :   11010100;
	0739F  :   01110011;
	073A0  :   01111101;
	073A1  :   11010110;
	073A2  :   11011001;
	073A3  :   11011011;
	[073A4..073A5]  :   11011100;
	073A6  :   11011010;
	073A7  :   11011011;
	073A8  :   11100000;
	073A9  :   11011100;
	073AA  :   11011011;
	[073AB..073AC]  :   11011101;
	[073AD..073AE]  :   11011100;
	073AF  :   11011111;
	073B0  :   11011101;
	[073B1..073B2]  :   11011110;
	073B3  :   11011101;
	073B4  :   11011110;
	[073B5..073C5]  :   11011111;
	[073C6..073D9]  :   11100000;
	[073DA..073E7]  :   11100001;
	[073E8..073F0]  :   11100010;
	[073F1..073F6]  :   11100011;
	[073F7..07400]  :   11100100;
	[07401..07406]  :   11100101;
	[07407..0740F]  :   11100110;
	[07410..0741B]  :   11100111;
	[0741C..07435]  :   11101000;
	[07436..0743B]  :   11100111;
	[0743C..0743D]  :   11101000;
	[0743E..0743F]  :   11100111;
	[07440..07443]  :   11011111;
	[07444..0744A]  :   11100000;
	[0744B..07454]  :   11100001;
	[07455..07468]  :   11100010;
	[07469..07471]  :   11100001;
	[07472..07476]  :   11100000;
	07477  :   11100001;
	[07478..07481]  :   11100000;
	[07482..07489]  :   11011111;
	[0748A..07497]  :   11011110;
	[07498..074B0]  :   11011101;
	[074B1..074BA]  :   11011100;
	[074BB..074BC]  :   11011101;
	[074BD..074BF]  :   11011100;
	074C0  :   11011010;
	074C1  :   11011101;
	074C2  :   11011100;
	074C3  :   11011111;
	074C4  :   11000011;
	074C5  :   10101000;
	074C6  :   10101101;
	074C7  :   11001001;
	074C8  :   11011000;
	074C9  :   11100001;
	074CA  :   11000011;
	074CB  :   01100000;
	074CC  :   01011110;
	074CD  :   11011010;
	074CE  :   11011011;
	074CF  :   11011010;
	[074D0..074D1]  :   11011011;
	074D2  :   11011100;
	[074D3..074D4]  :   11011011;
	[074D5..074D6]  :   11011100;
	074D7  :   11011011;
	074D8  :   11011100;
	074D9  :   11011010;
	074DA  :   11011101;
	074DB  :   11011010;
	074DC  :   11011001;
	074DD  :   11011110;
	074DE  :   10111001;
	074DF  :   01010011;
	074E0  :   10010100;
	074E1  :   11011011;
	074E2  :   11011100;
	074E3  :   11011001;
	074E4  :   11011010;
	074E5  :   11011000;
	[074E6..074E7]  :   11011101;
	074E8  :   11011001;
	074E9  :   11011011;
	074EA  :   11011100;
	074EB  :   11011101;
	[074EC..074ED]  :   11011110;
	074EE  :   11011101;
	074EF  :   11011011;
	[074F0..074F2]  :   11011111;
	074F3  :   11011110;
	[074F4..07505]  :   11011111;
	[07506..07519]  :   11100000;
	[0751A..07528]  :   11100001;
	[07529..07531]  :   11100010;
	[07532..07536]  :   11100011;
	[07537..07540]  :   11100100;
	[07541..07546]  :   11100101;
	[07547..0754F]  :   11100110;
	[07550..0755B]  :   11100111;
	[0755C..07567]  :   11101000;
	[07568..07569]  :   11101001;
	[0756A..07577]  :   11101000;
	[07578..0757B]  :   11100111;
	[0757C..0757E]  :   11101000;
	0757F  :   11100111;
	[07580..07584]  :   11011111;
	[07585..0758B]  :   11100000;
	[0758C..07594]  :   11100001;
	[07595..075A5]  :   11100010;
	[075A6..075B2]  :   11100001;
	[075B3..075C1]  :   11100000;
	[075C2..075C8]  :   11011111;
	[075C9..075D7]  :   11011110;
	[075D8..075F0]  :   11011101;
	[075F1..075F9]  :   11011100;
	[075FA..075FD]  :   11011101;
	[075FE..07600]  :   11011100;
	07601  :   11011110;
	07602  :   11011010;
	07603  :   11011001;
	07604  :   11100001;
	07605  :   11000100;
	07606  :   10001111;
	07607  :   10010101;
	07608  :   10110010;
	07609  :   11000011;
	0760A  :   11000101;
	0760B  :   10000011;
	0760C  :   01100101;
	0760D  :   11010100;
	0760E  :   11010110;
	[0760F..07617]  :   11011011;
	[07618..07619]  :   11011010;
	0761A  :   11011101;
	0761B  :   11011011;
	0761C  :   11011100;
	0761D  :   11010111;
	0761E  :   10010000;
	0761F  :   01000100;
	07620  :   10110101;
	[07621..07622]  :   11011001;
	07623  :   11011111;
	07624  :   11011011;
	07625  :   11010111;
	07626  :   11100010;
	07627  :   11011010;
	07628  :   11011100;
	[07629..0762A]  :   11100000;
	0762B  :   11011011;
	0762C  :   11011010;
	0762D  :   11011110;
	0762E  :   11011111;
	0762F  :   11011101;
	[07630..07631]  :   11011111;
	[07632..07633]  :   11011110;
	[07634..07636]  :   11011111;
	07637  :   11011110;
	[07638..07645]  :   11011111;
	[07646..07659]  :   11100000;
	[0765A..07669]  :   11100001;
	[0766A..07671]  :   11100010;
	[07672..07676]  :   11100011;
	[07677..07680]  :   11100100;
	[07681..07686]  :   11100101;
	[07687..0768F]  :   11100110;
	[07690..0769C]  :   11100111;
	[0769D..076A7]  :   11101000;
	[076A8..076A9]  :   11101001;
	[076AA..076B7]  :   11101000;
	[076B8..076BB]  :   11100111;
	[076BC..076BD]  :   11101000;
	[076BE..076BF]  :   11100111;
	[076C0..076C5]  :   11011111;
	[076C6..076CC]  :   11100000;
	[076CD..076D4]  :   11100001;
	[076D5..076E4]  :   11100010;
	[076E5..076F5]  :   11100001;
	[076F6..07700]  :   11100000;
	[07701..07707]  :   11011111;
	[07708..07717]  :   11011110;
	[07718..07730]  :   11011101;
	[07731..07739]  :   11011100;
	[0773A..0773D]  :   11011101;
	[0773E..0773F]  :   11011100;
	07740  :   11011101;
	07741  :   11011011;
	07742  :   11011111;
	07743  :   11011001;
	07744  :   11011101;
	07745  :   11011011;
	07746  :   10101111;
	07747  :   10001001;
	07748  :   01110110;
	07749  :   01110101;
	0774A  :   01111010;
	0774B  :   01100111;
	0774C  :   01100010;
	0774D  :   11001010;
	0774E  :   11011011;
	0774F  :   11010111;
	07750  :   11011010;
	[07751..07758]  :   11011011;
	07759  :   11011100;
	0775A  :   11011011;
	0775B  :   11011000;
	0775C  :   11011011;
	0775D  :   11010000;
	0775E  :   01110100;
	0775F  :   01001000;
	07760  :   10111001;
	07761  :   11011010;
	07762  :   11011100;
	07763  :   11011010;
	07764  :   11011011;
	07765  :   11100001;
	07766  :   11011011;
	07767  :   11011101;
	07768  :   11011110;
	[07769..0776A]  :   11011011;
	0776B  :   11011101;
	0776C  :   11011110;
	[0776D..0776E]  :   11011101;
	0776F  :   11011111;
	[07770..07771]  :   11011110;
	[07772..07773]  :   11011101;
	07774  :   11011110;
	[07775..07776]  :   11011111;
	07777  :   11011110;
	[07778..07785]  :   11011111;
	[07786..07799]  :   11100000;
	[0779A..077A9]  :   11100001;
	[077AA..077AF]  :   11100010;
	077B0  :   11100001;
	077B1  :   11100010;
	[077B2..077B6]  :   11100011;
	[077B7..077C0]  :   11100100;
	[077C1..077C6]  :   11100101;
	077C7  :   11100110;
	[077C8..077C9]  :   11100101;
	[077CA..077CF]  :   11100110;
	[077D0..077DC]  :   11100111;
	[077DD..077F8]  :   11101000;
	[077F9..077FE]  :   11100111;
	077FF  :   11100110;
	[07800..07804]  :   11011111;
	[07805..0780C]  :   11100000;
	[0780D..0780F]  :   11100001;
	07810  :   11100000;
	[07811..07814]  :   11100001;
	[07815..07821]  :   11100010;
	[07822..07833]  :   11100001;
	[07834..0783F]  :   11100000;
	[07840..07849]  :   11011111;
	[0784A..0784D]  :   11011110;
	[0784E..0784F]  :   11011111;
	[07850..07857]  :   11011110;
	[07858..07867]  :   11011101;
	07868  :   11011110;
	[07869..0786C]  :   11011101;
	[0786D..07880]  :   11011100;
	07881  :   11011101;
	07882  :   11011100;
	[07883..07885]  :   11011011;
	07886  :   11011000;
	07887  :   11010011;
	07888  :   11000011;
	07889  :   10001100;
	0788A  :   01001010;
	0788B  :   00110001;
	0788C  :   01000100;
	0788D  :   10000110;
	0788E  :   11010110;
	0788F  :   11011100;
	07890  :   11011011;
	07891  :   11011000;
	07892  :   11011101;
	07893  :   11011000;
	07894  :   11011001;
	07895  :   11011100;
	07896  :   11011110;
	07897  :   11011101;
	07898  :   11011011;
	07899  :   11011010;
	0789A  :   11010111;
	0789B  :   11011010;
	0789C  :   11011110;
	0789D  :   11000010;
	0789E  :   01011011;
	0789F  :   01011010;
	078A0  :   11000101;
	078A1  :   11011010;
	078A2  :   11011011;
	078A3  :   11011000;
	[078A4..078A6]  :   11011100;
	[078A7..078A8]  :   11011101;
	[078A9..078AC]  :   11011110;
	078AD  :   11011101;
	[078AE..078B7]  :   11011110;
	[078B8..078C7]  :   11011111;
	[078C8..078DF]  :   11100000;
	[078E0..078EB]  :   11100001;
	[078EC..078EE]  :   11100010;
	078EF  :   11100001;
	[078F0..078F3]  :   11100010;
	[078F4..078FA]  :   11100011;
	[078FB..07902]  :   11100100;
	[07903..07908]  :   11100101;
	[07909..07912]  :   11100110;
	[07913..07919]  :   11100111;
	[0791A..07934]  :   11101000;
	[07935..0793B]  :   11100111;
	[0793C..0793D]  :   11101000;
	[0793E..0793F]  :   11100111;
	[07940..07943]  :   11011111;
	[07944..0794C]  :   11100000;
	[0794D..0794F]  :   11100001;
	07950  :   11100000;
	[07951..07954]  :   11100001;
	[07955..07961]  :   11100010;
	[07962..07972]  :   11100001;
	[07973..0797F]  :   11100000;
	[07980..07987]  :   11011111;
	[07988..07997]  :   11011110;
	[07998..079AB]  :   11011101;
	[079AC..079BF]  :   11011100;
	079C0  :   11011011;
	079C1  :   11011101;
	079C2  :   11011100;
	079C3  :   11011011;
	079C4  :   11011100;
	079C5  :   11011110;
	079C6  :   11011100;
	079C7  :   11011001;
	079C8  :   11011010;
	079C9  :   11001100;
	079CA  :   10100010;
	079CB  :   01101000;
	079CC  :   01000100;
	079CD  :   01000111;
	079CE  :   01111100;
	079CF  :   11000111;
	079D0  :   11011100;
	079D1  :   11011111;
	079D2  :   11100000;
	079D3  :   11011100;
	079D4  :   11011111;
	079D5  :   11011000;
	079D6  :   11001111;
	079D7  :   11001011;
	079D8  :   11010110;
	[079D9..079DA]  :   11011011;
	079DB  :   11011010;
	079DC  :   11011011;
	079DD  :   10110000;
	079DE  :   01000011;
	079DF  :   01101010;
	079E0  :   11001101;
	[079E1..079E3]  :   11011010;
	079E4  :   11011101;
	079E5  :   11011011;
	079E6  :   11011100;
	079E7  :   11011101;
	079E8  :   11011100;
	[079E9..079EE]  :   11011101;
	[079EF..079F7]  :   11011110;
	[079F8..07A07]  :   11011111;
	[07A08..07A0D]  :   11100000;
	[07A0E..07A0F]  :   11011111;
	[07A10..07A1F]  :   11100000;
	[07A20..07A2B]  :   11100001;
	[07A2C..07A2E]  :   11100010;
	07A2F  :   11100001;
	[07A30..07A33]  :   11100010;
	[07A34..07A3A]  :   11100011;
	[07A3B..07A42]  :   11100100;
	[07A43..07A49]  :   11100101;
	[07A4A..07A52]  :   11100110;
	[07A53..07A59]  :   11100111;
	[07A5A..07A77]  :   11101000;
	[07A78..07A7E]  :   11100111;
	07A7F  :   11100110;
	[07A80..07A83]  :   11011111;
	[07A84..07A8C]  :   11100000;
	[07A8D..07A94]  :   11100001;
	[07A95..07AA2]  :   11100010;
	[07AA3..07AB2]  :   11100001;
	[07AB3..07ABD]  :   11100000;
	[07ABE..07AC7]  :   11011111;
	[07AC8..07ACD]  :   11011110;
	[07ACE..07AEA]  :   11011101;
	[07AEB..07AFF]  :   11011100;
	07B00  :   11011011;
	[07B01..07B02]  :   11011100;
	07B03  :   11011011;
	07B04  :   11011100;
	[07B05..07B06]  :   11011110;
	[07B07..07B08]  :   11011100;
	07B09  :   11011111;
	07B0A  :   11010110;
	07B0B  :   10111011;
	07B0C  :   10011010;
	07B0D  :   01101110;
	07B0E  :   01001011;
	07B0F  :   01101001;
	07B10  :   10010010;
	07B11  :   10110101;
	07B12  :   11001011;
	[07B13..07B14]  :   11010101;
	07B15  :   11100010;
	07B16  :   11000001;
	07B17  :   10110011;
	07B18  :   11001101;
	07B19  :   11011100;
	07B1A  :   11011000;
	07B1B  :   11011001;
	07B1C  :   11010101;
	07B1D  :   10010001;
	07B1E  :   00110011;
	07B1F  :   01111011;
	07B20  :   11010110;
	[07B21..07B22]  :   11011010;
	07B23  :   11011011;
	07B24  :   11011101;
	07B25  :   11011011;
	[07B26..07B29]  :   11011100;
	[07B2A..07B2F]  :   11011101;
	[07B30..07B37]  :   11011110;
	[07B38..07B4F]  :   11011111;
	[07B50..07B60]  :   11100000;
	[07B61..07B6A]  :   11100001;
	[07B6B..07B74]  :   11100010;
	[07B75..07B7A]  :   11100011;
	[07B7B..07B82]  :   11100100;
	[07B83..07B89]  :   11100101;
	[07B8A..07B92]  :   11100110;
	[07B93..07B9A]  :   11100111;
	[07B9B..07BB7]  :   11101000;
	[07BB8..07BBD]  :   11100111;
	[07BBE..07BBF]  :   11100110;
	[07BC0..07BC2]  :   11011111;
	[07BC3..07BCC]  :   11100000;
	[07BCD..07BD4]  :   11100001;
	[07BD5..07BE2]  :   11100010;
	[07BE3..07BF1]  :   11100001;
	[07BF2..07BFD]  :   11100000;
	[07BFE..07C07]  :   11011111;
	[07C08..07C0C]  :   11011110;
	[07C0D..07C0E]  :   11011101;
	07C0F  :   11011100;
	[07C10..07C29]  :   11011101;
	[07C2A..07C40]  :   11011100;
	07C41  :   11011101;
	07C42  :   11011100;
	[07C43..07C44]  :   11011011;
	[07C45..07C46]  :   11011100;
	07C47  :   11011011;
	07C48  :   11011101;
	07C49  :   11010110;
	07C4A  :   11010111;
	07C4B  :   11011110;
	07C4C  :   11010111;
	07C4D  :   10111010;
	07C4E  :   01111010;
	07C4F  :   01000101;
	07C50  :   01001101;
	07C51  :   01100011;
	07C52  :   01111001;
	07C53  :   10001101;
	07C54  :   10001011;
	07C55  :   10101111;
	07C56  :   10101011;
	07C57  :   10010110;
	07C58  :   10111001;
	07C59  :   11011110;
	07C5A  :   11010101;
	07C5B  :   11011100;
	07C5C  :   11000010;
	07C5D  :   01100011;
	07C5E  :   01000010;
	07C5F  :   10100000;
	07C60  :   11011010;
	07C61  :   11011001;
	07C62  :   11011010;
	[07C63..07C64]  :   11011100;
	07C65  :   11011011;
	[07C66..07C68]  :   11011100;
	[07C69..07C6E]  :   11011101;
	07C6F  :   11011110;
	[07C70..07C71]  :   11011101;
	[07C72..07C77]  :   11011110;
	[07C78..07C8F]  :   11011111;
	[07C90..07CA1]  :   11100000;
	[07CA2..07CAA]  :   11100001;
	[07CAB..07CB4]  :   11100010;
	[07CB5..07CBB]  :   11100011;
	[07CBC..07CC3]  :   11100100;
	[07CC4..07CCA]  :   11100101;
	[07CCB..07CD1]  :   11100110;
	[07CD2..07CDB]  :   11100111;
	[07CDC..07CF7]  :   11101000;
	[07CF8..07CFD]  :   11100111;
	[07CFE..07CFF]  :   11100110;
	[07D00..07D02]  :   11011111;
	[07D03..07D0C]  :   11100000;
	[07D0D..07D15]  :   11100001;
	[07D16..07D21]  :   11100010;
	[07D22..07D31]  :   11100001;
	[07D32..07D3D]  :   11100000;
	[07D3E..07D44]  :   11011111;
	[07D45..07D4C]  :   11011110;
	[07D4D..07D4E]  :   11011101;
	07D4F  :   11011100;
	[07D50..07D65]  :   11011101;
	[07D66..07D7F]  :   11011100;
	[07D80..07D82]  :   11011101;
	07D83  :   11011100;
	07D84  :   11011011;
	07D85  :   11011100;
	[07D86..07D87]  :   11011011;
	07D88  :   11011010;
	07D89  :   11011001;
	07D8A  :   11011011;
	07D8B  :   11010111;
	07D8C  :   11011010;
	07D8D  :   11100001;
	07D8E  :   11000101;
	07D8F  :   10000011;
	07D90  :   01101110;
	07D91  :   01010100;
	07D92  :   01010000;
	07D93  :   01010110;
	07D94  :   01001110;
	07D95  :   01010101;
	07D96  :   01111011;
	07D97  :   01101111;
	07D98  :   10011011;
	07D99  :   11011001;
	07D9A  :   11010110;
	07D9B  :   11010101;
	07D9C  :   10100111;
	07D9D  :   01000011;
	07D9E  :   01100101;
	07D9F  :   11001010;
	07DA0  :   11011001;
	07DA1  :   11011000;
	07DA2  :   11011011;
	07DA3  :   11011100;
	07DA4  :   11011010;
	07DA5  :   11011100;
	07DA6  :   11011101;
	[07DA7..07DA9]  :   11011100;
	[07DAA..07DB2]  :   11011101;
	[07DB3..07DB8]  :   11011110;
	[07DB9..07DCF]  :   11011111;
	[07DD0..07DE1]  :   11100000;
	[07DE2..07DEB]  :   11100001;
	[07DEC..07DF5]  :   11100010;
	[07DF6..07DFB]  :   11100011;
	[07DFC..07E03]  :   11100100;
	[07E04..07E0B]  :   11100101;
	[07E0C..07E11]  :   11100110;
	[07E12..07E1B]  :   11100111;
	[07E1C..07E39]  :   11101000;
	[07E3A..07E3D]  :   11100111;
	[07E3E..07E3F]  :   11100110;
	[07E40..07E43]  :   11011111;
	[07E44..07E4C]  :   11100000;
	[07E4D..07E55]  :   11100001;
	[07E56..07E57]  :   11100010;
	[07E58..07E5A]  :   11100001;
	[07E5B..07E5F]  :   11100010;
	[07E60..07E6F]  :   11100001;
	[07E70..07E7D]  :   11100000;
	[07E7E..07E83]  :   11011111;
	[07E84..07E8C]  :   11011110;
	[07E8D..07EA3]  :   11011101;
	[07EA4..07EC1]  :   11011100;
	07EC2  :   11011101;
	[07EC3..07EC7]  :   11011100;
	07EC8  :   11011101;
	07EC9  :   11011010;
	07ECA  :   11011101;
	07ECB  :   11011001;
	07ECC  :   11011000;
	07ECD  :   11010101;
	07ECE  :   11011001;
	07ECF  :   11011100;
	07ED0  :   11001111;
	07ED1  :   10111101;
	07ED2  :   10111100;
	07ED3  :   10101001;
	07ED4  :   10001010;
	07ED5  :   01010110;
	07ED6  :   01000011;
	07ED7  :   00111110;
	07ED8  :   01101100;
	07ED9  :   10111111;
	07EDA  :   11011101;
	07EDB  :   11001011;
	07EDC  :   10000110;
	07EDD  :   00111011;
	07EDE  :   10001001;
	07EDF  :   11011100;
	[07EE0..07EE1]  :   11011000;
	[07EE2..07EE3]  :   11011011;
	07EE4  :   11011010;
	[07EE5..07EE6]  :   11011101;
	[07EE7..07EEE]  :   11011100;
	[07EEF..07EF2]  :   11011101;
	[07EF3..07EF9]  :   11011110;
	[07EFA..07F0F]  :   11011111;
	[07F10..07F22]  :   11100000;
	[07F23..07F2C]  :   11100001;
	[07F2D..07F35]  :   11100010;
	[07F36..07F3C]  :   11100011;
	[07F3D..07F44]  :   11100100;
	[07F45..07F4A]  :   11100101;
	[07F4B..07F51]  :   11100110;
	[07F52..07F5C]  :   11100111;
	[07F5D..07F79]  :   11101000;
	[07F7A..07F7E]  :   11100111;
	07F7F  :   11100110;
	[07F80..07F83]  :   11011111;
	[07F84..07F8C]  :   11100000;
	[07F8D..07F95]  :   11100001;
	[07F96..07F97]  :   11100010;
	[07F98..07F9C]  :   11100001;
	[07F9D..07F9F]  :   11100010;
	[07FA0..07FAF]  :   11100001;
	[07FB0..07FBC]  :   11100000;
	[07FBD..07FC3]  :   11011111;
	[07FC4..07FCB]  :   11011110;
	[07FCC..07FE1]  :   11011101;
	[07FE2..07FFF]  :   11011100;
	[08000..08001]  :   11011011;
	[08002..08007]  :   11011100;
	08008  :   11011000;
	08009  :   11011101;
	0800A  :   11011010;
	0800B  :   11010101;
	0800C  :   11011110;
	0800D  :   11100000;
	0800E  :   11011000;
	0800F  :   11010110;
	08010  :   11011011;
	08011  :   11010111;
	08012  :   11011100;
	08013  :   11011010;
	08014  :   11011001;
	08015  :   10110111;
	08016  :   01101011;
	08017  :   00111000;
	08018  :   00111101;
	08019  :   10000111;
	0801A  :   11010011;
	0801B  :   11001010;
	0801C  :   01100111;
	0801D  :   00111001;
	0801E  :   10100110;
	0801F  :   11011100;
	[08020..08021]  :   11011000;
	08022  :   11011011;
	[08023..08024]  :   11011010;
	08025  :   11011101;
	08026  :   11011011;
	08027  :   11011101;
	[08028..08029]  :   11011100;
	0802A  :   11011101;
	[0802B..0802F]  :   11011100;
	[08030..08032]  :   11011101;
	[08033..0803B]  :   11011110;
	[0803C..08057]  :   11011111;
	[08058..08062]  :   11100000;
	[08063..0806D]  :   11100001;
	[0806E..08075]  :   11100010;
	[08076..0807C]  :   11100011;
	[0807D..08084]  :   11100100;
	[08085..08087]  :   11100101;
	[08088..08092]  :   11100110;
	[08093..0809D]  :   11100111;
	[0809E..080B9]  :   11101000;
	[080BA..080BE]  :   11100111;
	080BF  :   11100110;
	[080C0..080C4]  :   11011111;
	[080C5..080CC]  :   11100000;
	[080CD..080D5]  :   11100001;
	[080D6..080D7]  :   11100010;
	[080D8..080DC]  :   11100001;
	[080DD..080DF]  :   11100010;
	[080E0..080E3]  :   11100001;
	[080E4..080E5]  :   11100010;
	[080E6..080EF]  :   11100001;
	[080F0..080FB]  :   11100000;
	[080FC..08103]  :   11011111;
	[08104..0810A]  :   11011110;
	[0810B..08117]  :   11011101;
	[08118..0813F]  :   11011100;
	08140  :   11011101;
	[08141..08147]  :   11011100;
	08148  :   11011011;
	08149  :   11011101;
	0814A  :   11011000;
	0814B  :   11011110;
	0814C  :   11011011;
	0814D  :   11011000;
	[0814E..0814F]  :   11011001;
	08150  :   11011100;
	08151  :   11011010;
	08152  :   11011001;
	08153  :   11011000;
	08154  :   11010111;
	08155  :   11011000;
	08156  :   11000011;
	08157  :   01110000;
	08158  :   00110011;
	08159  :   01001101;
	0815A  :   10101100;
	0815B  :   11001000;
	0815C  :   01011110;
	0815D  :   01000001;
	0815E  :   10111100;
	0815F  :   11010110;
	08160  :   11011010;
	08161  :   11011000;
	[08162..08163]  :   11011010;
	08164  :   11011011;
	08165  :   11011100;
	08166  :   11011001;
	[08167..0816B]  :   11011101;
	[0816C..0816E]  :   11011100;
	[0816F..08171]  :   11011101;
	[08172..0817C]  :   11011110;
	[0817D..08197]  :   11011111;
	[08198..081A2]  :   11100000;
	[081A3..081AE]  :   11100001;
	[081AF..081B6]  :   11100010;
	[081B7..081BC]  :   11100011;
	[081BD..081C4]  :   11100100;
	[081C5..081C7]  :   11100101;
	[081C8..081CA]  :   11100110;
	[081CB..081CD]  :   11100111;
	[081CE..081D3]  :   11100110;
	[081D4..081DD]  :   11100111;
	[081DE..081F9]  :   11101000;
	[081FA..081FE]  :   11100111;
	081FF  :   11100110;
	08200  :   11011110;
	[08201..08204]  :   11011111;
	[08205..0820C]  :   11100000;
	[0820D..0821B]  :   11100001;
	[0821C..0821F]  :   11100010;
	08220  :   11100001;
	[08221..08225]  :   11100010;
	[08226..0822F]  :   11100001;
	[08230..08238]  :   11100000;
	[08239..08243]  :   11011111;
	[08244..08247]  :   11011110;
	[08248..08254]  :   11011101;
	[08255..08282]  :   11011100;
	[08283..08288]  :   11011011;
	[08289..0828A]  :   11011100;
	0828B  :   11011011;
	[0828C..0828F]  :   11011010;
	08290  :   11011000;
	08291  :   11011100;
	[08292..08293]  :   11010110;
	08294  :   11011001;
	[08295..08296]  :   11011010;
	08297  :   10100101;
	08298  :   01001011;
	08299  :   00110011;
	0829A  :   10000100;
	0829B  :   10111101;
	0829C  :   01011100;
	0829D  :   01001000;
	0829E  :   11000101;
	0829F  :   11011001;
	082A0  :   11011000;
	082A1  :   11011010;
	[082A2..082A3]  :   11011011;
	[082A4..082A7]  :   11011100;
	[082A8..082AF]  :   11011101;
	[082B0..082BC]  :   11011110;
	082BD  :   11011101;
	[082BE..082C2]  :   11011110;
	[082C3..082DD]  :   11011111;
	[082DE..082E4]  :   11100000;
	[082E5..082ED]  :   11100001;
	[082EE..082EF]  :   11100010;
	082F0  :   11100001;
	[082F1..082F4]  :   11100010;
	[082F5..082F6]  :   11100011;
	082F7  :   11100100;
	082F8  :   11100010;
	[082F9..082FB]  :   11100011;
	[082FC..08302]  :   11100100;
	08303  :   11100011;
	08304  :   11100100;
	[08305..08306]  :   11100101;
	[08307..08308]  :   11100110;
	[08309..0830B]  :   11100111;
	[0830C..0830D]  :   11100110;
	[0830E..0830F]  :   11100111;
	[08310..08315]  :   11100110;
	[08316..0831B]  :   11100111;
	0831C  :   11100110;
	0831D  :   11100111;
	[0831E..0833A]  :   11101000;
	[0833B..0833F]  :   11100111;
	08340  :   11011110;
	[08341..08344]  :   11011111;
	[08345..0834C]  :   11100000;
	[0834D..0835B]  :   11100001;
	[0835C..0835F]  :   11100010;
	[08360..08361]  :   11100001;
	[08362..08365]  :   11100010;
	[08366..0836F]  :   11100001;
	[08370..08377]  :   11100000;
	[08378..08382]  :   11011111;
	[08383..08386]  :   11011110;
	[08387..08394]  :   11011101;
	[08395..083AD]  :   11011100;
	[083AE..083AF]  :   11011101;
	[083B0..083C1]  :   11011100;
	[083C2..083CC]  :   11011011;
	[083CD..083CF]  :   11011010;
	083D0  :   11011001;
	083D1  :   11011010;
	083D2  :   11011000;
	083D3  :   11011001;
	083D4  :   11010111;
	083D5  :   11010011;
	083D6  :   11011100;
	083D7  :   10110011;
	083D8  :   01011110;
	083D9  :   00110010;
	083DA  :   01111111;
	083DB  :   10110100;
	083DC  :   01010101;
	083DD  :   01001100;
	083DE  :   11000100;
	083DF  :   11011010;
	083E0  :   11011000;
	083E1  :   11011001;
	[083E2..083E4]  :   11011011;
	[083E5..083E6]  :   11011100;
	083E7  :   11011011;
	[083E8..083EF]  :   11011101;
	[083F0..083FE]  :   11011110;
	[083FF..0841D]  :   11011111;
	[0841E..08426]  :   11100000;
	[08427..0842D]  :   11100001;
	[0842E..08431]  :   11100010;
	[08432..08436]  :   11100011;
	08437  :   11100100;
	08438  :   11100010;
	[08439..0843B]  :   11100011;
	[0843C..0843F]  :   11100100;
	08440  :   11100101;
	[08441..08444]  :   11100100;
	[08445..08446]  :   11100101;
	[08447..08448]  :   11100110;
	[08449..0844B]  :   11100111;
	[0844C..0844D]  :   11100110;
	[0844E..0844F]  :   11100111;
	[08450..08456]  :   11100110;
	[08457..0845B]  :   11100111;
	0845C  :   11100110;
	0845D  :   11100111;
	[0845E..0847B]  :   11101000;
	[0847C..0847F]  :   11100111;
	08480  :   11011110;
	[08481..08484]  :   11011111;
	[08485..0848C]  :   11100000;
	[0848D..0849B]  :   11100001;
	[0849C..0849F]  :   11100010;
	[084A0..084A1]  :   11100001;
	[084A2..084A4]  :   11100010;
	[084A5..084AF]  :   11100001;
	[084B0..084B6]  :   11100000;
	[084B7..084BE]  :   11011111;
	[084BF..084C3]  :   11011110;
	[084C4..084CD]  :   11011101;
	[084CE..084E7]  :   11011100;
	084E8  :   11011010;
	[084E9..084EB]  :   11011011;
	[084EC..084F2]  :   11011100;
	[084F3..084F5]  :   11011011;
	[084F6..084F7]  :   11011100;
	[084F8..084FF]  :   11011011;
	[08500..08507]  :   11011100;
	08508  :   11011010;
	[08509..0850F]  :   11011011;
	08510  :   11011100;
	08511  :   11011000;
	08512  :   11011010;
	08513  :   11011011;
	08514  :   11011010;
	08515  :   11010100;
	08516  :   11011011;
	08517  :   10110000;
	08518  :   01011000;
	08519  :   01000101;
	0851A  :   10011100;
	0851B  :   10110101;
	0851C  :   01001010;
	0851D  :   01010010;
	0851E  :   11000101;
	0851F  :   11011010;
	08520  :   11010111;
	08521  :   11011001;
	[08522..08524]  :   11011010;
	[08525..08527]  :   11011011;
	[08528..0852A]  :   11011100;
	[0852B..0852F]  :   11011101;
	[08530..08539]  :   11011110;
	0853A  :   11011111;
	[0853B..0853D]  :   11011110;
	[0853E..08545]  :   11011111;
	[08546..08547]  :   11100000;
	[08548..0855D]  :   11011111;
	[0855E..0855F]  :   11100000;
	08560  :   11100001;
	[08561..08567]  :   11100000;
	[08568..0856C]  :   11100001;
	0856D  :   11100010;
	[0856E..0856F]  :   11100001;
	08570  :   11100010;
	[08571..08573]  :   11100011;
	[08574..08576]  :   11100010;
	[08577..0857B]  :   11100011;
	[0857C..0857F]  :   11100100;
	[08580..08581]  :   11100101;
	[08582..08584]  :   11100100;
	[08585..08586]  :   11100101;
	[08587..0858D]  :   11100110;
	[0858E..0858F]  :   11100111;
	[08590..08596]  :   11100110;
	[08597..0859E]  :   11100111;
	[0859F..085BB]  :   11101000;
	[085BC..085BF]  :   11100111;
	085C0  :   11011110;
	[085C1..085C4]  :   11011111;
	[085C5..085CC]  :   11100000;
	[085CD..085DB]  :   11100001;
	[085DC..085DF]  :   11100010;
	[085E0..085EE]  :   11100001;
	[085EF..085F5]  :   11100000;
	[085F6..085FD]  :   11011111;
	[085FE..08603]  :   11011110;
	[08604..0860B]  :   11011101;
	[0860C..08627]  :   11011100;
	[08628..0862A]  :   11011010;
	[0862B..0862E]  :   11011011;
	0862F  :   11011100;
	[08630..0863F]  :   11011011;
	[08640..08647]  :   11011100;
	[08648..0864A]  :   11011011;
	0864B  :   11011100;
	[0864C..0864F]  :   11011011;
	08650  :   11011100;
	08651  :   11011001;
	08652  :   11011010;
	08653  :   11011000;
	08654  :   11011010;
	08655  :   11010111;
	08656  :   11011010;
	08657  :   10101000;
	08658  :   01001011;
	08659  :   01010010;
	0865A  :   10110011;
	0865B  :   10100111;
	0865C  :   00111011;
	0865D  :   01100111;
	0865E  :   11010101;
	0865F  :   11011000;
	08660  :   11010111;
	08661  :   11011001;
	[08662..08664]  :   11011010;
	[08665..0866A]  :   11011011;
	[0866B..0866F]  :   11011100;
	[08670..08677]  :   11011101;
	[08678..08679]  :   11011110;
	0867A  :   11011111;
	[0867B..0867D]  :   11011110;
	[0867E..0869F]  :   11011111;
	[086A0..086AA]  :   11100000;
	[086AB..086AE]  :   11100001;
	086AF  :   11100000;
	086B0  :   11100001;
	[086B1..086B7]  :   11100010;
	[086B8..086BA]  :   11100011;
	[086BB..086BF]  :   11100100;
	[086C0..086C2]  :   11100101;
	086C3  :   11100100;
	[086C4..086C7]  :   11100101;
	[086C8..086CD]  :   11100110;
	[086CE..086D1]  :   11100111;
	[086D2..086D5]  :   11100110;
	[086D6..086DE]  :   11100111;
	086DF  :   11101000;
	[086E0..086E1]  :   11100111;
	[086E2..086FA]  :   11101000;
	[086FB..086FF]  :   11100111;
	08700  :   11011110;
	[08701..08704]  :   11011111;
	[08705..0870C]  :   11100000;
	[0870D..0871B]  :   11100001;
	[0871C..0871F]  :   11100010;
	[08720..0872D]  :   11100001;
	[0872E..08735]  :   11100000;
	[08736..0873D]  :   11011111;
	[0873E..08743]  :   11011110;
	[08744..0874A]  :   11011101;
	[0874B..0875A]  :   11011100;
	[0875B..08787]  :   11011011;
	[08788..0878C]  :   11011100;
	[0878D..0878E]  :   11011011;
	[0878F..08790]  :   11011010;
	08791  :   11011001;
	08792  :   11011011;
	08793  :   11010110;
	08794  :   11010101;
	08795  :   11010110;
	08796  :   11011100;
	08797  :   10110010;
	08798  :   01001111;
	08799  :   01010000;
	0879A  :   10101100;
	0879B  :   10000110;
	0879C  :   00110111;
	0879D  :   10001010;
	0879E  :   11011110;
	0879F  :   11010101;
	087A0  :   11011000;
	087A1  :   11011001;
	[087A2..087A5]  :   11011010;
	087A6  :   11011011;
	087A7  :   11011010;
	[087A8..087AC]  :   11011011;
	[087AD..087B2]  :   11011100;
	[087B3..087B8]  :   11011101;
	[087B9..087BD]  :   11011110;
	[087BE..087E1]  :   11011111;
	[087E2..087E6]  :   11100000;
	087E7  :   11100001;
	[087E8..087EB]  :   11100000;
	[087EC..087EE]  :   11100001;
	087EF  :   11100000;
	[087F0..087F1]  :   11100001;
	[087F2..087F6]  :   11100010;
	[087F7..087F9]  :   11100011;
	[087FA..087FF]  :   11100100;
	[08800..08808]  :   11100101;
	[08809..0880D]  :   11100110;
	[0880E..08821]  :   11100111;
	[08822..08839]  :   11101000;
	[0883A..0883F]  :   11100111;
	08840  :   11011110;
	[08841..08844]  :   11011111;
	[08845..0884C]  :   11100000;
	[0884D..08859]  :   11100001;
	[0885A..0885B]  :   11100010;
	[0885C..0885D]  :   11100001;
	[0885E..08860]  :   11100010;
	[08861..0886C]  :   11100001;
	[0886D..08874]  :   11100000;
	[08875..0887C]  :   11011111;
	[0887D..08883]  :   11011110;
	[08884..08889]  :   11011101;
	[0888A..08897]  :   11011100;
	[08898..088A4]  :   11011011;
	[088A5..088A7]  :   11011010;
	[088A8..088AC]  :   11011011;
	[088AD..088B5]  :   11011010;
	[088B6..088C7]  :   11011011;
	088C8  :   11011101;
	[088C9..088CC]  :   11011100;
	088CD  :   11011011;
	[088CE..088D0]  :   11011010;
	[088D1..088D3]  :   11011001;
	088D4  :   11010110;
	088D5  :   11010101;
	088D6  :   11011011;
	088D7  :   10111110;
	088D8  :   01011111;
	088D9  :   01001010;
	088DA  :   01111111;
	088DB  :   01010000;
	088DC  :   01001101;
	088DD  :   10110011;
	088DE  :   11011001;
	088DF  :   11010110;
	088E0  :   11011000;
	088E1  :   11011001;
	[088E2..088E5]  :   11011010;
	088E6  :   11011011;
	088E7  :   11011010;
	[088E8..088EC]  :   11011011;
	[088ED..088F2]  :   11011100;
	[088F3..088F9]  :   11011101;
	[088FA..088FE]  :   11011110;
	[088FF..0890F]  :   11011111;
	[08910..08918]  :   11011110;
	[08919..08922]  :   11011111;
	[08923..08925]  :   11100000;
	[08926..08929]  :   11100001;
	0892A  :   11100000;
	[0892B..08930]  :   11100001;
	08931  :   11100010;
	[08932..08936]  :   11100011;
	08937  :   11100100;
	[08938..08939]  :   11100011;
	[0893A..0893F]  :   11100100;
	[08940..08948]  :   11100101;
	[08949..0894D]  :   11100110;
	[0894E..08957]  :   11100111;
	08958  :   11100110;
	[08959..08962]  :   11100111;
	[08963..08977]  :   11101000;
	[08978..0897F]  :   11100111;
	08980  :   11011110;
	[08981..08984]  :   11011111;
	[08985..0898C]  :   11100000;
	[0898D..08995]  :   11100001;
	[08996..0899B]  :   11100010;
	[0899C..0899F]  :   11100001;
	[089A0..089A1]  :   11100010;
	[089A2..089AB]  :   11100001;
	[089AC..089B4]  :   11100000;
	[089B5..089BA]  :   11011111;
	[089BB..089C3]  :   11011110;
	[089C4..089C8]  :   11011101;
	[089C9..089D2]  :   11011100;
	[089D3..089E2]  :   11011011;
	[089E3..089F6]  :   11011010;
	[089F7..08A05]  :   11011011;
	[08A06..08A09]  :   11011100;
	[08A0A..08A0D]  :   11011011;
	08A0E  :   11011010;
	08A0F  :   11011001;
	08A10  :   11011011;
	08A11  :   11011001;
	08A12  :   11010111;
	08A13  :   11011100;
	08A14  :   11011000;
	08A15  :   11010110;
	08A16  :   11011000;
	08A17  :   11000011;
	08A18  :   01110010;
	08A19  :   01000001;
	08A1A  :   01000110;
	08A1B  :   00111101;
	08A1C  :   10000011;
	08A1D  :   11010011;
	08A1E  :   11010110;
	08A1F  :   11011001;
	08A20  :   11011000;
	08A21  :   11011001;
	[08A22..08A27]  :   11011010;
	[08A28..08A31]  :   11011011;
	[08A32..08A33]  :   11011100;
	[08A34..08A37]  :   11011101;
	08A38  :   11011100;
	[08A39..08A3C]  :   11011101;
	[08A3D..08A3E]  :   11011110;
	[08A3F..08A4F]  :   11011111;
	[08A50..08A56]  :   11011110;
	08A57  :   11011101;
	[08A58..08A59]  :   11011110;
	[08A5A..08A62]  :   11011111;
	[08A63..08A67]  :   11100000;
	[08A68..08A69]  :   11100001;
	[08A6A..08A6D]  :   11100000;
	08A6E  :   11100001;
	[08A6F..08A71]  :   11100010;
	[08A72..08A76]  :   11100011;
	08A77  :   11100100;
	[08A78..08A7A]  :   11100011;
	[08A7B..08A7F]  :   11100100;
	[08A80..08A88]  :   11100101;
	[08A89..08A8D]  :   11100110;
	[08A8E..08A96]  :   11100111;
	[08A97..08A98]  :   11100110;
	[08A99..08AA2]  :   11100111;
	[08AA3..08AB7]  :   11101000;
	[08AB8..08ABF]  :   11100111;
	08AC0  :   11011110;
	[08AC1..08AC4]  :   11011111;
	[08AC5..08ACC]  :   11100000;
	[08ACD..08AD4]  :   11100001;
	[08AD5..08ADB]  :   11100010;
	[08ADC..08ADF]  :   11100001;
	[08AE0..08AE2]  :   11100010;
	[08AE3..08AEB]  :   11100001;
	[08AEC..08AEE]  :   11100000;
	08AEF  :   11011111;
	[08AF0..08AF4]  :   11100000;
	[08AF5..08AF7]  :   11011111;
	08AF8  :   11100000;
	[08AF9..08AFA]  :   11011111;
	[08AFB..08B03]  :   11011110;
	[08B04..08B08]  :   11011101;
	[08B09..08B12]  :   11011100;
	[08B13..08B22]  :   11011011;
	[08B23..08B37]  :   11011010;
	[08B38..08B47]  :   11011011;
	08B48  :   11011100;
	[08B49..08B4D]  :   11011011;
	08B4E  :   11011010;
	08B4F  :   11011001;
	08B50  :   11011000;
	08B51  :   11011011;
	08B52  :   11010111;
	08B53  :   11011011;
	[08B54..08B55]  :   11010101;
	08B56  :   11011000;
	08B57  :   11001001;
	08B58  :   01111110;
	[08B59..08B5A]  :   00111100;
	08B5B  :   01101011;
	08B5C  :   10111110;
	08B5D  :   11011001;
	08B5E  :   11010110;
	08B5F  :   11010101;
	08B60  :   11011000;
	08B61  :   11011001;
	[08B62..08B67]  :   11011010;
	[08B68..08B69]  :   11011011;
	[08B6A..08B71]  :   11011010;
	[08B72..08B73]  :   11011011;
	[08B74..08B78]  :   11011100;
	[08B79..08B7C]  :   11011101;
	[08B7D..08B7E]  :   11011110;
	[08B7F..08B93]  :   11011111;
	[08B94..08B97]  :   11011110;
	08B98  :   11011101;
	[08B99..08B9A]  :   11011110;
	[08B9B..08BA1]  :   11011111;
	[08BA2..08BAA]  :   11100000;
	[08BAB..08BAD]  :   11011111;
	08BAE  :   11100000;
	08BAF  :   11100001;
	08BB0  :   11100010;
	[08BB1..08BB7]  :   11100011;
	08BB8  :   11100010;
	[08BB9..08BBB]  :   11100011;
	[08BBC..08BC1]  :   11100100;
	[08BC2..08BC8]  :   11100101;
	[08BC9..08BCD]  :   11100110;
	[08BCE..08BD4]  :   11100111;
	[08BD5..08BD9]  :   11100110;
	[08BDA..08BE3]  :   11100111;
	[08BE4..08BF7]  :   11101000;
	[08BF8..08BFF]  :   11100111;
	[08C00..08C05]  :   11011111;
	[08C06..08C0D]  :   11100000;
	[08C0E..08C16]  :   11100001;
	[08C17..08C19]  :   11100010;
	[08C1A..08C2A]  :   11100001;
	[08C2B..08C33]  :   11100000;
	[08C34..08C37]  :   11011111;
	08C38  :   11011101;
	[08C39..08C41]  :   11011110;
	[08C42..08C45]  :   11011101;
	[08C46..08C50]  :   11011100;
	[08C51..08C63]  :   11011011;
	[08C64..08C7D]  :   11011010;
	[08C7E..08C7F]  :   11011011;
	[08C80..08C88]  :   11011010;
	[08C89..08C8D]  :   11011011;
	[08C8E..08C90]  :   11011010;
	08C91  :   11011001;
	08C92  :   11010110;
	08C93  :   11011000;
	08C94  :   11010110;
	08C95  :   11010011;
	08C96  :   11011001;
	08C97  :   11001001;
	08C98  :   01111111;
	08C99  :   00111110;
	08C9A  :   01011011;
	08C9B  :   10110101;
	08C9C  :   11011001;
	[08C9D..08C9E]  :   11010101;
	08C9F  :   11010100;
	08CA0  :   11011001;
	[08CA1..08CA3]  :   11011000;
	08CA4  :   11011001;
	[08CA5..08CA6]  :   11011010;
	08CA7  :   11011011;
	[08CA8..08CB2]  :   11011010;
	[08CB3..08CB4]  :   11011011;
	[08CB5..08CB7]  :   11011100;
	[08CB8..08CB9]  :   11011011;
	[08CBA..08CBB]  :   11011100;
	[08CBC..08CBD]  :   11011101;
	[08CBE..08CBF]  :   11011110;
	[08CC0..08CCE]  :   11011111;
	08CCF  :   11100000;
	[08CD0..08CD7]  :   11011111;
	[08CD8..08CDC]  :   11011110;
	[08CDD..08CE2]  :   11011111;
	[08CE3..08CE7]  :   11100000;
	08CE8  :   11011111;
	08CE9  :   11100000;
	[08CEA..08CEC]  :   11100001;
	[08CED..08CEE]  :   11100000;
	08CEF  :   11100001;
	[08CF0..08CF5]  :   11100010;
	[08CF6..08CFA]  :   11100011;
	08CFB  :   11100010;
	[08CFC..08CFD]  :   11100011;
	[08CFE..08D03]  :   11100100;
	[08D04..08D07]  :   11100101;
	[08D08..08D0F]  :   11100110;
	[08D10..08D13]  :   11100111;
	08D14  :   11101000;
	08D15  :   11100111;
	08D16  :   11100110;
	08D17  :   11100101;
	[08D18..08D19]  :   11100110;
	08D1A  :   11100111;
	[08D1B..08D1D]  :   11101000;
	[08D1E..08D23]  :   11100111;
	[08D24..08D2F]  :   11101000;
	08D30  :   11101001;
	[08D31..08D37]  :   11101000;
	08D38  :   11100111;
	[08D39..08D3A]  :   11101000;
	[08D3B..08D3C]  :   11100111;
	[08D3D..08D3E]  :   11101000;
	08D3F  :   11100111;
	[08D40..08D45]  :   11011111;
	[08D46..08D4C]  :   11100000;
	[08D4D..08D57]  :   11100001;
	[08D58..08D59]  :   11100010;
	[08D5A..08D5D]  :   11100001;
	[08D5E..08D5F]  :   11100010;
	[08D60..08D69]  :   11100001;
	[08D6A..08D72]  :   11100000;
	[08D73..08D75]  :   11011111;
	[08D76..08D81]  :   11011110;
	[08D82..08D85]  :   11011101;
	[08D86..08D8F]  :   11011100;
	[08D90..08D9B]  :   11011011;
	[08D9C..08D9F]  :   11011010;
	[08DA0..08DA2]  :   11011011;
	[08DA3..08DAF]  :   11011010;
	[08DB0..08DB1]  :   11011001;
	[08DB2..08DB6]  :   11011010;
	[08DB7..08DB8]  :   11011001;
	[08DB9..08DCA]  :   11011010;
	[08DCB..08DCC]  :   11011011;
	[08DCD..08DCE]  :   11011010;
	[08DCF..08DD1]  :   11011001;
	08DD2  :   11010111;
	08DD3  :   11011000;
	08DD4  :   11010110;
	08DD5  :   11010011;
	08DD6  :   11011001;
	08DD7  :   11001011;
	08DD8  :   01111000;
	08DD9  :   01000100;
	08DDA  :   10001110;
	08DDB  :   11011010;
	08DDC  :   11010101;
	08DDD  :   11010011;
	08DDE  :   11010100;
	08DDF  :   11010111;
	08DE0  :   11011001;
	[08DE1..08DE3]  :   11011000;
	[08DE4..08DEC]  :   11011001;
	[08DED..08DF3]  :   11011010;
	[08DF4..08DF9]  :   11011011;
	[08DFA..08DFB]  :   11011100;
	[08DFC..08DFE]  :   11011101;
	[08DFF..08E0D]  :   11011110;
	[08E0E..08E17]  :   11011111;
	[08E18..08E1A]  :   11011110;
	[08E1B..08E22]  :   11011111;
	[08E23..08E29]  :   11100000;
	[08E2A..08E2C]  :   11100001;
	08E2D  :   11100000;
	08E2E  :   11100001;
	08E2F  :   11100010;
	[08E30..08E33]  :   11100001;
	[08E34..08E37]  :   11100010;
	[08E38..08E3D]  :   11100011;
	[08E3E..08E43]  :   11100100;
	[08E44..08E49]  :   11100101;
	[08E4A..08E4F]  :   11100110;
	08E50  :   11100111;
	[08E51..08E52]  :   11100110;
	[08E53..08E56]  :   11100111;
	[08E57..08E58]  :   11100110;
	[08E59..08E5A]  :   11100111;
	[08E5B..08E5D]  :   11101000;
	[08E5E..08E63]  :   11100111;
	[08E64..08E65]  :   11101000;
	[08E66..08E69]  :   11101001;
	[08E6A..08E77]  :   11101000;
	08E78  :   11100111;
	[08E79..08E7A]  :   11101000;
	[08E7B..08E7F]  :   11100111;
	08E80  :   11011110;
	[08E81..08E85]  :   11011111;
	[08E86..08E8C]  :   11100000;
	[08E8D..08E9C]  :   11100001;
	[08E9D..08E9F]  :   11100010;
	[08EA0..08EA8]  :   11100001;
	[08EA9..08EB1]  :   11100000;
	[08EB2..08EB5]  :   11011111;
	[08EB6..08EC0]  :   11011110;
	[08EC1..08EC5]  :   11011101;
	[08EC6..08ECB]  :   11011100;
	08ECC  :   11011011;
	[08ECD..08ECE]  :   11011100;
	[08ECF..08EDC]  :   11011011;
	[08EDD..08EE1]  :   11011010;
	08EE2  :   11011011;
	[08EE3..08EED]  :   11011010;
	[08EEE..08EFC]  :   11011001;
	[08EFD..08F07]  :   11011010;
	08F08  :   11011001;
	[08F09..08F0C]  :   11011010;
	[08F0D..08F0F]  :   11011001;
	08F10  :   11011000;
	08F11  :   11011001;
	[08F12..08F13]  :   11011000;
	08F14  :   11010110;
	08F15  :   11010011;
	08F16  :   11011001;
	08F17  :   11001101;
	08F18  :   10000000;
	08F19  :   01000011;
	08F1A  :   10010110;
	08F1B  :   11011100;
	08F1C  :   11001111;
	08F1D  :   11010110;
	08F1E  :   11010111;
	08F1F  :   11010101;
	08F20  :   11011000;
	[08F21..08F22]  :   11010111;
	[08F23..08F25]  :   11011000;
	08F26  :   11010111;
	08F27  :   11011000;
	08F28  :   11011001;
	[08F29..08F2A]  :   11011000;
	[08F2B..08F32]  :   11011001;
	[08F33..08F37]  :   11011010;
	[08F38..08F3A]  :   11011011;
	[08F3B..08F3D]  :   11011100;
	[08F3E..08F47]  :   11011101;
	08F48  :   11011110;
	[08F49..08F4C]  :   11011101;
	[08F4D..08F5A]  :   11011110;
	[08F5B..08F63]  :   11011111;
	[08F64..08F6D]  :   11100000;
	[08F6E..08F73]  :   11100001;
	[08F74..08F76]  :   11100010;
	08F77  :   11100011;
	08F78  :   11100010;
	[08F79..08F7D]  :   11100011;
	[08F7E..08F84]  :   11100100;
	[08F85..08F8A]  :   11100101;
	[08F8B..08F93]  :   11100110;
	[08F94..08F9F]  :   11100111;
	[08FA0..08FA5]  :   11101000;
	[08FA6..08FAA]  :   11101001;
	[08FAB..08FAF]  :   11101000;
	[08FB0..08FB1]  :   11100111;
	[08FB2..08FB3]  :   11101000;
	[08FB4..08FB5]  :   11101001;
	[08FB6..08FB7]  :   11101000;
	08FB8  :   11100111;
	08FB9  :   11101000;
	[08FBA..08FBF]  :   11100111;
	08FC0  :   11011110;
	[08FC1..08FC6]  :   11011111;
	[08FC7..08FCC]  :   11100000;
	[08FCD..08FDC]  :   11100001;
	[08FDD..08FDF]  :   11100010;
	[08FE0..08FE7]  :   11100001;
	[08FE8..08FF1]  :   11100000;
	[08FF2..08FF5]  :   11011111;
	[08FF6..09000]  :   11011110;
	[09001..09005]  :   11011101;
	[09006..0900A]  :   11011100;
	[0900B..0900C]  :   11011011;
	0900D  :   11011100;
	[0900E..0901D]  :   11011011;
	[0901E..0902B]  :   11011010;
	[0902C..0904E]  :   11011001;
	[0904F..09053]  :   11011000;
	09054  :   11010111;
	09055  :   11010011;
	09056  :   11011000;
	09057  :   11001101;
	09058  :   01111110;
	09059  :   01000101;
	0905A  :   10001011;
	0905B  :   11011001;
	0905C  :   11010011;
	0905D  :   11010110;
	0905E  :   11011001;
	0905F  :   11010110;
	09060  :   11010111;
	[09061..09062]  :   11010110;
	09063  :   11010111;
	[09064..0906C]  :   11011000;
	[0906D..09073]  :   11011001;
	[09074..09078]  :   11011010;
	[09079..0907B]  :   11011011;
	[0907C..09087]  :   11011100;
	[09088..0908F]  :   11011101;
	[09090..09097]  :   11011110;
	[09098..09099]  :   11011101;
	[0909A..0909F]  :   11011110;
	[090A0..090A4]  :   11011111;
	[090A5..090A7]  :   11100000;
	[090A8..090AB]  :   11011111;
	[090AC..090AF]  :   11100000;
	[090B0..090B4]  :   11100001;
	[090B5..090B6]  :   11100010;
	090B7  :   11100011;
	[090B8..090B9]  :   11100010;
	[090BA..090C0]  :   11100011;
	[090C1..090C7]  :   11100100;
	[090C8..090CA]  :   11100101;
	[090CB..090D4]  :   11100110;
	[090D5..090DE]  :   11100111;
	090DF  :   11101000;
	[090E0..090E1]  :   11101001;
	[090E2..090E6]  :   11101000;
	[090E7..090EA]  :   11101001;
	[090EB..090EC]  :   11101000;
	[090ED..090F2]  :   11100111;
	090F3  :   11101000;
	[090F4..090F5]  :   11101001;
	090F6  :   11101000;
	[090F7..090F8]  :   11100111;
	[090F9..090FA]  :   11101000;
	[090FB..090FF]  :   11100111;
	09100  :   11011110;
	[09101..09106]  :   11011111;
	[09107..0910C]  :   11100000;
	[0910D..09127]  :   11100001;
	[09128..09131]  :   11100000;
	[09132..09135]  :   11011111;
	[09136..0913D]  :   11011110;
	[0913E..09145]  :   11011101;
	[09146..0914A]  :   11011100;
	[0914B..09153]  :   11011011;
	09154  :   11011010;
	[09155..09157]  :   11011011;
	[09158..09163]  :   11011010;
	[09164..09165]  :   11011001;
	[09166..09168]  :   11011010;
	[09169..09175]  :   11011001;
	[09176..09177]  :   11011000;
	[09178..0918D]  :   11011001;
	[0918E..09191]  :   11011000;
	[09192..09193]  :   11010111;
	09194  :   11011000;
	09195  :   11010100;
	09196  :   11010110;
	09197  :   11001101;
	09198  :   01111011;
	09199  :   01001000;
	0919A  :   10001000;
	0919B  :   11011010;
	0919C  :   11010101;
	0919D  :   11010010;
	[0919E..0919F]  :   11010111;
	091A0  :   11011000;
	091A1  :   11010111;
	091A2  :   11010110;
	[091A3..091A4]  :   11010111;
	[091A5..091A6]  :   11011000;
	091A7  :   11011001;
	[091A8..091AC]  :   11011000;
	[091AD..091B3]  :   11011001;
	[091B4..091B9]  :   11011010;
	[091BA..091BC]  :   11011011;
	[091BD..091C8]  :   11011100;
	[091C9..091DF]  :   11011101;
	[091E0..091E1]  :   11011110;
	[091E2..091E8]  :   11011111;
	[091E9..091EA]  :   11011110;
	091EB  :   11011111;
	[091EC..091EE]  :   11100000;
	091EF  :   11011111;
	[091F0..091F4]  :   11100000;
	[091F5..091F8]  :   11100001;
	[091F9..091FA]  :   11100010;
	[091FB..09201]  :   11100011;
	[09202..09207]  :   11100100;
	[09208..0920A]  :   11100101;
	[0920B..09216]  :   11100110;
	[09217..0921E]  :   11100111;
	0921F  :   11101000;
	09220  :   11101001;
	[09221..09222]  :   11101000;
	[09223..09224]  :   11100111;
	[09225..09227]  :   11101000;
	09228  :   11101001;
	[09229..0922A]  :   11101000;
	[0922B..09232]  :   11100111;
	09233  :   11101000;
	[09234..09235]  :   11101001;
	09236  :   11101000;
	[09237..09238]  :   11100111;
	[09239..0923A]  :   11101000;
	[0923B..0923F]  :   11100111;
	[09240..09241]  :   11011110;
	[09242..09246]  :   11011111;
	[09247..0924D]  :   11100000;
	[0924E..09267]  :   11100001;
	[09268..0926E]  :   11100000;
	0926F  :   11011111;
	09270  :   11100000;
	[09271..09275]  :   11011111;
	[09276..0927B]  :   11011110;
	[0927C..09285]  :   11011101;
	[09286..0928A]  :   11011100;
	[0928B..0928C]  :   11011011;
	0928D  :   11011100;
	[0928E..09292]  :   11011011;
	[09293..092A3]  :   11011010;
	[092A4..092A6]  :   11011001;
	092A7  :   11011010;
	[092A8..092AF]  :   11011001;
	092B0  :   11011000;
	[092B1..092B3]  :   11011001;
	[092B4..092B7]  :   11011000;
	[092B8..092CC]  :   11011001;
	[092CD..092D0]  :   11011000;
	[092D1..092D2]  :   11010111;
	092D3  :   11010110;
	092D4  :   11011000;
	[092D5..092D6]  :   11010101;
	092D7  :   11001110;
	092D8  :   10000011;
	092D9  :   01000011;
	092DA  :   10000010;
	092DB  :   11010101;
	092DC  :   11010001;
	092DD  :   11010101;
	092DE  :   11010110;
	092DF  :   11010100;
	092E0  :   11011000;
	092E1  :   11010111;
	092E2  :   11010110;
	[092E3..092E6]  :   11010111;
	[092E7..092ED]  :   11011000;
	[092EE..092F4]  :   11011001;
	[092F5..092FA]  :   11011010;
	[092FB..092FF]  :   11011011;
	[09300..09317]  :   11011100;
	[09318..0931F]  :   11011101;
	[09320..09329]  :   11011110;
	[0932A..0932B]  :   11011111;
	0932C  :   11100000;
	0932D  :   11100001;
	0932E  :   11100000;
	[0932F..09331]  :   11011111;
	[09332..09335]  :   11100000;
	[09336..09339]  :   11100001;
	[0933A..0933B]  :   11100010;
	[0933C..09341]  :   11100011;
	[09342..09347]  :   11100100;
	[09348..0934A]  :   11100101;
	[0934B..09357]  :   11100110;
	[09358..09363]  :   11100111;
	[09364..09369]  :   11101000;
	[0936A..09372]  :   11100111;
	[09373..09376]  :   11101000;
	[09377..09378]  :   11100111;
	[09379..0937A]  :   11101000;
	[0937B..0937E]  :   11100111;
	0937F  :   11100110;
	[09380..09381]  :   11011110;
	[09382..09387]  :   11011111;
	[09388..0938F]  :   11100000;
	[09390..093A5]  :   11100001;
	[093A6..093AD]  :   11100000;
	[093AE..093B4]  :   11011111;
	[093B5..093BB]  :   11011110;
	[093BC..093BE]  :   11011101;
	093BF  :   11011100;
	[093C0..093C1]  :   11011101;
	[093C2..093C3]  :   11011100;
	[093C4..093C5]  :   11011101;
	[093C6..093CB]  :   11011100;
	093CC  :   11011011;
	[093CD..093CE]  :   11011100;
	[093CF..093D2]  :   11011011;
	[093D3..093DF]  :   11011010;
	[093E0..093E4]  :   11011001;
	093E5  :   11011000;
	[093E6..093EB]  :   11011001;
	[093EC..093F6]  :   11011000;
	093F7  :   11010111;
	[093F8..09410]  :   11011000;
	[09411..09412]  :   11010111;
	09413  :   11010101;
	09414  :   11010111;
	[09415..09416]  :   11010101;
	09417  :   11010001;
	09418  :   10000111;
	09419  :   00111110;
	0941A  :   01111001;
	[0941B..0941C]  :   11010100;
	0941D  :   11010110;
	[0941E..0941F]  :   11010101;
	09420  :   11010111;
	[09421..09423]  :   11010110;
	[09424..0942C]  :   11010111;
	[0942D..09433]  :   11011000;
	[09434..09437]  :   11011001;
	[09438..0943C]  :   11011010;
	[0943D..09445]  :   11011011;
	[09446..09447]  :   11011100;
	[09448..09449]  :   11011011;
	[0944A..09458]  :   11011100;
	[09459..0945F]  :   11011101;
	[09460..0946A]  :   11011110;
	[0946B..0946C]  :   11011111;
	0946D  :   11100000;
	[0946E..0946F]  :   11011111;
	[09470..09474]  :   11100000;
	[09475..0947A]  :   11100001;
	[0947B..0947E]  :   11100010;
	[0947F..09482]  :   11100011;
	[09483..09488]  :   11100100;
	[09489..09490]  :   11100101;
	[09491..09499]  :   11100110;
	[0949A..094A2]  :   11100111;
	[094A3..094A9]  :   11101000;
	[094AA..094AF]  :   11100111;
	094B0  :   11101000;
	[094B1..094B3]  :   11100111;
	[094B4..094B5]  :   11101000;
	[094B6..094BB]  :   11100111;
	094BC  :   11100110;
	094BD  :   11100111;
	[094BE..094BF]  :   11100110;
	[094C0..094C1]  :   11011110;
	[094C2..094C7]  :   11011111;
	[094C8..094D0]  :   11100000;
	[094D1..094E4]  :   11100001;
	[094E5..094EC]  :   11100000;
	[094ED..094F3]  :   11011111;
	[094F4..094FB]  :   11011110;
	[094FC..094FE]  :   11011101;
	094FF  :   11011100;
	09500  :   11011101;
	[09501..09503]  :   11011100;
	[09504..09505]  :   11011101;
	[09506..0950B]  :   11011100;
	0950C  :   11011011;
	[0950D..0950E]  :   11011100;
	[0950F..09512]  :   11011011;
	[09513..09517]  :   11011010;
	[09518..09523]  :   11011001;
	[09524..09534]  :   11011000;
	[09535..09537]  :   11010111;
	[09538..0954D]  :   11011000;
	[0954E..0954F]  :   11010111;
	09550  :   11011000;
	09551  :   11010111;
	09552  :   11011000;
	09553  :   11010101;
	09554  :   11010111;
	09555  :   11010100;
	09556  :   11010110;
	09557  :   11010100;
	09558  :   10010000;
	09559  :   00111110;
	0955A  :   01101000;
	0955B  :   11001011;
	0955C  :   11010111;
	0955D  :   11010011;
	0955E  :   11010010;
	0955F  :   11011000;
	[09560..09562]  :   11010101;
	09563  :   11010110;
	[09564..09572]  :   11010111;
	[09573..09574]  :   11011000;
	[09575..09578]  :   11011001;
	[09579..0957F]  :   11011010;
	[09580..0958F]  :   11011011;
	[09590..0959F]  :   11011100;
	[095A0..095AB]  :   11011101;
	[095AC..095AD]  :   11011110;
	[095AE..095AF]  :   11011111;
	[095B0..095B5]  :   11100000;
	[095B6..095BC]  :   11100001;
	[095BD..095BE]  :   11100010;
	[095BF..095C2]  :   11100011;
	[095C3..095C9]  :   11100100;
	[095CA..095CF]  :   11100101;
	095D0  :   11100100;
	095D1  :   11100101;
	[095D2..095DA]  :   11100110;
	[095DB..095E1]  :   11100111;
	[095E2..095E5]  :   11101000;
	[095E6..095E7]  :   11100111;
	[095E8..095EA]  :   11101000;
	[095EB..095ED]  :   11100111;
	[095EE..095F1]  :   11101000;
	[095F2..095F4]  :   11100111;
	095F5  :   11101000;
	[095F6..095FA]  :   11100111;
	[095FB..095FE]  :   11100110;
	095FF  :   11100101;
	[09600..09601]  :   11011110;
	[09602..09605]  :   11011111;
	[09606..0960F]  :   11100000;
	[09610..09622]  :   11100001;
	[09623..0962B]  :   11100000;
	[0962C..09632]  :   11011111;
	[09633..09639]  :   11011110;
	[0963A..0963F]  :   11011101;
	[09640..09649]  :   11011100;
	[0964A..09652]  :   11011011;
	[09653..09655]  :   11011010;
	[09656..0965D]  :   11011001;
	[0965E..09667]  :   11011000;
	[09668..0967F]  :   11010111;
	[09680..0968B]  :   11011000;
	[0968C..0968F]  :   11010111;
	09690  :   11010110;
	[09691..09692]  :   11011000;
	[09693..09694]  :   11010011;
	09695  :   11010110;
	09696  :   11010101;
	09697  :   11010110;
	09698  :   10010001;
	09699  :   00111101;
	0969A  :   01100110;
	0969B  :   11001011;
	0969C  :   11010111;
	0969D  :   11010100;
	0969E  :   11010010;
	0969F  :   11010111;
	[096A0..096A1]  :   11010101;
	096A2  :   11010110;
	[096A3..096A4]  :   11010111;
	096A5  :   11010110;
	[096A6..096A7]  :   11010101;
	[096A8..096B2]  :   11010111;
	[096B3..096B6]  :   11011000;
	[096B7..096BC]  :   11011001;
	[096BD..096C3]  :   11011010;
	[096C4..096C6]  :   11011011;
	096C7  :   11011100;
	[096C8..096D7]  :   11011011;
	[096D8..096E2]  :   11011100;
	[096E3..096E7]  :   11011101;
	096E8  :   11011110;
	[096E9..096ED]  :   11011101;
	[096EE..096EF]  :   11011110;
	[096F0..096F1]  :   11011111;
	[096F2..096F3]  :   11011110;
	[096F4..096F5]  :   11011111;
	[096F6..096F7]  :   11100000;
	[096F8..096FB]  :   11100001;
	[096FC..09701]  :   11100010;
	[09702..09706]  :   11100011;
	[09707..0970B]  :   11100100;
	[0970C..09713]  :   11100101;
	[09714..0971B]  :   11100110;
	[0971C..09720]  :   11100111;
	[09721..09722]  :   11100110;
	[09723..09726]  :   11100111;
	[09727..09729]  :   11100110;
	[0972A..0972C]  :   11100111;
	[0972D..0972E]  :   11101000;
	0972F  :   11101001;
	09730  :   11101000;
	09731  :   11100111;
	[09732..09733]  :   11100110;
	[09734..09737]  :   11100111;
	09738  :   11101000;
	09739  :   11100111;
	[0973A..0973F]  :   11100110;
	[09740..09741]  :   11011110;
	[09742..09745]  :   11011111;
	[09746..09751]  :   11100000;
	[09752..09761]  :   11100001;
	[09762..0976B]  :   11100000;
	[0976C..09771]  :   11011111;
	[09772..09778]  :   11011110;
	[09779..0977F]  :   11011101;
	[09780..09786]  :   11011100;
	[09787..0978E]  :   11011011;
	0978F  :   11011010;
	[09790..09792]  :   11011011;
	[09793..09795]  :   11011010;
	[09796..0979B]  :   11011001;
	[0979C..0979F]  :   11011000;
	[097A0..097BA]  :   11010111;
	[097BB..097BC]  :   11010110;
	[097BD..097C0]  :   11010111;
	[097C1..097C9]  :   11011000;
	[097CA..097CE]  :   11010111;
	097CF  :   11010110;
	097D0  :   11011000;
	097D1  :   11010101;
	097D2  :   11010110;
	097D3  :   11010101;
	097D4  :   11010110;
	097D5  :   11010100;
	097D6  :   11010010;
	097D7  :   11010111;
	097D8  :   10010100;
	097D9  :   01000000;
	097DA  :   01100011;
	097DB  :   11001001;
	[097DC..097DD]  :   11010010;
	097DE  :   11010011;
	097DF  :   11010111;
	[097E0..097E1]  :   11010101;
	[097E2..097E3]  :   11010100;
	[097E4..097E5]  :   11010101;
	097E6  :   11010110;
	097E7  :   11010111;
	[097E8..097EF]  :   11010110;
	[097F0..097F3]  :   11010111;
	[097F4..097F7]  :   11011000;
	[097F8..097FD]  :   11011001;
	[097FE..09804]  :   11011010;
	[09805..09807]  :   11011011;
	[09808..0980D]  :   11011010;
	[0980E..0981C]  :   11011011;
	[0981D..0981F]  :   11011100;
	09820  :   11011011;
	[09821..09824]  :   11011100;
	[09825..0982F]  :   11011101;
	[09830..09833]  :   11011110;
	[09834..09835]  :   11011111;
	[09836..09839]  :   11100000;
	[0983A..0983C]  :   11100001;
	[0983D..0983F]  :   11100010;
	09840  :   11100001;
	09841  :   11100010;
	[09842..09847]  :   11100011;
	[09848..0984C]  :   11100100;
	[0984D..09854]  :   11100101;
	[09855..0985C]  :   11100110;
	[0985D..09860]  :   11100111;
	[09861..09862]  :   11100110;
	[09863..09866]  :   11100111;
	09867  :   11100110;
	[09868..09869]  :   11100111;
	[0986A..0986B]  :   11100110;
	[0986C..0986D]  :   11100111;
	0986E  :   11101000;
	0986F  :   11101001;
	[09870..09871]  :   11101000;
	[09872..09879]  :   11100111;
	[0987A..0987F]  :   11100110;
	[09880..09881]  :   11011110;
	[09882..09885]  :   11011111;
	[09886..098AB]  :   11100000;
	[098AC..098AF]  :   11011111;
	[098B0..098B8]  :   11011110;
	[098B9..098BE]  :   11011101;
	[098BF..098C4]  :   11011100;
	[098C5..098CA]  :   11011011;
	[098CB..098D4]  :   11011010;
	[098D5..098D8]  :   11011001;
	[098D9..098DF]  :   11011000;
	[098E0..098EF]  :   11010111;
	[098F0..098FF]  :   11010110;
	[09900..0990B]  :   11010111;
	[0990C..0990F]  :   11010110;
	09910  :   11010111;
	[09911..09912]  :   11010100;
	09913  :   11010101;
	09914  :   11010110;
	09915  :   11010011;
	09916  :   11010001;
	09917  :   11010110;
	09918  :   10010111;
	09919  :   01000010;
	0991A  :   01011101;
	0991B  :   11000111;
	0991C  :   11010010;
	0991D  :   11010001;
	0991E  :   11010011;
	0991F  :   11010100;
	[09920..09921]  :   11010101;
	09922  :   11010100;
	[09923..09924]  :   11010011;
	09925  :   11010100;
	[09926..09927]  :   11010101;
	[09928..09929]  :   11010110;
	[0992A..0992D]  :   11010101;
	[0992E..0992F]  :   11010110;
	[09930..09935]  :   11010111;
	[09936..0993C]  :   11011000;
	[0993D..09943]  :   11011001;
	[09944..09957]  :   11011010;
	[09958..09963]  :   11011011;
	[09964..09966]  :   11011100;
	[09967..09969]  :   11011101;
	[0996A..0996B]  :   11011100;
	[0996C..0996F]  :   11011101;
	[09970..09974]  :   11011110;
	[09975..09977]  :   11011111;
	[09978..0997A]  :   11100000;
	[0997B..0997D]  :   11100001;
	[0997E..0997F]  :   11100010;
	[09980..09981]  :   11100001;
	[09982..09987]  :   11100010;
	[09988..0998A]  :   11100011;
	[0998B..0998C]  :   11100100;
	[0998D..09998]  :   11100101;
	[09999..0999F]  :   11100110;
	099A0  :   11100111;
	[099A1..099A2]  :   11100110;
	[099A3..099A9]  :   11100111;
	[099AA..099AC]  :   11100110;
	099AD  :   11100111;
	[099AE..099B1]  :   11101000;
	[099B2..099B8]  :   11100111;
	[099B9..099BF]  :   11100110;
	[099C0..099C1]  :   11011110;
	[099C2..099C6]  :   11011111;
	[099C7..099EA]  :   11100000;
	[099EB..099EF]  :   11011111;
	[099F0..099F8]  :   11011110;
	[099F9..099FE]  :   11011101;
	[099FF..09A03]  :   11011100;
	[09A04..09A07]  :   11011011;
	[09A08..09A13]  :   11011010;
	[09A14..09A18]  :   11011001;
	[09A19..09A1A]  :   11011000;
	[09A1B..09A1D]  :   11010111;
	[09A1E..09A1F]  :   11011000;
	[09A20..09A2C]  :   11010111;
	[09A2D..09A3F]  :   11010110;
	[09A40..09A49]  :   11010111;
	[09A4A..09A4F]  :   11010110;
	[09A50..09A51]  :   11010101;
	09A52  :   11010110;
	[09A53..09A55]  :   11010100;
	09A56  :   11010010;
	09A57  :   11010110;
	09A58  :   10011111;
	09A59  :   01000011;
	09A5A  :   01010010;
	09A5B  :   10111101;
	09A5C  :   11010101;
	09A5D  :   11001111;
	[09A5E..09A60]  :   11010011;
	[09A61..09A67]  :   11010100;
	[09A68..09A69]  :   11010110;
	[09A6A..09A6D]  :   11010101;
	[09A6E..09A6F]  :   11010110;
	[09A70..09A77]  :   11010111;
	[09A78..09A7C]  :   11011000;
	[09A7D..09A85]  :   11011001;
	[09A86..09A87]  :   11011010;
	[09A88..09A89]  :   11011001;
	[09A8A..09A9A]  :   11011010;
	[09A9B..09AA5]  :   11011011;
	[09AA6..09AAD]  :   11011100;
	[09AAE..09AAF]  :   11011101;
	09AB0  :   11011110;
	09AB1  :   11011101;
	[09AB2..09AB5]  :   11011110;
	[09AB6..09ABA]  :   11011111;
	[09ABB..09ABC]  :   11100000;
	[09ABD..09AC1]  :   11100001;
	[09AC2..09AC4]  :   11100010;
	09AC5  :   11100001;
	[09AC6..09AC7]  :   11100010;
	[09AC8..09ACA]  :   11100011;
	[09ACB..09ACD]  :   11100100;
	[09ACE..09AD9]  :   11100101;
	[09ADA..09AE2]  :   11100110;
	[09AE3..09AE9]  :   11100111;
	[09AEA..09AEC]  :   11100110;
	[09AED..09AEE]  :   11100111;
	[09AEF..09AF0]  :   11101000;
	[09AF1..09AF8]  :   11100111;
	[09AF9..09AFF]  :   11100110;
	[09B00..09B01]  :   11011110;
	[09B02..09B06]  :   11011111;
	[09B07..09B27]  :   11100000;
	[09B28..09B2F]  :   11011111;
	[09B30..09B38]  :   11011110;
	[09B39..09B3D]  :   11011101;
	[09B3E..09B42]  :   11011100;
	[09B43..09B47]  :   11011011;
	[09B48..09B51]  :   11011010;
	[09B52..09B55]  :   11011001;
	[09B56..09B57]  :   11011000;
	09B58  :   11011001;
	[09B59..09B5A]  :   11011000;
	[09B5B..09B5D]  :   11010111;
	[09B5E..09B5F]  :   11011000;
	[09B60..09B69]  :   11010111;
	[09B6A..09B87]  :   11010110;
	[09B88..09B89]  :   11010111;
	[09B8A..09B91]  :   11010110;
	09B92  :   11010111;
	09B93  :   11010101;
	09B94  :   11010100;
	09B95  :   11010011;
	09B96  :   11010010;
	09B97  :   11010111;
	09B98  :   10101010;
	09B99  :   01001001;
	09B9A  :   01000011;
	09B9B  :   10101000;
	09B9C  :   11011000;
	09B9D  :   11001100;
	09B9E  :   11010011;
	09B9F  :   11010100;
	[09BA0..09BA2]  :   11010010;
	09BA3  :   11010011;
	09BA4  :   11010100;
	[09BA5..09BAA]  :   11010101;
	[09BAB..09BAD]  :   11010110;
	[09BAE..09BAF]  :   11010101;
	[09BB0..09BB7]  :   11010111;
	[09BB8..09BBD]  :   11011000;
	[09BBE..09BCB]  :   11011001;
	[09BCC..09BDC]  :   11011010;
	[09BDD..09BE7]  :   11011011;
	[09BE8..09BED]  :   11011100;
	[09BEE..09BF3]  :   11011101;
	[09BF4..09BF8]  :   11011110;
	[09BF9..09BFB]  :   11011111;
	[09BFC..09C00]  :   11100000;
	09C01  :   11100001;
	[09C02..09C04]  :   11100010;
	09C05  :   11100001;
	[09C06..09C08]  :   11100010;
	[09C09..09C0B]  :   11100011;
	[09C0C..09C0E]  :   11100100;
	[09C0F..09C19]  :   11100101;
	[09C1A..09C22]  :   11100110;
	[09C23..09C39]  :   11100111;
	[09C3A..09C3B]  :   11100110;
	[09C3C..09C3D]  :   11100111;
	[09C3E..09C3F]  :   11100110;
	[09C40..09C41]  :   11011110;
	[09C42..09C43]  :   11011111;
	09C44  :   11011110;
	[09C45..09C4A]  :   11011111;
	[09C4B..09C67]  :   11100000;
	[09C68..09C6F]  :   11011111;
	[09C70..09C78]  :   11011110;
	[09C79..09C7D]  :   11011101;
	[09C7E..09C81]  :   11011100;
	[09C82..09C85]  :   11011011;
	[09C86..09C8B]  :   11011010;
	[09C8C..09C92]  :   11011001;
	[09C93..09C99]  :   11011000;
	[09C9A..09C9F]  :   11010111;
	[09CA0..09CCF]  :   11010110;
	09CD0  :   11010111;
	[09CD1..09CD3]  :   11010101;
	09CD4  :   11010011;
	09CD5  :   11010000;
	09CD6  :   11001111;
	09CD7  :   11010111;
	09CD8  :   10110100;
	09CD9  :   01010111;
	09CDA  :   00111001;
	09CDB  :   10010011;
	09CDC  :   11011010;
	09CDD  :   11001111;
	09CDE  :   11010011;
	09CDF  :   11010010;
	09CE0  :   11010100;
	[09CE1..09CE2]  :   11010011;
	[09CE3..09CE4]  :   11010010;
	09CE5  :   11010011;
	09CE6  :   11010100;
	09CE7  :   11010101;
	[09CE8..09CE9]  :   11010100;
	[09CEA..09CEF]  :   11010101;
	[09CF0..09CF4]  :   11010110;
	[09CF5..09CF9]  :   11010111;
	[09CFA..09CFF]  :   11011000;
	[09D00..09D01]  :   11011001;
	[09D02..09D03]  :   11011000;
	[09D04..09D13]  :   11011001;
	[09D14..09D1F]  :   11011010;
	[09D20..09D23]  :   11011011;
	[09D24..09D25]  :   11011010;
	[09D26..09D27]  :   11011011;
	[09D28..09D31]  :   11011100;
	[09D32..09D35]  :   11011101;
	[09D36..09D3A]  :   11011110;
	[09D3B..09D3E]  :   11011111;
	[09D3F..09D40]  :   11100000;
	[09D41..09D45]  :   11100001;
	[09D46..09D49]  :   11100010;
	[09D4A..09D4C]  :   11100011;
	[09D4D..09D50]  :   11100100;
	[09D51..09D59]  :   11100101;
	[09D5A..09D5E]  :   11100110;
	09D5F  :   11100101;
	[09D60..09D65]  :   11100110;
	[09D66..09D6F]  :   11100111;
	[09D70..09D71]  :   11100110;
	[09D72..09D76]  :   11100111;
	[09D77..09D78]  :   11101000;
	[09D79..09D7D]  :   11100111;
	[09D7E..09D7F]  :   11100110;
	[09D80..09D81]  :   11011110;
	[09D82..09D83]  :   11011111;
	[09D84..09D85]  :   11011110;
	[09D86..09D8D]  :   11011111;
	[09D8E..09DA5]  :   11100000;
	[09DA6..09DAF]  :   11011111;
	[09DB0..09DB5]  :   11011110;
	[09DB6..09DB9]  :   11011101;
	[09DBA..09DBB]  :   11011100;
	09DBC  :   11011101;
	[09DBD..09DBE]  :   11011100;
	[09DBF..09DC3]  :   11011011;
	[09DC4..09DCA]  :   11011010;
	[09DCB..09DCD]  :   11011001;
	[09DCE..09DCF]  :   11011000;
	09DD0  :   11011001;
	[09DD1..09DD7]  :   11011000;
	[09DD8..09DDF]  :   11010111;
	[09DE0..09DE7]  :   11010110;
	[09DE8..09DFA]  :   11010101;
	[09DFB..09DFC]  :   11010110;
	[09DFD..09E06]  :   11010101;
	[09E07..09E0A]  :   11010110;
	[09E0B..09E0F]  :   11010101;
	09E10  :   11010110;
	09E11  :   11010011;
	09E12  :   11010100;
	[09E13..09E14]  :   11010011;
	09E15  :   11010001;
	09E16  :   11001111;
	09E17  :   11010101;
	09E18  :   10111111;
	09E19  :   01101100;
	09E1A  :   00110011;
	09E1B  :   01111100;
	[09E1C..09E1D]  :   11010011;
	09E1E  :   11010010;
	09E1F  :   11001110;
	09E20  :   11010101;
	09E21  :   11010100;
	[09E22..09E23]  :   11010011;
	[09E24..09E25]  :   11010010;
	[09E26..09E27]  :   11010011;
	[09E28..09E29]  :   11010100;
	[09E2A..09E32]  :   11010101;
	[09E33..09E37]  :   11010110;
	[09E38..09E3B]  :   11010111;
	[09E3C..09E46]  :   11011000;
	09E47  :   11011001;
	[09E48..09E4D]  :   11011000;
	[09E4E..09E5A]  :   11011001;
	[09E5B..09E5F]  :   11011010;
	[09E60..09E61]  :   11011011;
	[09E62..09E65]  :   11011010;
	[09E66..09E6C]  :   11011011;
	[09E6D..09E72]  :   11011100;
	[09E73..09E77]  :   11011101;
	[09E78..09E7C]  :   11011110;
	[09E7D..09E80]  :   11011111;
	[09E81..09E82]  :   11100000;
	[09E83..09E86]  :   11100001;
	[09E87..09E8B]  :   11100010;
	[09E8C..09E8F]  :   11100011;
	[09E90..09E92]  :   11100100;
	[09E93..09E9A]  :   11100101;
	[09E9B..09E9C]  :   11100110;
	[09E9D..09EA0]  :   11100101;
	[09EA1..09EA5]  :   11100110;
	[09EA6..09EAF]  :   11100111;
	09EB0  :   11100110;
	[09EB1..09EB7]  :   11100111;
	09EB8  :   11101000;
	[09EB9..09EBD]  :   11100111;
	[09EBE..09EBF]  :   11100110;
	[09EC0..09EC1]  :   11011110;
	[09EC2..09EC3]  :   11011111;
	[09EC4..09EC5]  :   11011110;
	[09EC6..09EC7]  :   11011111;
	09EC8  :   11011110;
	[09EC9..09ECF]  :   11011111;
	[09ED0..09EE3]  :   11100000;
	[09EE4..09EEF]  :   11011111;
	[09EF0..09EF4]  :   11011110;
	[09EF5..09EF8]  :   11011101;
	[09EF9..09EFD]  :   11011100;
	[09EFE..09EFF]  :   11011011;
	[09F00..09F09]  :   11011010;
	[09F0A..09F0C]  :   11011001;
	[09F0D..09F12]  :   11011000;
	[09F13..09F1D]  :   11010111;
	[09F1E..09F27]  :   11010110;
	[09F28..09F4F]  :   11010101;
	09F50  :   11010011;
	[09F51..09F52]  :   11010101;
	09F53  :   11010001;
	09F54  :   11010011;
	09F55  :   11010110;
	[09F56..09F57]  :   11010011;
	09F58  :   11001010;
	09F59  :   01111101;
	09F5A  :   00101110;
	09F5B  :   01100111;
	09F5C  :   11000101;
	09F5D  :   11010010;
	09F5E  :   11010001;
	09F5F  :   11001110;
	09F60  :   11010001;
	09F61  :   11010010;
	09F62  :   11010011;
	[09F63..09F66]  :   11010100;
	09F67  :   11010011;
	[09F68..09F6E]  :   11010101;
	09F6F  :   11010110;
	[09F70..09F73]  :   11010101;
	[09F74..09F78]  :   11010110;
	[09F79..09F7E]  :   11010111;
	[09F7F..09F94]  :   11011000;
	[09F95..09F9F]  :   11011001;
	[09FA0..09FA5]  :   11011010;
	[09FA6..09FAD]  :   11011011;
	[09FAE..09FB3]  :   11011100;
	[09FB4..09FB7]  :   11011101;
	[09FB8..09FC0]  :   11011110;
	09FC1  :   11011111;
	[09FC2..09FC5]  :   11100000;
	[09FC6..09FC7]  :   11100001;
	[09FC8..09FCC]  :   11100010;
	[09FCD..09FD1]  :   11100011;
	[09FD2..09FD3]  :   11100100;
	[09FD4..09FD7]  :   11100101;
	09FD8  :   11100100;
	[09FD9..09FE0]  :   11100101;
	[09FE1..09FE5]  :   11100110;
	[09FE6..09FEE]  :   11100111;
	09FEF  :   11101000;
	[09FF0..09FF1]  :   11100111;
	09FF2  :   11101000;
	[09FF3..09FF4]  :   11100111;
	09FF5  :   11100110;
	[09FF6..09FF7]  :   11100111;
	[09FF8..09FF9]  :   11101000;
	[09FFA..09FFD]  :   11100111;
	09FFE  :   11100110;
	09FFF  :   11100101;
	[0A000..0A007]  :   11011110;
	[0A008..0A00F]  :   11011111;
	[0A010..0A015]  :   11100000;
	[0A016..0A018]  :   11011111;
	[0A019..0A01A]  :   11100000;
	0A01B  :   11100001;
	[0A01C..0A01E]  :   11100000;
	0A01F  :   11100001;
	[0A020..0A029]  :   11011111;
	0A02A  :   11100000;
	0A02B  :   11011111;
	[0A02C..0A02E]  :   11011110;
	0A02F  :   11011111;
	[0A030..0A031]  :   11011110;
	[0A032..0A037]  :   11011101;
	[0A038..0A03A]  :   11011100;
	[0A03B..0A03F]  :   11011011;
	0A040  :   11011001;
	[0A041..0A047]  :   11011010;
	[0A048..0A04B]  :   11011001;
	[0A04C..0A052]  :   11011000;
	[0A053..0A05A]  :   11010111;
	[0A05B..0A060]  :   11010110;
	[0A061..0A065]  :   11010101;
	[0A066..0A067]  :   11010110;
	[0A068..0A06F]  :   11010101;
	[0A070..0A077]  :   11010100;
	0A078  :   11010101;
	[0A079..0A07A]  :   11010100;
	[0A07B..0A07E]  :   11010101;
	[0A07F..0A086]  :   11010100;
	0A087  :   11010101;
	0A088  :   11010100;
	[0A089..0A08A]  :   11010101;
	[0A08B..0A08C]  :   11010110;
	[0A08D..0A08E]  :   11010101;
	0A08F  :   11010100;
	0A090  :   11010101;
	0A091  :   11010011;
	0A092  :   11010001;
	0A093  :   11010101;
	0A094  :   11010001;
	0A095  :   10111010;
	0A096  :   10111110;
	0A097  :   11001100;
	0A098  :   11010001;
	0A099  :   10010001;
	0A09A  :   00110100;
	0A09B  :   01001011;
	0A09C  :   10110000;
	0A09D  :   11010101;
	0A09E  :   11001110;
	0A09F  :   11001111;
	0A0A0  :   11010011;
	0A0A1  :   11010110;
	0A0A2  :   11010000;
	0A0A3  :   11000101;
	0A0A4  :   11000110;
	0A0A5  :   11010011;
	[0A0A6..0A0A7]  :   11010010;
	[0A0A8..0A0AB]  :   11010100;
	[0A0AC..0A0AE]  :   11010101;
	0A0AF  :   11010100;
	[0A0B0..0A0B3]  :   11010101;
	[0A0B4..0A0B7]  :   11010110;
	0A0B8  :   11010101;
	0A0B9  :   11010110;
	[0A0BA..0A0BB]  :   11010111;
	[0A0BC..0A0BD]  :   11010110;
	0A0BE  :   11010111;
	[0A0BF..0A0C1]  :   11011000;
	[0A0C2..0A0CF]  :   11010111;
	[0A0D0..0A0DB]  :   11011000;
	[0A0DC..0A0E7]  :   11011001;
	[0A0E8..0A0EB]  :   11011010;
	[0A0EC..0A0F1]  :   11011011;
	[0A0F2..0A0F3]  :   11011100;
	[0A0F4..0A0F9]  :   11011101;
	[0A0FA..0A100]  :   11011110;
	[0A101..0A105]  :   11011111;
	0A106  :   11100000;
	[0A107..0A10C]  :   11100001;
	0A10D  :   11100010;
	[0A10E..0A111]  :   11100011;
	[0A112..0A119]  :   11100100;
	[0A11A..0A121]  :   11100101;
	[0A122..0A127]  :   11100110;
	[0A128..0A13A]  :   11100111;
	[0A13B..0A13F]  :   11100110;
	[0A140..0A147]  :   11011110;
	[0A148..0A151]  :   11011111;
	[0A152..0A154]  :   11100000;
	[0A155..0A159]  :   11011111;
	[0A15A..0A15F]  :   11100000;
	[0A160..0A16B]  :   11011111;
	[0A16C..0A16E]  :   11011110;
	0A16F  :   11011111;
	[0A170..0A171]  :   11011110;
	[0A172..0A177]  :   11011101;
	[0A178..0A17A]  :   11011100;
	[0A17B..0A17F]  :   11011011;
	[0A180..0A187]  :   11011010;
	[0A188..0A18A]  :   11011001;
	[0A18B..0A191]  :   11011000;
	[0A192..0A199]  :   11010111;
	[0A19A..0A1A0]  :   11010110;
	[0A1A1..0A1A9]  :   11010101;
	[0A1AA..0A1BB]  :   11010100;
	[0A1BC..0A1BE]  :   11010101;
	[0A1BF..0A1C8]  :   11010100;
	[0A1C9..0A1CE]  :   11010101;
	0A1CF  :   11010100;
	0A1D0  :   11010011;
	0A1D1  :   11010010;
	0A1D2  :   11010111;
	0A1D3  :   11001111;
	0A1D4  :   11011110;
	0A1D5  :   10011001;
	0A1D6  :   01110111;
	0A1D7  :   10101100;
	0A1D8  :   11010000;
	0A1D9  :   10100101;
	0A1DA  :   00111011;
	0A1DB  :   00110101;
	0A1DC  :   10011101;
	[0A1DD..0A1DE]  :   11010001;
	0A1DF  :   11001100;
	0A1E0  :   11001101;
	0A1E1  :   11000001;
	0A1E2  :   10110111;
	0A1E3  :   10111011;
	0A1E4  :   11000011;
	0A1E5  :   11010100;
	0A1E6  :   11010110;
	0A1E7  :   11010000;
	[0A1E8..0A1EB]  :   11010100;
	[0A1EC..0A1F4]  :   11010101;
	[0A1F5..0A1F7]  :   11010110;
	0A1F8  :   11010101;
	0A1F9  :   11010110;
	0A1FA  :   11010111;
	[0A1FB..0A1FD]  :   11010110;
	0A1FE  :   11010111;
	[0A1FF..0A201]  :   11011000;
	[0A202..0A211]  :   11010111;
	[0A212..0A216]  :   11011000;
	0A217  :   11010111;
	[0A218..0A21C]  :   11011000;
	[0A21D..0A227]  :   11011001;
	[0A228..0A22C]  :   11011010;
	[0A22D..0A230]  :   11011011;
	[0A231..0A234]  :   11011100;
	[0A235..0A23A]  :   11011101;
	[0A23B..0A240]  :   11011110;
	[0A241..0A245]  :   11011111;
	[0A246..0A247]  :   11100000;
	[0A248..0A24D]  :   11100001;
	[0A24E..0A24F]  :   11100010;
	[0A250..0A253]  :   11100011;
	[0A254..0A259]  :   11100100;
	[0A25A..0A261]  :   11100101;
	[0A262..0A268]  :   11100110;
	[0A269..0A26F]  :   11100111;
	0A270  :   11100110;
	[0A271..0A27A]  :   11100111;
	[0A27B..0A27C]  :   11100110;
	[0A27D..0A27F]  :   11100101;
	[0A280..0A287]  :   11011110;
	[0A288..0A299]  :   11011111;
	[0A29A..0A29B]  :   11100000;
	[0A29C..0A2A6]  :   11011111;
	0A2A7  :   11011110;
	[0A2A8..0A2AA]  :   11011111;
	[0A2AB..0A2B1]  :   11011110;
	[0A2B2..0A2B5]  :   11011101;
	[0A2B6..0A2B9]  :   11011100;
	[0A2BA..0A2BF]  :   11011011;
	[0A2C0..0A2C6]  :   11011010;
	[0A2C7..0A2C9]  :   11011001;
	[0A2CA..0A2CF]  :   11011000;
	[0A2D0..0A2D5]  :   11010111;
	[0A2D6..0A2DF]  :   11010110;
	[0A2E0..0A2E2]  :   11010101;
	[0A2E3..0A2ED]  :   11010100;
	[0A2EE..0A2EF]  :   11010011;
	[0A2F0..0A2FC]  :   11010100;
	0A2FD  :   11010101;
	[0A2FE..0A309]  :   11010100;
	[0A30A..0A30D]  :   11010101;
	[0A30E..0A30F]  :   11010100;
	0A310  :   11010110;
	[0A311..0A312]  :   11010100;
	0A313  :   11010000;
	0A314  :   11010101;
	0A315  :   10011001;
	0A316  :   01010101;
	0A317  :   01100111;
	0A318  :   10110010;
	0A319  :   10101001;
	0A31A  :   01001011;
	0A31B  :   00100111;
	0A31C  :   01111111;
	0A31D  :   11010000;
	0A31E  :   10111110;
	0A31F  :   10011010;
	0A320  :   10011111;
	0A321  :   10100011;
	0A322  :   10101000;
	0A323  :   10111111;
	0A324  :   11001101;
	0A325  :   11010010;
	0A326  :   11010011;
	0A327  :   11010100;
	[0A328..0A32A]  :   11010011;
	[0A32B..0A32C]  :   11010100;
	[0A32D..0A335]  :   11010101;
	[0A336..0A337]  :   11010110;
	0A338  :   11010101;
	[0A339..0A33E]  :   11010110;
	0A33F  :   11010111;
	0A340  :   11011000;
	[0A341..0A357]  :   11010111;
	[0A358..0A35E]  :   11011000;
	[0A35F..0A366]  :   11011001;
	0A367  :   11011010;
	[0A368..0A369]  :   11011001;
	[0A36A..0A36D]  :   11011010;
	[0A36E..0A370]  :   11011011;
	[0A371..0A377]  :   11011100;
	[0A378..0A37B]  :   11011101;
	[0A37C..0A380]  :   11011110;
	[0A381..0A385]  :   11011111;
	[0A386..0A38C]  :   11100000;
	[0A38D..0A38E]  :   11100001;
	[0A38F..0A391]  :   11100010;
	[0A392..0A394]  :   11100011;
	[0A395..0A397]  :   11100100;
	0A398  :   11100011;
	[0A399..0A39A]  :   11100100;
	[0A39B..0A3A2]  :   11100101;
	[0A3A3..0A3B1]  :   11100110;
	[0A3B2..0A3B9]  :   11100111;
	[0A3BA..0A3BC]  :   11100110;
	[0A3BD..0A3BF]  :   11100101;
	0A3C0  :   11011101;
	[0A3C1..0A3CA]  :   11011110;
	[0A3CB..0A3E4]  :   11011111;
	[0A3E5..0A3EF]  :   11011110;
	[0A3F0..0A3F3]  :   11011101;
	[0A3F4..0A3F8]  :   11011100;
	[0A3F9..0A3FD]  :   11011011;
	[0A3FE..0A403]  :   11011010;
	[0A404..0A407]  :   11011001;
	[0A408..0A40C]  :   11011000;
	[0A40D..0A413]  :   11010111;
	[0A414..0A41F]  :   11010110;
	[0A420..0A421]  :   11010101;
	[0A422..0A42E]  :   11010100;
	[0A42F..0A431]  :   11010011;
	[0A432..0A449]  :   11010100;
	[0A44A..0A44D]  :   11010101;
	[0A44E..0A44F]  :   11010100;
	0A450  :   11010001;
	0A451  :   11010110;
	0A452  :   11010001;
	0A453  :   11010100;
	0A454  :   11010011;
	0A455  :   11010001;
	0A456  :   10010011;
	0A457  :   01000010;
	0A458  :   01100101;
	0A459  :   10011001;
	0A45A  :   01010011;
	0A45B  :   00011110;
	0A45C  :   01100110;
	0A45D  :   10111110;
	0A45E  :   01111100;
	0A45F  :   01000111;
	0A460  :   01100001;
	0A461  :   10100101;
	0A462  :   11000110;
	0A463  :   11010000;
	0A464  :   11010011;
	[0A465..0A466]  :   11010001;
	[0A467..0A46C]  :   11010011;
	[0A46D..0A46F]  :   11010100;
	[0A470..0A478]  :   11010101;
	[0A479..0A47E]  :   11010110;
	[0A47F..0A498]  :   11010111;
	[0A499..0A49C]  :   11011000;
	0A49D  :   11010111;
	[0A49E..0A49F]  :   11011000;
	[0A4A0..0A4A5]  :   11011001;
	[0A4A6..0A4A7]  :   11011010;
	[0A4A8..0A4A9]  :   11011001;
	[0A4AA..0A4AB]  :   11011010;
	0A4AC  :   11011001;
	[0A4AD..0A4AE]  :   11011010;
	[0A4AF..0A4B3]  :   11011011;
	[0A4B4..0A4B9]  :   11011100;
	[0A4BA..0A4BD]  :   11011101;
	[0A4BE..0A4C0]  :   11011110;
	[0A4C1..0A4C6]  :   11011111;
	[0A4C7..0A4CD]  :   11100000;
	[0A4CE..0A4CF]  :   11100001;
	[0A4D0..0A4D3]  :   11100010;
	[0A4D4..0A4D9]  :   11100011;
	[0A4DA..0A4DF]  :   11100100;
	[0A4E0..0A4E3]  :   11100101;
	[0A4E4..0A4F2]  :   11100110;
	[0A4F3..0A4F7]  :   11100111;
	[0A4F8..0A4FB]  :   11100110;
	[0A4FC..0A4FF]  :   11100101;
	[0A500..0A502]  :   11011101;
	[0A503..0A50B]  :   11011110;
	[0A50C..0A522]  :   11011111;
	[0A523..0A52F]  :   11011110;
	[0A530..0A531]  :   11011101;
	[0A532..0A534]  :   11011100;
	[0A535..0A53B]  :   11011011;
	[0A53C..0A53F]  :   11011010;
	[0A540..0A544]  :   11011001;
	[0A545..0A54A]  :   11011000;
	[0A54B..0A550]  :   11010111;
	[0A551..0A557]  :   11010110;
	[0A558..0A55F]  :   11010101;
	[0A560..0A56D]  :   11010100;
	[0A56E..0A573]  :   11010011;
	[0A574..0A57E]  :   11010100;
	0A57F  :   11010101;
	[0A580..0A58A]  :   11010100;
	[0A58B..0A58C]  :   11010101;
	[0A58D..0A58F]  :   11010100;
	0A590  :   11010110;
	0A591  :   11010100;
	0A592  :   11010010;
	0A593  :   11010101;
	0A594  :   11010010;
	0A595  :   11010001;
	0A596  :   11000111;
	0A597  :   01111101;
	0A598  :   01001010;
	0A599  :   01001011;
	0A59A  :   00111010;
	0A59B  :   00011101;
	0A59C  :   01010000;
	0A59D  :   10010100;
	0A59E  :   00111101;
	0A59F  :   00111111;
	0A5A0  :   10010110;
	0A5A1  :   11001100;
	0A5A2  :   11010011;
	0A5A3  :   11001101;
	0A5A4  :   11010001;
	[0A5A5..0A5A6]  :   11010011;
	0A5A7  :   11010001;
	0A5A8  :   11010010;
	[0A5A9..0A5AE]  :   11010011;
	[0A5AF..0A5B3]  :   11010100;
	[0A5B4..0A5B8]  :   11010101;
	[0A5B9..0A5BF]  :   11010110;
	[0A5C0..0A5D7]  :   11010111;
	0A5D8  :   11010110;
	0A5D9  :   11010111;
	[0A5DA..0A5DC]  :   11011000;
	[0A5DD..0A5DF]  :   11010111;
	[0A5E0..0A5E5]  :   11011001;
	[0A5E6..0A5E7]  :   11011010;
	[0A5E8..0A5ED]  :   11011001;
	0A5EE  :   11011010;
	0A5EF  :   11011011;
	[0A5F0..0A5F1]  :   11011010;
	[0A5F2..0A5F4]  :   11011011;
	[0A5F5..0A5FB]  :   11011100;
	[0A5FC..0A5FF]  :   11011101;
	[0A600..0A601]  :   11011110;
	0A602  :   11011111;
	[0A603..0A605]  :   11011110;
	[0A606..0A60A]  :   11011111;
	[0A60B..0A60E]  :   11100000;
	[0A60F..0A612]  :   11100001;
	[0A613..0A615]  :   11100010;
	[0A616..0A61A]  :   11100011;
	[0A61B..0A61F]  :   11100100;
	[0A620..0A624]  :   11100101;
	[0A625..0A633]  :   11100110;
	[0A634..0A637]  :   11100111;
	[0A638..0A63A]  :   11100101;
	[0A63B..0A63C]  :   11100110;
	[0A63D..0A63F]  :   11100101;
	[0A640..0A643]  :   11011101;
	[0A644..0A64C]  :   11011110;
	[0A64D..0A660]  :   11011111;
	[0A661..0A669]  :   11011110;
	[0A66A..0A66C]  :   11011101;
	0A66D  :   11011110;
	[0A66E..0A66F]  :   11011101;
	[0A670..0A672]  :   11011100;
	[0A673..0A679]  :   11011011;
	[0A67A..0A67D]  :   11011010;
	[0A67E..0A682]  :   11011001;
	[0A683..0A687]  :   11011000;
	[0A688..0A68D]  :   11010111;
	[0A68E..0A694]  :   11010110;
	[0A695..0A69C]  :   11010101;
	[0A69D..0A6A7]  :   11010100;
	[0A6A8..0A6B5]  :   11010011;
	[0A6B6..0A6BE]  :   11010100;
	0A6BF  :   11010101;
	[0A6C0..0A6D0]  :   11010100;
	0A6D1  :   11010010;
	0A6D2  :   11010100;
	0A6D3  :   11001111;
	[0A6D4..0A6D5]  :   11010011;
	0A6D6  :   11001011;
	0A6D7  :   10010001;
	0A6D8  :   01001011;
	0A6D9  :   00101011;
	0A6DA  :   00100010;
	0A6DB  :   00100101;
	0A6DC  :   00110010;
	0A6DD  :   01001100;
	0A6DE  :   00111010;
	0A6DF  :   01001111;
	0A6E0  :   10111100;
	0A6E1  :   11010000;
	0A6E2  :   11001100;
	0A6E3  :   11001111;
	0A6E4  :   11010000;
	0A6E5  :   11001100;
	0A6E6  :   11001110;
	[0A6E7..0A6EC]  :   11010010;
	[0A6ED..0A6EE]  :   11010011;
	[0A6EF..0A6F7]  :   11010100;
	[0A6F8..0A6F9]  :   11010101;
	[0A6FA..0A704]  :   11010110;
	[0A705..0A708]  :   11010111;
	[0A709..0A70C]  :   11010110;
	[0A70D..0A717]  :   11010111;
	0A718  :   11010110;
	0A719  :   11010111;
	[0A71A..0A71D]  :   11011000;
	[0A71E..0A71F]  :   11010111;
	[0A720..0A722]  :   11011000;
	[0A723..0A72C]  :   11011001;
	[0A72D..0A733]  :   11011010;
	[0A734..0A738]  :   11011011;
	[0A739..0A73C]  :   11011100;
	[0A73D..0A740]  :   11011101;
	[0A741..0A745]  :   11011110;
	[0A746..0A74A]  :   11011111;
	[0A74B..0A74F]  :   11100000;
	[0A750..0A753]  :   11100001;
	[0A754..0A759]  :   11100010;
	[0A75A..0A75C]  :   11100011;
	[0A75D..0A75F]  :   11100100;
	[0A760..0A766]  :   11100101;
	[0A767..0A769]  :   11100110;
	[0A76A..0A76C]  :   11100101;
	[0A76D..0A777]  :   11100110;
	[0A778..0A779]  :   11100101;
	[0A77A..0A77E]  :   11100110;
	0A77F  :   11100101;
	[0A780..0A784]  :   11011101;
	[0A785..0A787]  :   11011110;
	[0A788..0A799]  :   11011111;
	[0A79A..0A79B]  :   11011110;
	[0A79C..0A79F]  :   11011111;
	[0A7A0..0A7A9]  :   11011110;
	[0A7AA..0A7AC]  :   11011101;
	0A7AD  :   11011110;
	[0A7AE..0A7AF]  :   11011101;
	[0A7B0..0A7B2]  :   11011100;
	[0A7B3..0A7B7]  :   11011011;
	[0A7B8..0A7BB]  :   11011010;
	[0A7BC..0A7C1]  :   11011001;
	[0A7C2..0A7C7]  :   11011000;
	[0A7C8..0A7CC]  :   11010111;
	[0A7CD..0A7D2]  :   11010110;
	[0A7D3..0A7D9]  :   11010101;
	[0A7DA..0A7E4]  :   11010100;
	[0A7E5..0A7F9]  :   11010011;
	0A7FA  :   11010100;
	[0A7FB..0A7FD]  :   11010011;
	[0A7FE..0A7FF]  :   11010100;
	[0A800..0A804]  :   11010011;
	[0A805..0A80F]  :   11010100;
	0A810  :   11010101;
	0A811  :   11010001;
	[0A812..0A813]  :   11010010;
	0A814  :   11001111;
	0A815  :   11010010;
	0A816  :   11000110;
	0A817  :   10110000;
	0A818  :   10010111;
	0A819  :   01011111;
	0A81A  :   00101010;
	0A81B  :   00011111;
	0A81C  :   00100001;
	0A81D  :   00100100;
	0A81E  :   00101010;
	0A81F  :   01000111;
	0A820  :   10101101;
	0A821  :   11001011;
	0A822  :   11001100;
	0A823  :   11001011;
	0A824  :   11001110;
	0A825  :   11010010;
	0A826  :   11010000;
	0A827  :   11001001;
	0A828  :   11010000;
	[0A829..0A82C]  :   11010001;
	0A82D  :   11010010;
	0A82E  :   11010011;
	0A82F  :   11010100;
	[0A830..0A833]  :   11010011;
	[0A834..0A837]  :   11010100;
	[0A838..0A83A]  :   11010101;
	[0A83B..0A84E]  :   11010110;
	0A84F  :   11010111;
	[0A850..0A854]  :   11010110;
	[0A855..0A85C]  :   11010111;
	[0A85D..0A865]  :   11011000;
	[0A866..0A86C]  :   11011001;
	[0A86D..0A876]  :   11011010;
	[0A877..0A87B]  :   11011011;
	[0A87C..0A87D]  :   11011100;
	[0A87E..0A881]  :   11011101;
	[0A882..0A883]  :   11011110;
	0A884  :   11011101;
	[0A885..0A886]  :   11011110;
	[0A887..0A88B]  :   11011111;
	[0A88C..0A891]  :   11100000;
	[0A892..0A896]  :   11100001;
	[0A897..0A89A]  :   11100010;
	[0A89B..0A89D]  :   11100011;
	[0A89E..0A8A4]  :   11100100;
	[0A8A5..0A8AD]  :   11100101;
	[0A8AE..0A8BD]  :   11100110;
	[0A8BE..0A8BF]  :   11100101;
	[0A8C0..0A8C4]  :   11011101;
	[0A8C5..0A8C7]  :   11011110;
	[0A8C8..0A8CF]  :   11011111;
	[0A8D0..0A8D2]  :   11011110;
	[0A8D3..0A8D8]  :   11011111;
	[0A8D9..0A8DB]  :   11011110;
	[0A8DC..0A8DF]  :   11011111;
	[0A8E0..0A8E7]  :   11011110;
	0A8E8  :   11011111;
	0A8E9  :   11011110;
	[0A8EA..0A8EC]  :   11011101;
	0A8ED  :   11011110;
	[0A8EE..0A8EF]  :   11011101;
	[0A8F0..0A8F2]  :   11011100;
	[0A8F3..0A8F7]  :   11011011;
	[0A8F8..0A8FA]  :   11011010;
	[0A8FB..0A8FD]  :   11011001;
	[0A8FE..0A8FF]  :   11011000;
	0A900  :   11011001;
	[0A901..0A907]  :   11011000;
	[0A908..0A90B]  :   11010111;
	[0A90C..0A912]  :   11010110;
	[0A913..0A917]  :   11010101;
	[0A918..0A91D]  :   11010100;
	[0A91E..0A91F]  :   11010011;
	[0A920..0A923]  :   11010100;
	[0A924..0A926]  :   11010011;
	0A927  :   11010010;
	[0A928..0A93B]  :   11010011;
	[0A93C..0A93D]  :   11010010;
	0A93E  :   11010011;
	0A93F  :   11010100;
	[0A940..0A946]  :   11010011;
	0A947  :   11010100;
	[0A948..0A94F]  :   11010011;
	0A950  :   11010010;
	0A951  :   11010100;
	0A952  :   11010011;
	0A953  :   11010010;
	0A954  :   11010001;
	0A955  :   11010101;
	0A956  :   11001010;
	0A957  :   11001100;
	0A958  :   11001001;
	0A959  :   10101001;
	0A95A  :   01110011;
	0A95B  :   01001011;
	0A95C  :   00100111;
	[0A95D..0A95E]  :   00100100;
	0A95F  :   00101100;
	0A960  :   01101001;
	0A961  :   10101101;
	[0A962..0A963]  :   11001010;
	0A964  :   11001100;
	0A965  :   11010000;
	0A966  :   11001101;
	[0A967..0A969]  :   11001111;
	[0A96A..0A96C]  :   11010000;
	0A96D  :   11010001;
	0A96E  :   11010010;
	[0A96F..0A974]  :   11010011;
	[0A975..0A978]  :   11010100;
	[0A979..0A97B]  :   11010101;
	[0A97C..0A995]  :   11010110;
	[0A996..0A997]  :   11010111;
	0A998  :   11011000;
	0A999  :   11010111;
	[0A99A..0A99B]  :   11010110;
	0A99C  :   11010111;
	[0A99D..0A9A7]  :   11011000;
	[0A9A8..0A9AB]  :   11011001;
	[0A9AC..0A9AF]  :   11011010;
	[0A9B0..0A9B2]  :   11011011;
	[0A9B3..0A9B7]  :   11011010;
	[0A9B8..0A9BB]  :   11011011;
	[0A9BC..0A9BD]  :   11011100;
	[0A9BE..0A9BF]  :   11011101;
	0A9C0  :   11011100;
	[0A9C1..0A9C4]  :   11011101;
	[0A9C5..0A9C6]  :   11011110;
	[0A9C7..0A9CB]  :   11011111;
	[0A9CC..0A9D2]  :   11100000;
	[0A9D3..0A9D7]  :   11100001;
	[0A9D8..0A9DB]  :   11100010;
	[0A9DC..0A9DD]  :   11100011;
	[0A9DE..0A9E4]  :   11100100;
	[0A9E5..0A9ED]  :   11100101;
	[0A9EE..0A9F8]  :   11100110;
	[0A9F9..0A9FA]  :   11100111;
	[0A9FB..0A9FD]  :   11100110;
	[0A9FE..0A9FF]  :   11100101;
	[0AA00..0AA06]  :   11011101;
	[0AA07..0AA13]  :   11011110;
	[0AA14..0AA18]  :   11011111;
	[0AA19..0AA1C]  :   11011110;
	0AA1D  :   11011111;
	[0AA1E..0AA24]  :   11011110;
	[0AA25..0AA29]  :   11011101;
	[0AA2A..0AA2C]  :   11011110;
	0AA2D  :   11011101;
	[0AA2E..0AA30]  :   11011100;
	[0AA31..0AA35]  :   11011011;
	[0AA36..0AA38]  :   11011010;
	[0AA39..0AA3F]  :   11011001;
	[0AA40..0AA44]  :   11011000;
	[0AA45..0AA47]  :   11010111;
	[0AA48..0AA4A]  :   11010110;
	[0AA4B..0AA4C]  :   11010111;
	[0AA4D..0AA50]  :   11010110;
	[0AA51..0AA57]  :   11010101;
	[0AA58..0AA5D]  :   11010100;
	[0AA5E..0AA60]  :   11010011;
	[0AA61..0AA62]  :   11010100;
	[0AA63..0AA69]  :   11010011;
	[0AA6A..0AA6C]  :   11010100;
	[0AA6D..0AA7F]  :   11010011;
	[0AA80..0AA82]  :   11010010;
	[0AA83..0AA8F]  :   11010011;
	0AA90  :   11010100;
	0AA91  :   11010011;
	[0AA92..0AA94]  :   11010010;
	0AA95  :   11010000;
	0AA96  :   11001111;
	0AA97  :   11010000;
	0AA98  :   11010001;
	0AA99  :   11001011;
	0AA9A  :   11000110;
	0AA9B  :   10011111;
	0AA9C  :   01001111;
	0AA9D  :   00011111;
	0AA9E  :   00100111;
	0AA9F  :   00011110;
	0AAA0  :   00100110;
	0AAA1  :   01110111;
	0AAA2  :   11000101;
	[0AAA3..0AAA4]  :   11001011;
	0AAA5  :   11000111;
	0AAA6  :   11000110;
	0AAA7  :   11001101;
	0AAA8  :   11010000;
	0AAA9  :   11001101;
	0AAAA  :   11001010;
	0AAAB  :   11010011;
	0AAAC  :   11001110;
	0AAAD  :   11010010;
	0AAAE  :   11001111;
	0AAAF  :   11010010;
	0AAB0  :   11010001;
	0AAB1  :   11010010;
	0AAB2  :   11010011;
	[0AAB3..0AAB4]  :   11010010;
	0AAB5  :   11010011;
	[0AAB6..0AABB]  :   11010100;
	[0AABC..0AABF]  :   11010101;
	[0AAC0..0AAC3]  :   11010110;
	[0AAC4..0AACC]  :   11010101;
	[0AACD..0AAD6]  :   11010110;
	[0AAD7..0AADC]  :   11010111;
	0AADD  :   11011000;
	[0AADE..0AAE1]  :   11010111;
	[0AAE2..0AAE9]  :   11011000;
	[0AAEA..0AAEF]  :   11011001;
	[0AAF0..0AAF6]  :   11011010;
	[0AAF7..0AAFB]  :   11011011;
	[0AAFC..0AAFD]  :   11011100;
	[0AAFE..0AB03]  :   11011101;
	[0AB04..0AB05]  :   11011100;
	0AB06  :   11011101;
	[0AB07..0AB09]  :   11011110;
	[0AB0A..0AB0F]  :   11011111;
	[0AB10..0AB12]  :   11100000;
	[0AB13..0AB17]  :   11100001;
	[0AB18..0AB1D]  :   11100010;
	[0AB1E..0AB20]  :   11100011;
	0AB21  :   11100100;
	[0AB22..0AB2E]  :   11100101;
	[0AB2F..0AB3D]  :   11100110;
	[0AB3E..0AB3F]  :   11100101;
	[0AB40..0AB47]  :   11011101;
	[0AB48..0AB49]  :   11011110;
	0AB4A  :   11011111;
	[0AB4B..0AB4E]  :   11011110;
	0AB4F  :   11011111;
	[0AB50..0AB53]  :   11011110;
	[0AB54..0AB56]  :   11011111;
	[0AB57..0AB5F]  :   11011110;
	[0AB60..0AB6D]  :   11011101;
	[0AB6E..0AB6F]  :   11011100;
	[0AB70..0AB71]  :   11011011;
	[0AB72..0AB76]  :   11011010;
	[0AB77..0AB7F]  :   11011001;
	[0AB80..0AB82]  :   11011000;
	[0AB83..0AB87]  :   11010111;
	[0AB88..0AB8A]  :   11010110;
	0AB8B  :   11010111;
	[0AB8C..0AB8F]  :   11010110;
	[0AB90..0AB92]  :   11010101;
	[0AB93..0AB9C]  :   11010100;
	[0AB9D..0ABA0]  :   11010011;
	0ABA1  :   11010100;
	[0ABA2..0ABAF]  :   11010011;
	[0ABB0..0ABB1]  :   11010010;
	[0ABB2..0ABB7]  :   11010011;
	[0ABB8..0ABC7]  :   11010010;
	[0ABC8..0ABD0]  :   11010011;
	0ABD1  :   11010010;
	0ABD2  :   11010001;
	0ABD3  :   11010010;
	0ABD4  :   11010001;
	[0ABD5..0ABD7]  :   11001111;
	0ABD8  :   11010000;
	0ABD9  :   11001011;
	0ABDA  :   11010001;
	0ABDB  :   11001110;
	0ABDC  :   10011010;
	0ABDD  :   00110110;
	0ABDE  :   00011000;
	0ABDF  :   00100001;
	0ABE0  :   00011110;
	0ABE1  :   01001111;
	0ABE2  :   10101011;
	0ABE3  :   11001001;
	0ABE4  :   10111010;
	0ABE5  :   10011111;
	0ABE6  :   10010110;
	0ABE7  :   10101101;
	0ABE8  :   11000011;
	0ABE9  :   11010000;
	0ABEA  :   11001111;
	0ABEB  :   11001101;
	0ABEC  :   11001111;
	0ABED  :   11010001;
	0ABEE  :   11010101;
	0ABEF  :   11001100;
	0ABF0  :   11010001;
	[0ABF1..0ABF4]  :   11010010;
	[0ABF5..0ABF7]  :   11010011;
	[0ABF8..0ABFB]  :   11010100;
	[0ABFC..0AC04]  :   11010101;
	0AC05  :   11010100;
	[0AC06..0AC0E]  :   11010101;
	0AC0F  :   11010110;
	[0AC10..0AC13]  :   11010101;
	[0AC14..0AC1C]  :   11010110;
	0AC1D  :   11010111;
	[0AC1E..0AC1F]  :   11010110;
	[0AC20..0AC22]  :   11010111;
	[0AC23..0AC2A]  :   11011000;
	[0AC2B..0AC2F]  :   11011001;
	[0AC30..0AC36]  :   11011010;
	[0AC37..0AC3B]  :   11011011;
	[0AC3C..0AC3E]  :   11011100;
	[0AC3F..0AC43]  :   11011101;
	[0AC44..0AC45]  :   11011100;
	[0AC46..0AC47]  :   11011101;
	[0AC48..0AC4B]  :   11011110;
	[0AC4C..0AC51]  :   11011111;
	[0AC52..0AC57]  :   11100000;
	[0AC58..0AC5A]  :   11100001;
	[0AC5B..0AC5F]  :   11100010;
	[0AC60..0AC61]  :   11100011;
	[0AC62..0AC66]  :   11100100;
	[0AC67..0AC6F]  :   11100101;
	[0AC70..0AC77]  :   11100110;
	[0AC78..0AC79]  :   11100101;
	[0AC7A..0AC7C]  :   11100110;
	[0AC7D..0AC7F]  :   11100101;
	[0AC80..0AC81]  :   11011100;
	[0AC82..0AC88]  :   11011101;
	[0AC89..0AC8E]  :   11011110;
	[0AC8F..0AC90]  :   11011111;
	[0AC91..0AC9E]  :   11011110;
	[0AC9F..0ACA5]  :   11011101;
	[0ACA6..0ACA7]  :   11011100;
	0ACA8  :   11011101;
	[0ACA9..0ACAE]  :   11011100;
	[0ACAF..0ACB0]  :   11011011;
	[0ACB1..0ACB5]  :   11011010;
	[0ACB6..0ACBC]  :   11011001;
	[0ACBD..0ACC0]  :   11011000;
	[0ACC1..0ACC2]  :   11010111;
	[0ACC3..0ACCD]  :   11010110;
	[0ACCE..0ACD1]  :   11010101;
	[0ACD2..0ACD5]  :   11010100;
	[0ACD6..0ACE3]  :   11010011;
	0ACE4  :   11010010;
	[0ACE5..0ACE7]  :   11010011;
	[0ACE8..0ACFC]  :   11010010;
	[0ACFD..0AD07]  :   11010001;
	[0AD08..0AD10]  :   11010010;
	0AD11  :   11010001;
	[0AD12..0AD13]  :   11010010;
	0AD14  :   11010001;
	0AD15  :   11010000;
	0AD16  :   11001111;
	0AD17  :   11001110;
	0AD18  :   11001010;
	0AD19  :   11001011;
	0AD1A  :   11001001;
	0AD1B  :   11001110;
	0AD1C  :   10111100;
	0AD1D  :   01001110;
	0AD1E  :   00011101;
	0AD1F  :   00100101;
	0AD20  :   00100000;
	0AD21  :   00101000;
	0AD22  :   01011100;
	0AD23  :   01111001;
	0AD24  :   01101001;
	0AD25  :   01001011;
	0AD26  :   01000001;
	0AD27  :   01010101;
	0AD28  :   01111000;
	0AD29  :   10100100;
	0AD2A  :   11001101;
	0AD2B  :   11001100;
	0AD2C  :   11001010;
	0AD2D  :   11010000;
	0AD2E  :   11001110;
	0AD2F  :   11001111;
	0AD30  :   11010000;
	0AD31  :   11010001;
	[0AD32..0AD35]  :   11010010;
	[0AD36..0AD38]  :   11010011;
	[0AD39..0AD4C]  :   11010100;
	[0AD4D..0AD55]  :   11010101;
	[0AD56..0AD5C]  :   11010110;
	0AD5D  :   11010111;
	[0AD5E..0AD60]  :   11010110;
	[0AD61..0AD63]  :   11010111;
	[0AD64..0AD6C]  :   11011000;
	[0AD6D..0AD70]  :   11011001;
	[0AD71..0AD76]  :   11011010;
	[0AD77..0AD7C]  :   11011011;
	[0AD7D..0AD7F]  :   11011100;
	[0AD80..0AD83]  :   11011101;
	[0AD84..0AD85]  :   11011100;
	[0AD86..0AD89]  :   11011101;
	[0AD8A..0AD8D]  :   11011110;
	[0AD8E..0AD92]  :   11011111;
	[0AD93..0AD97]  :   11100000;
	[0AD98..0AD9C]  :   11100001;
	[0AD9D..0ADA0]  :   11100010;
	[0ADA1..0ADA5]  :   11100011;
	[0ADA6..0ADA7]  :   11100100;
	[0ADA8..0ADB7]  :   11100101;
	0ADB8  :   11100100;
	[0ADB9..0ADBF]  :   11100101;
	[0ADC0..0ADC1]  :   11011100;
	[0ADC2..0ADCD]  :   11011101;
	[0ADCE..0ADCF]  :   11011110;
	0ADD0  :   11011111;
	[0ADD1..0ADD9]  :   11011110;
	[0ADDA..0ADDB]  :   11011101;
	[0ADDC..0ADDD]  :   11011110;
	[0ADDE..0ADE4]  :   11011101;
	[0ADE5..0ADE9]  :   11011100;
	[0ADEA..0ADEF]  :   11011011;
	[0ADF0..0ADF3]  :   11011010;
	[0ADF4..0ADF9]  :   11011001;
	[0ADFA..0ADFE]  :   11011000;
	[0ADFF..0AE01]  :   11010111;
	[0AE02..0AE03]  :   11010110;
	[0AE04..0AE05]  :   11010101;
	[0AE06..0AE07]  :   11010110;
	[0AE08..0AE0D]  :   11010101;
	[0AE0E..0AE0F]  :   11010100;
	0AE10  :   11010101;
	[0AE11..0AE13]  :   11010100;
	[0AE14..0AE22]  :   11010011;
	[0AE23..0AE24]  :   11010010;
	[0AE25..0AE26]  :   11010011;
	[0AE27..0AE31]  :   11010010;
	[0AE32..0AE3E]  :   11010001;
	0AE3F  :   11010000;
	[0AE40..0AE43]  :   11010001;
	[0AE44..0AE47]  :   11010000;
	[0AE48..0AE54]  :   11010001;
	0AE55  :   11010000;
	[0AE56..0AE57]  :   11001111;
	0AE58  :   11010000;
	0AE59  :   11001110;
	0AE5A  :   11001011;
	0AE5B  :   11001110;
	0AE5C  :   10110101;
	0AE5D  :   01001100;
	0AE5E  :   00100010;
	0AE5F  :   00100110;
	0AE60  :   00100001;
	0AE61  :   00100010;
	0AE62  :   00100110;
	[0AE63..0AE64]  :   00110100;
	0AE65  :   00101101;
	0AE66  :   00101100;
	0AE67  :   00101101;
	0AE68  :   00110111;
	0AE69  :   01100001;
	0AE6A  :   10101000;
	0AE6B  :   11001111;
	0AE6C  :   11001100;
	0AE6D  :   11010001;
	0AE6E  :   11001101;
	0AE6F  :   11010001;
	0AE70  :   11001111;
	0AE71  :   11010000;
	[0AE72..0AE74]  :   11010001;
	[0AE75..0AE77]  :   11010010;
	[0AE78..0AE83]  :   11010011;
	[0AE84..0AE85]  :   11010100;
	[0AE86..0AE8B]  :   11010011;
	[0AE8C..0AE93]  :   11010100;
	[0AE94..0AE97]  :   11010101;
	[0AE98..0AE9C]  :   11010110;
	0AE9D  :   11010111;
	[0AE9E..0AEA1]  :   11010110;
	[0AEA2..0AEA4]  :   11010111;
	[0AEA5..0AEAF]  :   11011000;
	[0AEB0..0AEB1]  :   11011001;
	[0AEB2..0AEB3]  :   11011010;
	0AEB4  :   11011001;
	[0AEB5..0AEB6]  :   11011010;
	[0AEB7..0AEBC]  :   11011011;
	[0AEBD..0AEBF]  :   11011100;
	[0AEC0..0AEC3]  :   11011101;
	[0AEC4..0AEC6]  :   11011100;
	[0AEC7..0AECA]  :   11011101;
	[0AECB..0AED0]  :   11011110;
	[0AED1..0AED2]  :   11011111;
	[0AED3..0AED7]  :   11100000;
	[0AED8..0AEDD]  :   11100001;
	[0AEDE..0AEE4]  :   11100010;
	[0AEE5..0AEE6]  :   11100011;
	[0AEE7..0AEEF]  :   11100100;
	[0AEF0..0AEFD]  :   11100101;
	[0AEFE..0AEFF]  :   11100100;
	[0AF00..0AF02]  :   11011100;
	[0AF03..0AF0D]  :   11011101;
	[0AF0E..0AF11]  :   11011110;
	0AF12  :   11011101;
	[0AF13..0AF19]  :   11011110;
	[0AF1A..0AF1E]  :   11011101;
	[0AF1F..0AF20]  :   11011100;
	[0AF21..0AF23]  :   11011101;
	[0AF24..0AF27]  :   11011100;
	[0AF28..0AF2A]  :   11011011;
	[0AF2B..0AF33]  :   11011010;
	[0AF34..0AF37]  :   11011001;
	[0AF38..0AF3B]  :   11011000;
	[0AF3C..0AF41]  :   11010111;
	0AF42  :   11010110;
	[0AF43..0AF46]  :   11010101;
	0AF47  :   11010110;
	[0AF48..0AF4A]  :   11010101;
	[0AF4B..0AF52]  :   11010100;
	[0AF53..0AF59]  :   11010011;
	[0AF5A..0AF5E]  :   11010010;
	[0AF5F..0AF62]  :   11010011;
	[0AF63..0AF64]  :   11010010;
	[0AF65..0AF66]  :   11010011;
	0AF67  :   11010010;
	[0AF68..0AF6B]  :   11010001;
	[0AF6C..0AF6F]  :   11010010;
	[0AF70..0AF74]  :   11010001;
	[0AF75..0AF77]  :   11010000;
	[0AF78..0AF7A]  :   11010001;
	[0AF7B..0AF90]  :   11010000;
	0AF91  :   11010001;
	[0AF92..0AF93]  :   11010000;
	[0AF94..0AF96]  :   11001111;
	0AF97  :   11001110;
	0AF98  :   11001111;
	0AF99  :   11001011;
	0AF9A  :   11001111;
	0AF9B  :   11000010;
	0AF9C  :   10000001;
	0AF9D  :   00101100;
	0AF9E  :   00011101;
	0AF9F  :   00011110;
	0AFA0  :   00011100;
	0AFA1  :   00100001;
	0AFA2  :   00011110;
	0AFA3  :   00100000;
	0AFA4  :   00100001;
	0AFA5  :   00100010;
	0AFA6  :   00100110;
	0AFA7  :   00100011;
	0AFA8  :   00101001;
	0AFA9  :   00111010;
	0AFAA  :   01101011;
	0AFAB  :   10110101;
	0AFAC  :   11001101;
	0AFAD  :   11001001;
	0AFAE  :   11001111;
	0AFAF  :   11001101;
	0AFB0  :   11001110;
	0AFB1  :   11010000;
	[0AFB2..0AFB5]  :   11010001;
	[0AFB6..0AFC3]  :   11010010;
	[0AFC4..0AFC6]  :   11010011;
	[0AFC7..0AFC9]  :   11010010;
	[0AFCA..0AFCD]  :   11010011;
	[0AFCE..0AFCF]  :   11010100;
	0AFD0  :   11010011;
	[0AFD1..0AFD4]  :   11010100;
	[0AFD5..0AFDC]  :   11010101;
	0AFDD  :   11010110;
	[0AFDE..0AFDF]  :   11010101;
	[0AFE0..0AFE2]  :   11010110;
	[0AFE3..0AFE9]  :   11010111;
	[0AFEA..0AFEF]  :   11011000;
	[0AFF0..0AFF5]  :   11011001;
	[0AFF6..0AFF9]  :   11011010;
	[0AFFA..0AFFC]  :   11011011;
	[0AFFD..0AFFF]  :   11011100;
	[0B000..0B003]  :   11011101;
	[0B004..0B006]  :   11011100;
	[0B007..0B00B]  :   11011101;
	[0B00C..0B012]  :   11011110;
	[0B013..0B017]  :   11011111;
	[0B018..0B01D]  :   11100001;
	[0B01E..0B01F]  :   11100010;
	0B020  :   11100001;
	[0B021..0B025]  :   11100010;
	0B026  :   11100011;
	[0B027..0B037]  :   11100100;
	[0B038..0B03C]  :   11100101;
	[0B03D..0B03F]  :   11100100;
	[0B040..0B043]  :   11011100;
	[0B044..0B049]  :   11011101;
	0B04A  :   11011110;
	[0B04B..0B04D]  :   11011101;
	0B04E  :   11011110;
	0B04F  :   11011111;
	0B050  :   11011110;
	[0B051..0B053]  :   11011101;
	[0B054..0B058]  :   11011110;
	[0B059..0B05D]  :   11011101;
	[0B05E..0B065]  :   11011100;
	[0B066..0B06A]  :   11011011;
	[0B06B..0B073]  :   11011010;
	[0B074..0B077]  :   11011001;
	[0B078..0B079]  :   11011000;
	[0B07A..0B080]  :   11010111;
	[0B081..0B082]  :   11010110;
	[0B083..0B08B]  :   11010101;
	[0B08C..0B092]  :   11010100;
	[0B093..0B099]  :   11010011;
	[0B09A..0B09E]  :   11010010;
	0B09F  :   11010011;
	[0B0A0..0B0A2]  :   11010010;
	[0B0A3..0B0A4]  :   11010001;
	[0B0A5..0B0A7]  :   11010010;
	[0B0A8..0B0AF]  :   11010001;
	[0B0B0..0B0D2]  :   11010000;
	[0B0D3..0B0D6]  :   11001111;
	[0B0D7..0B0D8]  :   11001110;
	0B0D9  :   11001100;
	0B0DA  :   11010000;
	0B0DB  :   10110111;
	0B0DC  :   01101110;
	0B0DD  :   00111100;
	0B0DE  :   00111000;
	0B0DF  :   00101000;
	0B0E0  :   00100101;
	0B0E1  :   00011010;
	0B0E2  :   00011111;
	0B0E3  :   00100000;
	0B0E4  :   00011110;
	[0B0E5..0B0E6]  :   00011101;
	0B0E7  :   00100011;
	0B0E8  :   00101100;
	0B0E9  :   00110101;
	0B0EA  :   01000001;
	0B0EB  :   01111000;
	0B0EC  :   11000101;
	0B0ED  :   11010010;
	[0B0EE..0B0F0]  :   11001101;
	0B0F1  :   11001111;
	[0B0F2..0B0F4]  :   11010000;
	[0B0F5..0B0F7]  :   11010001;
	[0B0F8..0B10C]  :   11010010;
	[0B10D..0B112]  :   11010011;
	[0B113..0B117]  :   11010100;
	0B118  :   11010101;
	[0B119..0B11A]  :   11010100;
	[0B11B..0B121]  :   11010101;
	[0B122..0B125]  :   11010110;
	[0B126..0B12C]  :   11010111;
	[0B12D..0B131]  :   11011000;
	[0B132..0B133]  :   11011001;
	0B134  :   11011000;
	[0B135..0B136]  :   11011001;
	[0B137..0B13A]  :   11011010;
	[0B13B..0B13F]  :   11011011;
	[0B140..0B141]  :   11011100;
	[0B142..0B143]  :   11011101;
	[0B144..0B146]  :   11011100;
	[0B147..0B14C]  :   11011101;
	[0B14D..0B152]  :   11011110;
	[0B153..0B157]  :   11011111;
	[0B158..0B159]  :   11100000;
	[0B15A..0B161]  :   11100001;
	[0B162..0B165]  :   11100010;
	[0B166..0B16F]  :   11100011;
	[0B170..0B177]  :   11100100;
	[0B178..0B17B]  :   11100101;
	[0B17C..0B17E]  :   11100100;
	0B17F  :   11100011;
	0B180  :   11011100;
	[0B181..0B183]  :   11011011;
	[0B184..0B185]  :   11011100;
	[0B186..0B18E]  :   11011101;
	0B18F  :   11011110;
	[0B190..0B191]  :   11011101;
	[0B192..0B193]  :   11011100;
	[0B194..0B197]  :   11011101;
	0B198  :   11011110;
	[0B199..0B19A]  :   11011101;
	[0B19B..0B19E]  :   11011100;
	[0B19F..0B1A7]  :   11011011;
	[0B1A8..0B1AD]  :   11011010;
	[0B1AE..0B1B3]  :   11011001;
	[0B1B4..0B1B7]  :   11011000;
	[0B1B8..0B1BF]  :   11010111;
	[0B1C0..0B1C3]  :   11010110;
	[0B1C4..0B1CA]  :   11010101;
	[0B1CB..0B1D0]  :   11010100;
	[0B1D1..0B1D9]  :   11010011;
	[0B1DA..0B1DF]  :   11010010;
	0B1E0  :   11010001;
	0B1E1  :   11010010;
	[0B1E2..0B1E7]  :   11010001;
	[0B1E8..0B1F2]  :   11010000;
	[0B1F3..0B207]  :   11001111;
	[0B208..0B20F]  :   11010000;
	0B210  :   11001111;
	[0B211..0B212]  :   11010000;
	[0B213..0B214]  :   11001111;
	0B215  :   11010000;
	0B216  :   11001111;
	[0B217..0B218]  :   11001110;
	0B219  :   11001011;
	0B21A  :   11001111;
	0B21B  :   11000111;
	0B21C  :   10100101;
	0B21D  :   10001001;
	0B21E  :   01111010;
	0B21F  :   01100110;
	0B220  :   01001110;
	0B221  :   00111010;
	0B222  :   00101110;
	0B223  :   00011011;
	0B224  :   00011110;
	0B225  :   00100000;
	0B226  :   00011110;
	0B227  :   00100110;
	0B228  :   00101110;
	[0B229..0B22A]  :   00110110;
	0B22B  :   01000101;
	0B22C  :   10010100;
	0B22D  :   10111101;
	0B22E  :   11000010;
	0B22F  :   11001111;
	0B230  :   11001100;
	0B231  :   11001110;
	[0B232..0B233]  :   11001111;
	[0B234..0B237]  :   11010000;
	[0B238..0B241]  :   11010001;
	[0B242..0B244]  :   11010010;
	[0B245..0B24A]  :   11010001;
	[0B24B..0B251]  :   11010010;
	[0B252..0B257]  :   11010011;
	[0B258..0B25B]  :   11010100;
	[0B25C..0B25F]  :   11010101;
	0B260  :   11010100;
	[0B261..0B265]  :   11010101;
	[0B266..0B26A]  :   11010110;
	[0B26B..0B26E]  :   11010111;
	[0B26F..0B275]  :   11011000;
	[0B276..0B278]  :   11011001;
	[0B279..0B27B]  :   11011010;
	[0B27C..0B280]  :   11011011;
	[0B281..0B286]  :   11011100;
	[0B287..0B28F]  :   11011101;
	[0B290..0B291]  :   11011110;
	[0B292..0B297]  :   11011111;
	[0B298..0B29D]  :   11100000;
	[0B29E..0B29F]  :   11100001;
	0B2A0  :   11100000;
	0B2A1  :   11100001;
	0B2A2  :   11100010;
	0B2A3  :   11100011;
	[0B2A4..0B2A7]  :   11100010;
	[0B2A8..0B2B7]  :   11100011;
	[0B2B8..0B2BC]  :   11100100;
	[0B2BD..0B2BF]  :   11100011;
	[0B2C0..0B2C4]  :   11011011;
	[0B2C5..0B2C6]  :   11011100;
	0B2C7  :   11011101;
	0B2C8  :   11011100;
	[0B2C9..0B2CA]  :   11011101;
	[0B2CB..0B2CD]  :   11011100;
	[0B2CE..0B2D1]  :   11011101;
	[0B2D2..0B2D4]  :   11011100;
	[0B2D5..0B2D9]  :   11011101;
	[0B2DA..0B2DD]  :   11011100;
	[0B2DE..0B2E5]  :   11011011;
	[0B2E6..0B2E9]  :   11011010;
	[0B2EA..0B2EB]  :   11011011;
	[0B2EC..0B2ED]  :   11011010;
	[0B2EE..0B2EF]  :   11011001;
	0B2F0  :   11011000;
	[0B2F1..0B2F3]  :   11011001;
	0B2F4  :   11011000;
	[0B2F5..0B2F6]  :   11010111;
	0B2F7  :   11011000;
	[0B2F8..0B2FF]  :   11010111;
	[0B300..0B303]  :   11010110;
	[0B304..0B306]  :   11010101;
	[0B307..0B30A]  :   11010100;
	[0B30B..0B319]  :   11010011;
	0B31A  :   11010010;
	[0B31B..0B31D]  :   11010001;
	[0B31E..0B31F]  :   11010010;
	[0B320..0B322]  :   11010001;
	[0B323..0B324]  :   11010000;
	[0B325..0B326]  :   11010001;
	[0B327..0B329]  :   11010000;
	[0B32A..0B33F]  :   11001111;
	[0B340..0B342]  :   11001110;
	[0B343..0B34F]  :   11001111;
	0B350  :   11001110;
	0B351  :   11001111;
	0B352  :   11010000;
	[0B353..0B355]  :   11001111;
	0B356  :   11001110;
	0B357  :   11001101;
	0B358  :   11001110;
	0B359  :   11010000;
	0B35A  :   11001100;
	0B35B  :   11001001;
	0B35C  :   11010010;
	0B35D  :   11010001;
	0B35E  :   11001010;
	0B35F  :   11000111;
	0B360  :   10110110;
	0B361  :   10100101;
	0B362  :   01101001;
	0B363  :   00100101;
	[0B364..0B365]  :   00011100;
	0B366  :   00011101;
	0B367  :   00100001;
	0B368  :   00100100;
	0B369  :   00101101;
	0B36A  :   00110110;
	0B36B  :   00110101;
	0B36C  :   01000001;
	0B36D  :   01101110;
	0B36E  :   10101000;
	0B36F  :   11001101;
	0B370  :   11001100;
	0B371  :   11001101;
	0B372  :   11001110;
	[0B373..0B374]  :   11001111;
	[0B375..0B376]  :   11010000;
	0B377  :   11001111;
	0B378  :   11010000;
	[0B379..0B37F]  :   11010001;
	0B380  :   11010000;
	0B381  :   11010001;
	[0B382..0B383]  :   11010010;
	[0B384..0B387]  :   11010001;
	0B388  :   11010000;
	[0B389..0B38F]  :   11010001;
	[0B390..0B393]  :   11010010;
	0B394  :   11010011;
	[0B395..0B397]  :   11010010;
	[0B398..0B39B]  :   11010011;
	[0B39C..0B3A4]  :   11010100;
	[0B3A5..0B3A9]  :   11010101;
	[0B3AA..0B3AC]  :   11010110;
	[0B3AD..0B3AF]  :   11010111;
	[0B3B0..0B3B6]  :   11011000;
	[0B3B7..0B3B9]  :   11011001;
	[0B3BA..0B3BF]  :   11011010;
	[0B3C0..0B3C1]  :   11011011;
	[0B3C2..0B3C7]  :   11011100;
	[0B3C8..0B3D1]  :   11011101;
	[0B3D2..0B3D7]  :   11011110;
	[0B3D8..0B3DB]  :   11011111;
	[0B3DC..0B3E0]  :   11100000;
	0B3E1  :   11100001;
	0B3E2  :   11100010;
	0B3E3  :   11100011;
	[0B3E4..0B3E8]  :   11100010;
	[0B3E9..0B3FF]  :   11100011;
	[0B400..0B401]  :   11011010;
	[0B402..0B407]  :   11011011;
	[0B408..0B41C]  :   11011100;
	[0B41D..0B423]  :   11011011;
	[0B424..0B42A]  :   11011010;
	[0B42B..0B42D]  :   11011001;
	[0B42E..0B431]  :   11011000;
	[0B432..0B436]  :   11010111;
	[0B437..0B438]  :   11011000;
	0B439  :   11010111;
	[0B43A..0B43E]  :   11010110;
	[0B43F..0B447]  :   11010101;
	[0B448..0B44C]  :   11010100;
	[0B44D..0B44E]  :   11010011;
	0B44F  :   11010010;
	0B450  :   11010011;
	[0B451..0B452]  :   11010100;
	[0B453..0B455]  :   11010011;
	[0B456..0B457]  :   11010010;
	0B458  :   11010011;
	[0B459..0B45A]  :   11010010;
	[0B45B..0B45C]  :   11010001;
	[0B45D..0B467]  :   11010000;
	[0B468..0B470]  :   11001111;
	[0B471..0B472]  :   11001110;
	0B473  :   11001101;
	[0B474..0B475]  :   11001110;
	0B476  :   11001111;
	0B477  :   11010000;
	[0B478..0B48F]  :   11001110;
	0B490  :   11001111;
	[0B491..0B497]  :   11001110;
	0B498  :   11001101;
	[0B499..0B49B]  :   11001110;
	0B49C  :   11001011;
	0B49D  :   11001001;
	0B49E  :   11001000;
	0B49F  :   11001001;
	0B4A0  :   11001010;
	0B4A1  :   11010000;
	0B4A2  :   01101000;
	0B4A3  :   00100000;
	[0B4A4..0B4A5]  :   00010111;
	0B4A6  :   00010101;
	0B4A7  :   00100000;
	0B4A8  :   00100011;
	0B4A9  :   00101000;
	[0B4AA..0B4AB]  :   00110001;
	0B4AC  :   00101000;
	0B4AD  :   00110011;
	0B4AE  :   01101001;
	0B4AF  :   11000010;
	0B4B0  :   11001100;
	0B4B1  :   11001001;
	0B4B2  :   11001111;
	[0B4B3..0B4B4]  :   11001110;
	0B4B5  :   11010000;
	0B4B6  :   11001110;
	[0B4B7..0B4BA]  :   11001111;
	[0B4BB..0B4CB]  :   11010000;
	[0B4CC..0B4D7]  :   11010001;
	[0B4D8..0B4D9]  :   11010010;
	[0B4DA..0B4DF]  :   11010011;
	[0B4E0..0B4E3]  :   11010100;
	[0B4E4..0B4EA]  :   11010101;
	[0B4EB..0B4EF]  :   11010110;
	[0B4F0..0B4F2]  :   11010111;
	[0B4F3..0B4F6]  :   11011000;
	[0B4F7..0B4FA]  :   11011001;
	[0B4FB..0B500]  :   11011010;
	[0B501..0B504]  :   11011011;
	[0B505..0B507]  :   11011100;
	[0B508..0B509]  :   11011101;
	[0B50A..0B50B]  :   11011100;
	[0B50C..0B513]  :   11011101;
	[0B514..0B518]  :   11011110;
	[0B519..0B51A]  :   11011111;
	[0B51B..0B51F]  :   11100000;
	[0B520..0B524]  :   11100001;
	[0B525..0B52F]  :   11100010;
	[0B530..0B53B]  :   11100011;
	[0B53C..0B53E]  :   11100010;
	0B53F  :   11100011;
	[0B540..0B543]  :   11011010;
	[0B544..0B54C]  :   11011011;
	[0B54D..0B55B]  :   11011100;
	[0B55C..0B55E]  :   11011011;
	0B55F  :   11011010;
	[0B560..0B563]  :   11011011;
	0B564  :   11011010;
	[0B565..0B566]  :   11011001;
	0B567  :   11011010;
	[0B568..0B56C]  :   11011001;
	[0B56D..0B56F]  :   11011000;
	0B570  :   11011001;
	[0B571..0B572]  :   11011000;
	[0B573..0B578]  :   11010111;
	[0B579..0B57D]  :   11010110;
	[0B57E..0B584]  :   11010101;
	[0B585..0B589]  :   11010100;
	[0B58A..0B58D]  :   11010011;
	[0B58E..0B590]  :   11010010;
	[0B591..0B592]  :   11010011;
	[0B593..0B596]  :   11010010;
	0B597  :   11010001;
	0B598  :   11010010;
	[0B599..0B59A]  :   11010001;
	[0B59B..0B5A3]  :   11010000;
	[0B5A4..0B5A7]  :   11001111;
	[0B5A8..0B5B1]  :   11001110;
	[0B5B2..0B5B4]  :   11001101;
	[0B5B5..0B5B6]  :   11001110;
	0B5B7  :   11001111;
	[0B5B8..0B5D1]  :   11001110;
	0B5D2  :   11001101;
	0B5D3  :   11001110;
	[0B5D4..0B5D6]  :   11001111;
	0B5D7  :   11001110;
	0B5D8  :   11001101;
	0B5D9  :   11001100;
	0B5DA  :   11001011;
	0B5DB  :   11001100;
	0B5DC  :   11001101;
	0B5DD  :   11001100;
	0B5DE  :   11001011;
	[0B5DF..0B5E0]  :   11001010;
	0B5E1  :   11000110;
	0B5E2  :   10000101;
	0B5E3  :   01011010;
	0B5E4  :   01010010;
	0B5E5  :   01010011;
	0B5E6  :   01000000;
	0B5E7  :   00011101;
	0B5E8  :   00011011;
	0B5E9  :   00101000;
	0B5EA  :   00110111;
	0B5EB  :   00101101;
	0B5EC  :   00100110;
	0B5ED  :   00100001;
	0B5EE  :   01000011;
	0B5EF  :   10101001;
	0B5F0  :   11001111;
	0B5F1  :   11001011;
	[0B5F2..0B5F4]  :   11001101;
	0B5F5  :   11001111;
	[0B5F6..0B5F7]  :   11001110;
	[0B5F8..0B5FC]  :   11001111;
	[0B5FD..0B60D]  :   11010000;
	[0B60E..0B60F]  :   11010001;
	[0B610..0B611]  :   11010000;
	[0B612..0B615]  :   11010001;
	[0B616..0B617]  :   11010010;
	[0B618..0B619]  :   11010001;
	[0B61A..0B61F]  :   11010010;
	[0B620..0B623]  :   11010011;
	[0B624..0B627]  :   11010100;
	[0B628..0B62D]  :   11010101;
	[0B62E..0B630]  :   11010110;
	[0B631..0B634]  :   11010111;
	[0B635..0B639]  :   11011000;
	[0B63A..0B63C]  :   11011001;
	[0B63D..0B640]  :   11011010;
	[0B641..0B642]  :   11011011;
	0B643  :   11011010;
	[0B644..0B645]  :   11011011;
	[0B646..0B647]  :   11011100;
	0B648  :   11011101;
	[0B649..0B64C]  :   11011100;
	[0B64D..0B651]  :   11011101;
	[0B652..0B654]  :   11011110;
	[0B655..0B65C]  :   11011111;
	[0B65D..0B662]  :   11100000;
	[0B663..0B668]  :   11100001;
	[0B669..0B670]  :   11100010;
	[0B671..0B677]  :   11100011;
	0B678  :   11100010;
	[0B679..0B67A]  :   11100011;
	[0B67B..0B67F]  :   11100010;
	[0B680..0B681]  :   11011001;
	[0B682..0B687]  :   11011010;
	[0B688..0B69C]  :   11011011;
	[0B69D..0B6A3]  :   11011010;
	[0B6A4..0B6AB]  :   11011001;
	[0B6AC..0B6B3]  :   11011000;
	[0B6B4..0B6B5]  :   11010111;
	[0B6B6..0B6B9]  :   11010110;
	[0B6BA..0B6BE]  :   11010101;
	0B6BF  :   11010100;
	[0B6C0..0B6C2]  :   11010101;
	[0B6C3..0B6C9]  :   11010100;
	[0B6CA..0B6CD]  :   11010011;
	0B6CE  :   11010010;
	0B6CF  :   11010001;
	[0B6D0..0B6D3]  :   11010010;
	[0B6D4..0B6D6]  :   11010001;
	0B6D7  :   11010000;
	0B6D8  :   11010001;
	[0B6D9..0B6DA]  :   11010000;
	[0B6DB..0B6DC]  :   11001111;
	[0B6DD..0B6DE]  :   11010000;
	0B6DF  :   11010001;
	[0B6E0..0B6E1]  :   11010000;
	[0B6E2..0B6E3]  :   11001111;
	[0B6E4..0B6EE]  :   11001110;
	[0B6EF..0B70F]  :   11001101;
	0B710  :   11001110;
	[0B711..0B713]  :   11001101;
	[0B714..0B715]  :   11001110;
	0B716  :   11001101;
	0B717  :   11001011;
	0B718  :   11001110;
	0B719  :   11001101;
	0B71A  :   11001100;
	[0B71B..0B71D]  :   11001101;
	0B71E  :   11001011;
	0B71F  :   11001010;
	0B720  :   11001001;
	0B721  :   11000110;
	0B722  :   10110101;
	0B723  :   10101010;
	0B724  :   10100111;
	0B725  :   10101010;
	0B726  :   10011001;
	0B727  :   01101010;
	0B728  :   00110001;
	0B729  :   00100101;
	0B72A  :   00111000;
	0B72B  :   00111001;
	0B72C  :   00110001;
	0B72D  :   00100010;
	0B72E  :   00110000;
	0B72F  :   10000010;
	0B730  :   11001001;
	[0B731..0B732]  :   11001011;
	0B733  :   11001100;
	[0B734..0B735]  :   11001101;
	[0B736..0B73A]  :   11001110;
	[0B73B..0B74A]  :   11001111;
	[0B74B..0B752]  :   11010000;
	[0B753..0B755]  :   11010001;
	[0B756..0B757]  :   11010010;
	[0B758..0B75A]  :   11010001;
	[0B75B..0B762]  :   11010010;
	[0B763..0B766]  :   11010011;
	[0B767..0B76B]  :   11010100;
	[0B76C..0B770]  :   11010101;
	[0B771..0B774]  :   11010110;
	[0B775..0B779]  :   11010111;
	[0B77A..0B77B]  :   11011000;
	[0B77C..0B77F]  :   11011001;
	[0B780..0B784]  :   11011010;
	[0B785..0B787]  :   11011011;
	0B788  :   11011100;
	[0B789..0B78B]  :   11011011;
	0B78C  :   11011100;
	[0B78D..0B791]  :   11011101;
	[0B792..0B794]  :   11011110;
	[0B795..0B79D]  :   11011111;
	[0B79E..0B7A2]  :   11100000;
	[0B7A3..0B7AA]  :   11100001;
	[0B7AB..0B7BB]  :   11100010;
	[0B7BC..0B7BE]  :   11100001;
	0B7BF  :   11100010;
	[0B7C0..0B7C3]  :   11011001;
	[0B7C4..0B7CB]  :   11011010;
	[0B7CC..0B7DA]  :   11011011;
	[0B7DB..0B7DE]  :   11011010;
	0B7DF  :   11011001;
	[0B7E0..0B7E2]  :   11011010;
	[0B7E3..0B7E4]  :   11011001;
	0B7E5  :   11011000;
	[0B7E6..0B7E7]  :   11011001;
	[0B7E8..0B7F3]  :   11011000;
	[0B7F4..0B7F5]  :   11010111;
	[0B7F6..0B7F9]  :   11010110;
	[0B7FA..0B7FE]  :   11010101;
	0B7FF  :   11010100;
	[0B800..0B802]  :   11010101;
	[0B803..0B809]  :   11010100;
	[0B80A..0B80D]  :   11010011;
	0B80E  :   11010010;
	[0B80F..0B810]  :   11010001;
	[0B811..0B812]  :   11010010;
	[0B813..0B816]  :   11010001;
	[0B817..0B819]  :   11010000;
	[0B81A..0B81D]  :   11001111;
	[0B81E..0B821]  :   11010000;
	0B822  :   11001111;
	[0B823..0B82D]  :   11001110;
	[0B82E..0B836]  :   11001101;
	0B837  :   11001100;
	[0B838..0B83D]  :   11001101;
	[0B83E..0B83F]  :   11001100;
	[0B840..0B851]  :   11001101;
	[0B852..0B853]  :   11001100;
	[0B854..0B855]  :   11001101;
	0B856  :   11001100;
	0B857  :   11001011;
	0B858  :   11001100;
	[0B859..0B85B]  :   11001101;
	0B85C  :   11001011;
	[0B85D..0B85E]  :   11001010;
	0B85F  :   11001100;
	0B860  :   11001010;
	0B861  :   11001011;
	0B862  :   11001101;
	0B863  :   11001100;
	0B864  :   11001101;
	0B865  :   11001100;
	0B866  :   11001001;
	0B867  :   10111010;
	0B868  :   10000010;
	0B869  :   01001001;
	0B86A  :   00110110;
	0B86B  :   00111010;
	0B86C  :   00110000;
	0B86D  :   00100100;
	0B86E  :   00101100;
	0B86F  :   01011101;
	0B870  :   10111011;
	[0B871..0B872]  :   11001011;
	[0B873..0B874]  :   11001100;
	0B875  :   11001011;
	0B876  :   11001101;
	0B877  :   11001111;
	0B878  :   11001101;
	[0B879..0B87F]  :   11001110;
	[0B880..0B88B]  :   11001111;
	[0B88C..0B894]  :   11010000;
	[0B895..0B89A]  :   11010001;
	[0B89B..0B8A1]  :   11010010;
	[0B8A2..0B8A5]  :   11010011;
	[0B8A6..0B8AC]  :   11010100;
	[0B8AD..0B8B3]  :   11010101;
	[0B8B4..0B8B8]  :   11010110;
	[0B8B9..0B8BB]  :   11010111;
	[0B8BC..0B8BD]  :   11011000;
	[0B8BE..0B8C0]  :   11011001;
	[0B8C1..0B8C4]  :   11011010;
	[0B8C5..0B8CB]  :   11011011;
	[0B8CC..0B8CD]  :   11011100;
	[0B8CE..0B8D3]  :   11011101;
	[0B8D4..0B8D7]  :   11011110;
	[0B8D8..0B8DD]  :   11011111;
	[0B8DE..0B8E2]  :   11100000;
	[0B8E3..0B8EB]  :   11100001;
	[0B8EC..0B8FA]  :   11100010;
	[0B8FB..0B8FF]  :   11100001;
	[0B900..0B904]  :   11011001;
	[0B905..0B91D]  :   11011010;
	[0B91E..0B923]  :   11011001;
	[0B924..0B926]  :   11011000;
	0B927  :   11011001;
	[0B928..0B92C]  :   11011000;
	[0B92D..0B935]  :   11010111;
	[0B936..0B939]  :   11010110;
	[0B93A..0B941]  :   11010101;
	[0B942..0B948]  :   11010100;
	[0B949..0B94C]  :   11010011;
	[0B94D..0B94E]  :   11010010;
	[0B94F..0B950]  :   11010001;
	0B951  :   11010010;
	[0B952..0B953]  :   11010001;
	0B954  :   11010000;
	0B955  :   11010001;
	[0B956..0B95A]  :   11010000;
	[0B95B..0B962]  :   11001111;
	[0B963..0B96D]  :   11001110;
	[0B96E..0B975]  :   11001101;
	[0B976..0B977]  :   11001100;
	[0B978..0B97C]  :   11001101;
	[0B97D..0B98F]  :   11001100;
	0B990  :   11001011;
	[0B991..0B995]  :   11001100;
	0B996  :   11001101;
	0B997  :   11001110;
	0B998  :   11001010;
	[0B999..0B99B]  :   11001011;
	[0B99C..0B99D]  :   11001010;
	0B99E  :   11001011;
	0B99F  :   11001101;
	0B9A0  :   11001100;
	[0B9A1..0B9A2]  :   11001010;
	0B9A3  :   11000101;
	0B9A4  :   11001000;
	0B9A5  :   11000100;
	0B9A6  :   11000110;
	0B9A7  :   11001100;
	0B9A8  :   11001001;
	0B9A9  :   10001001;
	0B9AA  :   00111110;
	0B9AB  :   00101111;
	0B9AC  :   00110001;
	0B9AD  :   00101010;
	0B9AE  :   00101100;
	0B9AF  :   01000101;
	0B9B0  :   10101001;
	[0B9B1..0B9B2]  :   11001011;
	0B9B3  :   11001010;
	[0B9B4..0B9B5]  :   11001100;
	0B9B6  :   11001101;
	0B9B7  :   11001110;
	[0B9B8..0B9BA]  :   11001101;
	[0B9BB..0B9C7]  :   11001110;
	[0B9C8..0B9CF]  :   11001111;
	[0B9D0..0B9D7]  :   11010000;
	[0B9D8..0B9DC]  :   11010001;
	[0B9DD..0B9E2]  :   11010010;
	[0B9E3..0B9E6]  :   11010011;
	[0B9E7..0B9ED]  :   11010100;
	[0B9EE..0B9EF]  :   11010101;
	0B9F0  :   11010100;
	[0B9F1..0B9F4]  :   11010101;
	[0B9F5..0B9F9]  :   11010110;
	[0B9FA..0B9FB]  :   11010111;
	[0B9FC..0B9FE]  :   11011000;
	[0B9FF..0BA00]  :   11011001;
	[0BA01..0BA02]  :   11011010;
	0BA03  :   11011001;
	0BA04  :   11011010;
	[0BA05..0BA0B]  :   11011011;
	[0BA0C..0BA0D]  :   11011100;
	[0BA0E..0BA0F]  :   11011101;
	0BA10  :   11011100;
	[0BA11..0BA14]  :   11011101;
	[0BA15..0BA18]  :   11011110;
	[0BA19..0BA21]  :   11011111;
	[0BA22..0BA23]  :   11100000;
	[0BA24..0BA26]  :   11100001;
	[0BA27..0BA29]  :   11100000;
	[0BA2A..0BA37]  :   11100001;
	[0BA38..0BA39]  :   11100010;
	[0BA3A..0BA3F]  :   11100001;
	[0BA40..0BA41]  :   11011000;
	[0BA42..0BA46]  :   11011001;
	[0BA47..0BA5B]  :   11011010;
	[0BA5C..0BA62]  :   11011001;
	[0BA63..0BA66]  :   11011000;
	0BA67  :   11011001;
	[0BA68..0BA6A]  :   11011000;
	[0BA6B..0BA70]  :   11010111;
	[0BA71..0BA78]  :   11010110;
	[0BA79..0BA7E]  :   11010101;
	[0BA7F..0BA83]  :   11010100;
	[0BA84..0BA89]  :   11010011;
	[0BA8A..0BA8D]  :   11010010;
	[0BA8E..0BA92]  :   11010001;
	[0BA93..0BA96]  :   11010000;
	[0BA97..0BA9C]  :   11001111;
	[0BA9D..0BA9E]  :   11001110;
	0BA9F  :   11001101;
	[0BAA0..0BAAC]  :   11001110;
	[0BAAD..0BAB4]  :   11001101;
	[0BAB5..0BABC]  :   11001100;
	[0BABD..0BAD0]  :   11001011;
	[0BAD1..0BAD3]  :   11001100;
	[0BAD4..0BAD5]  :   11001010;
	0BAD6  :   11001011;
	0BAD7  :   11001100;
	0BAD8  :   11001101;
	0BAD9  :   11001011;
	0BADA  :   11001010;
	0BADB  :   11001011;
	[0BADC..0BADD]  :   11001100;
	0BADE  :   11001011;
	0BADF  :   11001010;
	0BAE0  :   11001011;
	0BAE1  :   11001000;
	0BAE2  :   11001010;
	0BAE3  :   11000110;
	0BAE4  :   11001010;
	[0BAE5..0BAE6]  :   11001000;
	0BAE7  :   11000111;
	0BAE8  :   11001011;
	0BAE9  :   10110000;
	0BAEA  :   01011101;
	0BAEB  :   00110001;
	0BAEC  :   00101100;
	0BAED  :   00100111;
	0BAEE  :   00110000;
	0BAEF  :   00111111;
	0BAF0  :   10010000;
	0BAF1  :   11001010;
	0BAF2  :   11001011;
	0BAF3  :   11001000;
	[0BAF4..0BAF6]  :   11001100;
	0BAF7  :   11001011;
	[0BAF8..0BAFA]  :   11001100;
	[0BAFB..0BB07]  :   11001101;
	[0BB08..0BB0F]  :   11001110;
	[0BB10..0BB11]  :   11010000;
	[0BB12..0BB17]  :   11001111;
	[0BB18..0BB1D]  :   11010000;
	[0BB1E..0BB22]  :   11010001;
	[0BB23..0BB27]  :   11010010;
	[0BB28..0BB2B]  :   11010011;
	[0BB2C..0BB32]  :   11010100;
	[0BB33..0BB37]  :   11010101;
	[0BB38..0BB3B]  :   11010110;
	[0BB3C..0BB3D]  :   11010111;
	[0BB3E..0BB40]  :   11011000;
	[0BB41..0BB44]  :   11011001;
	[0BB45..0BB49]  :   11011010;
	[0BB4A..0BB4C]  :   11011011;
	[0BB4D..0BB4E]  :   11011100;
	[0BB4F..0BB54]  :   11011101;
	[0BB55..0BB59]  :   11011110;
	[0BB5A..0BB61]  :   11011111;
	[0BB62..0BB63]  :   11100000;
	0BB64  :   11100001;
	[0BB65..0BB6A]  :   11100000;
	[0BB6B..0BB77]  :   11100001;
	0BB78  :   11100010;
	[0BB79..0BB7E]  :   11100001;
	0BB7F  :   11100000;
	[0BB80..0BB85]  :   11011000;
	[0BB86..0BB9D]  :   11011001;
	[0BB9E..0BBA3]  :   11011000;
	[0BBA4..0BBA5]  :   11010111;
	[0BBA6..0BBA9]  :   11011000;
	[0BBAA..0BBB1]  :   11010111;
	[0BBB2..0BBB3]  :   11010110;
	[0BBB4..0BBB5]  :   11010101;
	[0BBB6..0BBB7]  :   11010110;
	0BBB8  :   11010101;
	[0BBB9..0BBBF]  :   11010100;
	[0BBC0..0BBC3]  :   11010011;
	[0BBC4..0BBC8]  :   11010010;
	[0BBC9..0BBCD]  :   11010001;
	[0BBCE..0BBD2]  :   11010000;
	[0BBD3..0BBD6]  :   11001111;
	[0BBD7..0BBDD]  :   11001110;
	[0BBDE..0BBE1]  :   11001101;
	[0BBE2..0BBE5]  :   11001110;
	[0BBE6..0BBEB]  :   11001101;
	[0BBEC..0BBF3]  :   11001100;
	[0BBF4..0BBFC]  :   11001011;
	[0BBFD..0BBFE]  :   11001010;
	0BBFF  :   11001001;
	[0BC00..0BC0F]  :   11001010;
	[0BC10..0BC13]  :   11001011;
	[0BC14..0BC17]  :   11001001;
	0BC18  :   11001010;
	[0BC19..0BC1A]  :   11001001;
	0BC1B  :   11001011;
	0BC1C  :   11001101;
	0BC1D  :   11001100;
	0BC1E  :   11001010;
	[0BC1F..0BC21]  :   11001001;
	0BC22  :   11001100;
	[0BC23..0BC26]  :   11001011;
	0BC27  :   11000100;
	0BC28  :   11001101;
	0BC29  :   10111011;
	0BC2A  :   01101101;
	0BC2B  :   00101001;
	0BC2C  :   00100110;
	0BC2D  :   00101011;
	0BC2E  :   00101110;
	0BC2F  :   00101011;
	0BC30  :   01101001;
	0BC31  :   11000000;
	0BC32  :   11001011;
	0BC33  :   11000111;
	[0BC34..0BC35]  :   11001011;
	[0BC36..0BC37]  :   11001010;
	[0BC38..0BC3A]  :   11001011;
	[0BC3B..0BC47]  :   11001100;
	[0BC48..0BC4F]  :   11001101;
	[0BC50..0BC56]  :   11001110;
	[0BC57..0BC5C]  :   11001111;
	[0BC5D..0BC61]  :   11010000;
	[0BC62..0BC65]  :   11010001;
	[0BC66..0BC6A]  :   11010010;
	[0BC6B..0BC71]  :   11010011;
	[0BC72..0BC75]  :   11010100;
	[0BC76..0BC7A]  :   11010101;
	[0BC7B..0BC7D]  :   11010110;
	[0BC7E..0BC80]  :   11010111;
	[0BC81..0BC84]  :   11011000;
	0BC85  :   11011001;
	0BC86  :   11011010;
	[0BC87..0BC88]  :   11011001;
	[0BC89..0BC8A]  :   11011010;
	0BC8B  :   11011011;
	0BC8C  :   11011010;
	[0BC8D..0BC8E]  :   11011011;
	[0BC8F..0BC94]  :   11011100;
	0BC95  :   11011101;
	[0BC96..0BC97]  :   11011110;
	[0BC98..0BC99]  :   11011101;
	[0BC9A..0BC9F]  :   11011110;
	[0BCA0..0BCA1]  :   11011111;
	[0BCA2..0BCB6]  :   11100000;
	[0BCB7..0BCB8]  :   11100001;
	[0BCB9..0BCBF]  :   11100000;
	[0BCC0..0BCC4]  :   11010111;
	[0BCC5..0BCCF]  :   11011000;
	[0BCD0..0BCD7]  :   11011001;
	[0BCD8..0BCE2]  :   11011000;
	[0BCE3..0BCE6]  :   11010111;
	[0BCE7..0BCE9]  :   11011000;
	[0BCEA..0BCF1]  :   11010111;
	0BCF2  :   11010110;
	[0BCF3..0BCF7]  :   11010101;
	[0BCF8..0BCF9]  :   11010100;
	[0BCFA..0BCFF]  :   11010011;
	[0BD00..0BD03]  :   11010010;
	[0BD04..0BD09]  :   11010001;
	[0BD0A..0BD0E]  :   11010000;
	[0BD0F..0BD12]  :   11001111;
	[0BD13..0BD17]  :   11001110;
	[0BD18..0BD21]  :   11001101;
	[0BD22..0BD24]  :   11001110;
	0BD25  :   11001101;
	[0BD26..0BD2C]  :   11001100;
	[0BD2D..0BD2F]  :   11001011;
	0BD30  :   11001100;
	[0BD31..0BD32]  :   11001011;
	[0BD33..0BD35]  :   11001010;
	[0BD36..0BD37]  :   11001011;
	[0BD38..0BD3C]  :   11001010;
	[0BD3D..0BD3E]  :   11001001;
	0BD3F  :   11001000;
	[0BD40..0BD42]  :   11001001;
	[0BD43..0BD44]  :   11001010;
	[0BD45..0BD4D]  :   11001001;
	[0BD4E..0BD4F]  :   11001010;
	[0BD50..0BD51]  :   11001001;
	[0BD52..0BD53]  :   11001010;
	[0BD54..0BD56]  :   11001011;
	0BD57  :   11001010;
	0BD58  :   11000001;
	0BD59  :   11000011;
	0BD5A  :   11000111;
	0BD5B  :   11001010;
	0BD5C  :   11001011;
	[0BD5D..0BD5E]  :   11001010;
	[0BD5F..0BD60]  :   11001011;
	0BD61  :   11001100;
	0BD62  :   11001011;
	[0BD63..0BD66]  :   11001001;
	0BD67  :   11000111;
	0BD68  :   11001001;
	0BD69  :   11000101;
	0BD6A  :   10000111;
	0BD6B  :   00101101;
	0BD6C  :   00100011;
	0BD6D  :   00100010;
	0BD6E  :   00100100;
	0BD6F  :   00100111;
	0BD70  :   01000111;
	0BD71  :   10110101;
	0BD72  :   11001100;
	0BD73  :   11001000;
	0BD74  :   11001010;
	0BD75  :   11001000;
	0BD76  :   11001001;
	0BD77  :   11001100;
	[0BD78..0BD7A]  :   11001010;
	[0BD7B..0BD87]  :   11001011;
	[0BD88..0BD8F]  :   11001100;
	[0BD90..0BD94]  :   11001101;
	[0BD95..0BD96]  :   11001110;
	[0BD97..0BD9C]  :   11001111;
	[0BD9D..0BDA2]  :   11010000;
	[0BDA3..0BDA8]  :   11010001;
	[0BDA9..0BDAF]  :   11010010;
	[0BDB0..0BDB3]  :   11010011;
	[0BDB4..0BDB7]  :   11010100;
	[0BDB8..0BDBC]  :   11010101;
	[0BDBD..0BDC0]  :   11010110;
	[0BDC1..0BDC4]  :   11010111;
	[0BDC5..0BDC7]  :   11011001;
	0BDC8  :   11011000;
	0BDC9  :   11011001;
	[0BDCA..0BDCE]  :   11011010;
	[0BDCF..0BDD3]  :   11011011;
	[0BDD4..0BDD5]  :   11011100;
	[0BDD6..0BDDC]  :   11011101;
	[0BDDD..0BDDE]  :   11011110;
	0BDDF  :   11011111;
	[0BDE0..0BDE1]  :   11011110;
	[0BDE2..0BDE3]  :   11011111;
	0BDE4  :   11100000;
	[0BDE5..0BDE8]  :   11011111;
	[0BDE9..0BDF9]  :   11100000;
	[0BDFA..0BDFC]  :   11011111;
	0BDFD  :   11100000;
	[0BDFE..0BDFF]  :   11011111;
	[0BE00..0BE04]  :   11010110;
	[0BE05..0BE08]  :   11010111;
	[0BE09..0BE0C]  :   11011000;
	0BE0D  :   11010111;
	[0BE0E..0BE16]  :   11011000;
	0BE17  :   11010111;
	[0BE18..0BE19]  :   11011000;
	[0BE1A..0BE1D]  :   11011001;
	[0BE1E..0BE21]  :   11011000;
	[0BE22..0BE26]  :   11010111;
	0BE27  :   11010110;
	[0BE28..0BE2A]  :   11010111;
	[0BE2B..0BE2D]  :   11010110;
	[0BE2E..0BE30]  :   11010101;
	[0BE31..0BE32]  :   11010110;
	[0BE33..0BE34]  :   11010101;
	[0BE35..0BE36]  :   11010100;
	0BE37  :   11010011;
	[0BE38..0BE41]  :   11010010;
	[0BE42..0BE46]  :   11010001;
	[0BE47..0BE4A]  :   11010000;
	[0BE4B..0BE4D]  :   11001111;
	[0BE4E..0BE57]  :   11001110;
	[0BE58..0BE5F]  :   11001101;
	[0BE60..0BE67]  :   11001100;
	0BE68  :   11001011;
	[0BE69..0BE72]  :   11001010;
	[0BE73..0BE75]  :   11001001;
	[0BE76..0BE77]  :   11001010;
	[0BE78..0BE7E]  :   11001001;
	0BE7F  :   11001000;
	[0BE80..0BE81]  :   11001001;
	[0BE82..0BE83]  :   11001010;
	[0BE84..0BE8F]  :   11001001;
	0BE90  :   11001010;
	0BE91  :   11000101;
	[0BE92..0BE93]  :   11001011;
	0BE94  :   11001010;
	0BE95  :   11000111;
	0BE96  :   11001111;
	0BE97  :   10111110;
	0BE98  :   10011101;
	0BE99  :   10101010;
	[0BE9A..0BE9B]  :   11000111;
	0BE9C  :   11001100;
	0BE9D  :   11001011;
	[0BE9E..0BEA2]  :   11001010;
	[0BEA3..0BEA4]  :   11001011;
	0BEA5  :   11001001;
	[0BEA6..0BEA7]  :   11001000;
	0BEA8  :   11000110;
	0BEA9  :   11001000;
	0BEAA  :   10011111;
	0BEAB  :   00111100;
	0BEAC  :   00011101;
	0BEAD  :   00100110;
	0BEAE  :   00100010;
	0BEAF  :   00011111;
	0BEB0  :   00110100;
	0BEB1  :   10011010;
	0BEB2  :   11000110;
	0BEB3  :   11001001;
	0BEB4  :   11000111;
	0BEB5  :   11001011;
	0BEB6  :   11001000;
	0BEB7  :   11001011;
	0BEB8  :   11001010;
	0BEB9  :   11001001;
	0BEBA  :   11001010;
	0BEBB  :   11001011;
	[0BEBC..0BEBD]  :   11001100;
	[0BEBE..0BECB]  :   11001011;
	[0BECC..0BECD]  :   11001100;
	[0BECE..0BED1]  :   11001011;
	[0BED2..0BED3]  :   11001100;
	[0BED4..0BED6]  :   11001101;
	0BED7  :   11001110;
	0BED8  :   11001101;
	[0BED9..0BEDE]  :   11001110;
	[0BEDF..0BEE3]  :   11001111;
	[0BEE4..0BEE9]  :   11010000;
	0BEEA  :   11010001;
	0BEEB  :   11010010;
	0BEEC  :   11010001;
	0BEED  :   11010000;
	0BEEE  :   11010001;
	[0BEEF..0BEF2]  :   11010010;
	[0BEF3..0BEF5]  :   11010011;
	0BEF6  :   11010100;
	0BEF7  :   11010101;
	0BEF8  :   11010011;
	0BEF9  :   11010100;
	[0BEFA..0BEFB]  :   11010101;
	[0BEFC..0BEFD]  :   11010100;
	0BEFE  :   11010101;
	0BEFF  :   11010110;
	[0BF00..0BF01]  :   11010101;
	[0BF02..0BF03]  :   11010110;
	0BF04  :   11010111;
	[0BF05..0BF08]  :   11011000;
	[0BF09..0BF0E]  :   11011001;
	[0BF0F..0BF14]  :   11011010;
	0BF15  :   11011011;
	[0BF16..0BF1A]  :   11011100;
	[0BF1B..0BF20]  :   11011101;
	[0BF21..0BF23]  :   11011110;
	[0BF24..0BF28]  :   11011111;
	[0BF29..0BF37]  :   11100000;
	0BF38  :   11011110;
	[0BF39..0BF3D]  :   11011111;
	[0BF3E..0BF3F]  :   11011110;
	[0BF40..0BF45]  :   11010110;
	[0BF46..0BF48]  :   11010111;
	[0BF49..0BF4E]  :   11011000;
	0BF4F  :   11011001;
	[0BF50..0BF60]  :   11011000;
	[0BF61..0BF66]  :   11010111;
	[0BF67..0BF6C]  :   11010110;
	[0BF6D..0BF72]  :   11010101;
	[0BF73..0BF76]  :   11010100;
	0BF77  :   11010011;
	[0BF78..0BF7F]  :   11010010;
	[0BF80..0BF81]  :   11010001;
	[0BF82..0BF85]  :   11010000;
	[0BF86..0BF8A]  :   11001111;
	[0BF8B..0BF90]  :   11001110;
	[0BF91..0BF92]  :   11001101;
	0BF93  :   11001110;
	[0BF94..0BF95]  :   11001101;
	0BF96  :   11001100;
	[0BF97..0BF99]  :   11001101;
	[0BF9A..0BFA1]  :   11001100;
	[0BFA2..0BFA8]  :   11001011;
	[0BFA9..0BFB1]  :   11001010;
	[0BFB2..0BFBC]  :   11001001;
	[0BFBD..0BFBF]  :   11001000;
	[0BFC0..0BFC7]  :   11001001;
	[0BFC8..0BFCF]  :   11001000;
	0BFD0  :   11001010;
	0BFD1  :   11001000;
	0BFD2  :   11001100;
	[0BFD3..0BFD4]  :   11001000;
	0BFD5  :   11001010;
	0BFD6  :   11001100;
	0BFD7  :   10110110;
	0BFD8  :   01111110;
	0BFD9  :   01111010;
	0BFDA  :   10110110;
	0BFDB  :   11001011;
	0BFDC  :   11000101;
	0BFDD  :   11001001;
	0BFDE  :   11001011;
	0BFDF  :   11001001;
	0BFE0  :   11001010;
	0BFE1  :   11001001;
	[0BFE2..0BFE4]  :   11001010;
	0BFE5  :   11001001;
	[0BFE6..0BFE7]  :   11001000;
	0BFE8  :   11000100;
	0BFE9  :   11001110;
	0BFEA  :   10101111;
	0BFEB  :   01010110;
	0BFEC  :   00011111;
	0BFED  :   00100111;
	0BFEE  :   00100000;
	0BFEF  :   00100011;
	0BFF0  :   00100100;
	0BFF1  :   01111001;
	0BFF2  :   10111111;
	0BFF3  :   11000111;
	[0BFF4..0BFF5]  :   11001000;
	0BFF6  :   11000011;
	0BFF7  :   11001011;
	0BFF8  :   11001010;
	[0BFF9..0BFFA]  :   11001001;
	0BFFB  :   11001010;
	0BFFC  :   11001011;
	[0BFFD..0BFFF]  :   11001010;
	0C000  :   11001011;
	[0C001..0C003]  :   11001010;
	[0C004..0C009]  :   11001011;
	0C00A  :   11001010;
	[0C00B..0C00C]  :   11001011;
	[0C00D..0C00E]  :   11001100;
	0C00F  :   11001011;
	[0C010..0C014]  :   11001100;
	[0C015..0C01D]  :   11001101;
	0C01E  :   11001110;
	0C01F  :   11001111;
	[0C020..0C025]  :   11001110;
	[0C026..0C028]  :   11001111;
	0C029  :   11010000;
	[0C02A..0C02C]  :   11010001;
	0C02D  :   11010000;
	0C02E  :   11010001;
	[0C02F..0C036]  :   11010010;
	0C037  :   11010011;
	[0C038..0C03D]  :   11010100;
	[0C03E..0C03F]  :   11010101;
	0C040  :   11010100;
	0C041  :   11010101;
	[0C042..0C044]  :   11010110;
	[0C045..0C048]  :   11010111;
	[0C049..0C04D]  :   11011000;
	[0C04E..0C052]  :   11011001;
	[0C053..0C054]  :   11011010;
	[0C055..0C059]  :   11011011;
	[0C05A..0C05B]  :   11011100;
	[0C05C..0C05F]  :   11011101;
	[0C060..0C067]  :   11011110;
	[0C068..0C06F]  :   11011111;
	[0C070..0C071]  :   11100000;
	[0C072..0C076]  :   11011111;
	0C077  :   11011110;
	[0C078..0C07D]  :   11011111;
	[0C07E..0C07F]  :   11011110;
	0C080  :   11010101;
	0C081  :   11010110;
	0C082  :   11010111;
	[0C083..0C085]  :   11010110;
	0C086  :   11010111;
	0C087  :   11011000;
	[0C088..0C08B]  :   11010111;
	[0C08C..0C08F]  :   11011000;
	[0C090..0C092]  :   11010111;
	[0C093..0C094]  :   11011000;
	[0C095..0C0A0]  :   11010111;
	[0C0A1..0C0A6]  :   11010110;
	[0C0A7..0C0AB]  :   11010101;
	[0C0AC..0C0B2]  :   11010100;
	[0C0B3..0C0B5]  :   11010011;
	[0C0B6..0C0B7]  :   11010010;
	[0C0B8..0C0C0]  :   11010001;
	[0C0C1..0C0C2]  :   11010000;
	[0C0C3..0C0C6]  :   11001111;
	[0C0C7..0C0D0]  :   11001110;
	[0C0D1..0C0D4]  :   11001101;
	[0C0D5..0C0DB]  :   11001100;
	[0C0DC..0C0E2]  :   11001011;
	[0C0E3..0C0E8]  :   11001010;
	[0C0E9..0C0F1]  :   11001001;
	[0C0F2..0C0FB]  :   11001000;
	[0C0FC..0C103]  :   11000111;
	[0C104..0C106]  :   11001000;
	0C107  :   11000111;
	[0C108..0C110]  :   11001000;
	0C111  :   11000111;
	0C112  :   11001010;
	0C113  :   11000110;
	0C114  :   11000111;
	0C115  :   11001010;
	0C116  :   11001100;
	0C117  :   10111001;
	0C118  :   01101110;
	0C119  :   01000110;
	0C11A  :   10010000;
	0C11B  :   11000111;
	0C11C  :   11000100;
	0C11D  :   11000111;
	0C11E  :   11001011;
	0C11F  :   11001001;
	[0C120..0C122]  :   11001000;
	[0C123..0C124]  :   11001001;
	0C125  :   11001000;
	0C126  :   11000111;
	0C127  :   11001000;
	0C128  :   11000011;
	0C129  :   11001010;
	0C12A  :   10110111;
	0C12B  :   01101001;
	0C12C  :   00100001;
	0C12D  :   00100111;
	0C12E  :   00100001;
	0C12F  :   00100100;
	0C130  :   00011010;
	0C131  :   01010001;
	0C132  :   10110100;
	0C133  :   11000100;
	0C134  :   11000110;
	0C135  :   11001001;
	0C136  :   11000011;
	[0C137..0C138]  :   11001010;
	[0C139..0C13B]  :   11001001;
	0C13C  :   11001010;
	[0C13D..0C13F]  :   11001001;
	0C140  :   11001010;
	[0C141..0C143]  :   11001001;
	[0C144..0C147]  :   11001010;
	0C148  :   11001011;
	[0C149..0C14B]  :   11001010;
	[0C14C..0C152]  :   11001011;
	[0C153..0C159]  :   11001100;
	[0C15A..0C15E]  :   11001101;
	[0C15F..0C160]  :   11001110;
	[0C161..0C163]  :   11001101;
	[0C164..0C167]  :   11001110;
	[0C168..0C169]  :   11001111;
	0C16A  :   11010000;
	0C16B  :   11010001;
	[0C16C..0C16E]  :   11010000;
	0C16F  :   11010010;
	[0C170..0C174]  :   11010001;
	0C175  :   11010000;
	0C176  :   11010001;
	0C177  :   11010010;
	0C178  :   11010011;
	[0C179..0C17B]  :   11010010;
	[0C17C..0C17D]  :   11010011;
	[0C17E..0C180]  :   11010100;
	0C181  :   11010101;
	0C182  :   11010110;
	[0C183..0C185]  :   11010101;
	[0C186..0C188]  :   11010110;
	[0C189..0C18D]  :   11010111;
	[0C18E..0C192]  :   11011000;
	[0C193..0C195]  :   11011001;
	[0C196..0C19A]  :   11011010;
	0C19B  :   11011011;
	[0C19C..0C19F]  :   11011100;
	[0C1A0..0C1A7]  :   11011101;
	[0C1A8..0C1AF]  :   11011110;
	0C1B0  :   11011111;
	[0C1B1..0C1B4]  :   11011110;
	[0C1B5..0C1B7]  :   11011101;
	[0C1B8..0C1BC]  :   11011110;
	[0C1BD..0C1BE]  :   11011101;
	0C1BF  :   11011100;
	0C1C0  :   11010100;
	0C1C1  :   11010101;
	[0C1C2..0C1C3]  :   11010110;
	[0C1C4..0C1C5]  :   11010101;
	0C1C6  :   11010110;
	0C1C7  :   11010111;
	0C1C8  :   11010110;
	[0C1C9..0C1CB]  :   11010101;
	[0C1CC..0C1D3]  :   11010110;
	0C1D4  :   11010111;
	[0C1D5..0C1D9]  :   11010110;
	[0C1DA..0C1DD]  :   11010101;
	[0C1DE..0C1DF]  :   11010110;
	[0C1E0..0C1E1]  :   11010101;
	0C1E2  :   11010100;
	[0C1E3..0C1E5]  :   11010101;
	[0C1E6..0C1E7]  :   11010100;
	[0C1E8..0C1EF]  :   11010011;
	0C1F0  :   11010010;
	[0C1F1..0C1F2]  :   11010011;
	0C1F3  :   11010010;
	[0C1F4..0C1F6]  :   11010001;
	[0C1F7..0C200]  :   11010000;
	[0C201..0C205]  :   11001111;
	0C206  :   11001110;
	0C207  :   11001101;
	[0C208..0C20A]  :   11001110;
	[0C20B..0C20C]  :   11001101;
	[0C20D..0C210]  :   11001100;
	[0C211..0C212]  :   11001011;
	[0C213..0C214]  :   11001100;
	[0C215..0C21A]  :   11001011;
	[0C21B..0C21F]  :   11001010;
	[0C220..0C224]  :   11001001;
	[0C225..0C22A]  :   11001000;
	[0C22B..0C22D]  :   11000111;
	[0C22E..0C22F]  :   11001000;
	[0C230..0C232]  :   11000111;
	[0C233..0C23C]  :   11000110;
	[0C23D..0C243]  :   11000101;
	[0C244..0C246]  :   11000110;
	0C247  :   11000101;
	[0C248..0C24F]  :   11000110;
	0C250  :   11000111;
	0C251  :   11000100;
	0C252  :   11000111;
	[0C253..0C254]  :   11000110;
	0C255  :   11000101;
	0C256  :   11001010;
	0C257  :   11000110;
	0C258  :   01111100;
	0C259  :   00101100;
	0C25A  :   01010100;
	0C25B  :   10100110;
	0C25C  :   11000100;
	0C25D  :   11000110;
	0C25E  :   11001000;
	0C25F  :   11000110;
	[0C260..0C264]  :   11000111;
	[0C265..0C267]  :   11000110;
	0C268  :   11000100;
	0C269  :   11000011;
	0C26A  :   10111101;
	0C26B  :   01111000;
	0C26C  :   00100111;
	0C26D  :   00100011;
	[0C26E..0C26F]  :   00100001;
	0C270  :   00011100;
	0C271  :   00110101;
	0C272  :   10100010;
	0C273  :   11000011;
	0C274  :   11000010;
	0C275  :   11001000;
	0C276  :   11000111;
	0C277  :   11000101;
	0C278  :   11001001;
	[0C279..0C27C]  :   11001000;
	0C27D  :   11000111;
	[0C27E..0C281]  :   11001000;
	0C282  :   11000111;
	[0C283..0C287]  :   11001000;
	0C288  :   11001001;
	[0C289..0C28B]  :   11001000;
	[0C28C..0C28E]  :   11001001;
	0C28F  :   11001000;
	[0C290..0C298]  :   11001010;
	[0C299..0C29D]  :   11001011;
	[0C29E..0C29F]  :   11001100;
	[0C2A0..0C2A9]  :   11001101;
	0C2AA  :   11001110;
	[0C2AB..0C2AC]  :   11001111;
	0C2AD  :   11001110;
	0C2AE  :   11001111;
	0C2AF  :   11010000;
	[0C2B0..0C2B2]  :   11001111;
	[0C2B3..0C2B6]  :   11010000;
	[0C2B7..0C2B8]  :   11010001;
	[0C2B9..0C2BB]  :   11010000;
	0C2BC  :   11010010;
	[0C2BD..0C2BE]  :   11010011;
	[0C2BF..0C2C0]  :   11010010;
	0C2C1  :   11010100;
	0C2C2  :   11010101;
	[0C2C3..0C2C5]  :   11010100;
	[0C2C6..0C2C9]  :   11010101;
	[0C2CA..0C2CD]  :   11010110;
	[0C2CE..0C2D3]  :   11010111;
	[0C2D4..0C2D7]  :   11011000;
	[0C2D8..0C2DA]  :   11011001;
	[0C2DB..0C2DD]  :   11011010;
	[0C2DE..0C2E4]  :   11011011;
	[0C2E5..0C2E9]  :   11011100;
	[0C2EA..0C2ED]  :   11011011;
	[0C2EE..0C2EF]  :   11011100;
	[0C2F0..0C2F1]  :   11011011;
	[0C2F2..0C2F3]  :   11011100;
	[0C2F4..0C2FC]  :   11011011;
	[0C2FD..0C2FE]  :   11011010;
	0C2FF  :   11011001;
	0C300  :   11010011;
	[0C301..0C306]  :   11010100;
	0C307  :   11010101;
	0C308  :   11010110;
	[0C309..0C30D]  :   11010101;
	[0C30E..0C310]  :   11010100;
	[0C311..0C318]  :   11010101;
	[0C319..0C31A]  :   11010100;
	[0C31B..0C31C]  :   11010011;
	[0C31D..0C31E]  :   11010100;
	0C31F  :   11010101;
	[0C320..0C321]  :   11010100;
	0C322  :   11010011;
	[0C323..0C325]  :   11010100;
	[0C326..0C327]  :   11010011;
	[0C328..0C32F]  :   11010010;
	0C330  :   11010001;
	0C331  :   11010010;
	0C332  :   11010001;
	[0C333..0C336]  :   11010000;
	[0C337..0C33A]  :   11001111;
	[0C33B..0C340]  :   11001110;
	[0C341..0C345]  :   11001101;
	[0C346..0C34A]  :   11001100;
	[0C34B..0C34C]  :   11001011;
	[0C34D..0C34F]  :   11001010;
	[0C350..0C359]  :   11001001;
	[0C35A..0C35C]  :   11001000;
	[0C35D..0C363]  :   11000111;
	[0C364..0C366]  :   11000110;
	0C367  :   11000101;
	[0C368..0C369]  :   11000110;
	[0C36A..0C373]  :   11000101;
	[0C374..0C378]  :   11000100;
	[0C379..0C383]  :   11000011;
	[0C384..0C38F]  :   11000100;
	0C390  :   11000111;
	0C391  :   11000011;
	0C392  :   11000110;
	0C393  :   11000101;
	0C394  :   11000100;
	0C395  :   11000001;
	0C396  :   11000101;
	0C397  :   11001001;
	0C398  :   10010000;
	0C399  :   00111011;
	0C39A  :   00101111;
	0C39B  :   10000010;
	0C39C  :   11000001;
	0C39D  :   11000101;
	0C39E  :   11000110;
	0C39F  :   11000101;
	[0C3A0..0C3A3]  :   11000110;
	0C3A4  :   11000101;
	[0C3A5..0C3A6]  :   11000100;
	0C3A7  :   11000101;
	[0C3A8..0C3A9]  :   11000010;
	0C3AA  :   11000101;
	0C3AB  :   10001101;
	0C3AC  :   00101100;
	[0C3AD..0C3B0]  :   00011110;
	0C3B1  :   00100011;
	0C3B2  :   10000110;
	0C3B3  :   11000010;
	0C3B4  :   11000000;
	0C3B5  :   11000011;
	0C3B6  :   11000110;
	0C3B7  :   11000010;
	0C3B8  :   11000110;
	[0C3B9..0C3BA]  :   11000101;
	[0C3BB..0C3BC]  :   11000110;
	0C3BD  :   11000101;
	[0C3BE..0C3C1]  :   11000110;
	[0C3C2..0C3C4]  :   11000101;
	0C3C5  :   11000110;
	[0C3C6..0C3C7]  :   11000101;
	0C3C8  :   11000110;
	[0C3C9..0C3CB]  :   11000101;
	[0C3CC..0C3CF]  :   11000110;
	[0C3D0..0C3D3]  :   11000111;
	[0C3D4..0C3DB]  :   11001000;
	[0C3DC..0C3DF]  :   11001001;
	[0C3E0..0C3E5]  :   11001010;
	[0C3E6..0C3EA]  :   11001011;
	[0C3EB..0C3EE]  :   11001100;
	[0C3EF..0C3F1]  :   11001101;
	0C3F2  :   11001110;
	[0C3F3..0C3F6]  :   11001111;
	[0C3F7..0C3F8]  :   11010000;
	[0C3F9..0C3FA]  :   11001111;
	0C3FB  :   11010000;
	0C3FC  :   11010001;
	0C3FD  :   11010010;
	0C3FE  :   11010001;
	[0C3FF..0C400]  :   11010000;
	0C401  :   11010001;
	[0C402..0C403]  :   11010010;
	0C404  :   11010001;
	0C405  :   11010010;
	[0C406..0C408]  :   11010011;
	0C409  :   11010100;
	[0C40A..0C411]  :   11010101;
	[0C412..0C416]  :   11010110;
	0C417  :   11010111;
	[0C418..0C41F]  :   11011000;
	[0C420..0C423]  :   11010111;
	[0C424..0C42A]  :   11011000;
	[0C42B..0C42E]  :   11010111;
	0C42F  :   11011000;
	[0C430..0C437]  :   11010111;
	[0C438..0C43E]  :   11010110;
	0C43F  :   11010101;
	0C440  :   11010010;
	0C441  :   11010011;
	[0C442..0C443]  :   11010100;
	[0C444..0C445]  :   11010011;
	[0C446..0C447]  :   11010100;
	[0C448..0C449]  :   11010101;
	[0C44A..0C44C]  :   11010100;
	[0C44D..0C452]  :   11010011;
	[0C453..0C454]  :   11010100;
	[0C455..0C458]  :   11010011;
	[0C459..0C45E]  :   11010010;
	0C45F  :   11010011;
	[0C460..0C465]  :   11010010;
	[0C466..0C46B]  :   11010001;
	[0C46C..0C46F]  :   11010000;
	0C470  :   11001111;
	0C471  :   11010000;
	0C472  :   11001111;
	[0C473..0C476]  :   11001110;
	[0C477..0C47A]  :   11001101;
	[0C47B..0C47F]  :   11001100;
	[0C480..0C481]  :   11001011;
	[0C482..0C486]  :   11001010;
	[0C487..0C48C]  :   11001001;
	[0C48D..0C490]  :   11001000;
	[0C491..0C494]  :   11000111;
	[0C495..0C49A]  :   11000110;
	[0C49B..0C49F]  :   11000101;
	[0C4A0..0C4A5]  :   11000100;
	[0C4A6..0C4A9]  :   11000011;
	[0C4AA..0C4B3]  :   11000010;
	[0C4B4..0C4C3]  :   11000001;
	[0C4C4..0C4C7]  :   11000010;
	[0C4C8..0C4CF]  :   11000001;
	0C4D0  :   11000010;
	0C4D1  :   11000001;
	0C4D2  :   11000010;
	0C4D3  :   11000000;
	0C4D4  :   11000001;
	0C4D5  :   11000010;
	0C4D6  :   11000000;
	0C4D7  :   11000001;
	0C4D8  :   10111001;
	0C4D9  :   10001010;
	0C4DA  :   01100110;
	0C4DB  :   10010100;
	0C4DC  :   11000101;
	0C4DD  :   11000011;
	0C4DE  :   11000001;
	0C4DF  :   11000000;
	[0C4E0..0C4E1]  :   11000011;
	[0C4E2..0C4E3]  :   11000100;
	0C4E4  :   11000011;
	[0C4E5..0C4E6]  :   11000001;
	0C4E7  :   11000010;
	0C4E8  :   11000000;
	0C4E9  :   11000001;
	0C4EA  :   11000010;
	0C4EB  :   10011000;
	0C4EC  :   00101100;
	[0C4ED..0C4EE]  :   00011010;
	0C4EF  :   00011100;
	0C4F0  :   00011101;
	0C4F1  :   00011010;
	0C4F2  :   01100010;
	0C4F3  :   10111000;
	0C4F4  :   11000010;
	0C4F5  :   10111101;
	[0C4F6..0C4F7]  :   11000010;
	[0C4F8..0C4FA]  :   11000011;
	[0C4FB..0C4FC]  :   11000100;
	0C4FD  :   11000011;
	0C4FE  :   11000100;
	[0C4FF..0C500]  :   11000101;
	[0C501..0C506]  :   11000100;
	[0C507..0C50B]  :   11000011;
	0C50C  :   11000100;
	[0C50D..0C513]  :   11000101;
	[0C514..0C517]  :   11000110;
	0C518  :   11000111;
	[0C519..0C51C]  :   11000110;
	[0C51D..0C51F]  :   11000111;
	0C520  :   11001000;
	[0C521..0C524]  :   11000111;
	[0C525..0C526]  :   11001000;
	0C527  :   11001001;
	[0C528..0C52A]  :   11001000;
	[0C52B..0C52D]  :   11001001;
	0C52E  :   11001010;
	0C52F  :   11001011;
	[0C530..0C531]  :   11001010;
	[0C532..0C536]  :   11001011;
	0C537  :   11001100;
	0C538  :   11001101;
	0C539  :   11001100;
	[0C53A..0C53B]  :   11001101;
	0C53C  :   11001110;
	0C53D  :   11001111;
	[0C53E..0C53F]  :   11001110;
	0C540  :   11001100;
	[0C541..0C544]  :   11001110;
	0C545  :   11001111;
	[0C546..0C547]  :   11010000;
	0C548  :   11001111;
	0C549  :   11010000;
	[0C54A..0C54F]  :   11010001;
	[0C550..0C552]  :   11010010;
	[0C553..0C557]  :   11010011;
	[0C558..0C559]  :   11010100;
	[0C55A..0C562]  :   11010011;
	0C563  :   11010010;
	[0C564..0C567]  :   11010011;
	0C568  :   11010100;
	[0C569..0C573]  :   11010011;
	[0C574..0C575]  :   11010010;
	[0C576..0C577]  :   11010001;
	0C578  :   11010000;
	[0C579..0C57C]  :   11010001;
	[0C57D..0C57F]  :   11010000;
	0C580  :   11010001;
	[0C581..0C58B]  :   11010010;
	[0C58C..0C58F]  :   11010001;
	[0C590..0C591]  :   11010000;
	[0C592..0C595]  :   11010001;
	[0C596..0C599]  :   11010000;
	[0C59A..0C59D]  :   11001111;
	[0C59E..0C59F]  :   11010000;
	[0C5A0..0C5A5]  :   11001111;
	0C5A6  :   11001110;
	[0C5A7..0C5AD]  :   11001101;
	[0C5AE..0C5B2]  :   11001100;
	[0C5B3..0C5B6]  :   11001011;
	[0C5B7..0C5B8]  :   11001010;
	[0C5B9..0C5BC]  :   11001001;
	[0C5BD..0C5C1]  :   11001000;
	[0C5C2..0C5C3]  :   11000111;
	[0C5C4..0C5C5]  :   11001000;
	[0C5C6..0C5C7]  :   11000111;
	[0C5C8..0C5CC]  :   11000110;
	[0C5CD..0C5D0]  :   11000101;
	[0C5D1..0C5D4]  :   11000100;
	0C5D5  :   11000011;
	0C5D6  :   11000010;
	[0C5D7..0C5D8]  :   11000011;
	[0C5D9..0C5DB]  :   11000010;
	[0C5DC..0C5DD]  :   11000001;
	[0C5DE..0C5DF]  :   11000010;
	[0C5E0..0C5E5]  :   11000001;
	[0C5E6..0C5E7]  :   11000000;
	[0C5E8..0C5EA]  :   10111111;
	[0C5EB..0C5F4]  :   10111110;
	[0C5F5..0C605]  :   10111101;
	[0C606..0C60F]  :   10111110;
	0C610  :   10111100;
	0C611  :   10111101;
	0C612  :   10111110;
	0C613  :   10111011;
	0C614  :   10111110;
	0C615  :   11000001;
	[0C616..0C617]  :   10111100;
	0C618  :   10111101;
	0C619  :   10110101;
	0C61A  :   10011110;
	0C61B  :   10100011;
	0C61C  :   10110100;
	0C61D  :   10111001;
	0C61E  :   10111110;
	0C61F  :   10111111;
	0C620  :   10111110;
	0C621  :   10111111;
	[0C622..0C623]  :   11000000;
	0C624  :   10111111;
	[0C625..0C626]  :   10111110;
	0C627  :   10111111;
	0C628  :   10111101;
	0C629  :   10111100;
	0C62A  :   10111001;
	0C62B  :   10011000;
	0C62C  :   00101111;
	0C62D  :   00010101;
	0C62E  :   00011001;
	0C62F  :   00011010;
	0C630  :   00011011;
	0C631  :   00011001;
	0C632  :   00111101;
	0C633  :   10011010;
	0C634  :   10111111;
	0C635  :   10111100;
	0C636  :   10111101;
	0C637  :   11000001;
	0C638  :   10111111;
	[0C639..0C63A]  :   11000000;
	[0C63B..0C63C]  :   11000001;
	[0C63D..0C63E]  :   11000000;
	[0C63F..0C641]  :   11000001;
	[0C642..0C643]  :   11000000;
	[0C644..0C647]  :   11000001;
	[0C648..0C64B]  :   11000000;
	[0C64C..0C652]  :   11000001;
	[0C653..0C657]  :   11000010;
	0C658  :   11000011;
	[0C659..0C65F]  :   11000010;
	[0C660..0C664]  :   11000011;
	[0C665..0C666]  :   11000100;
	0C667  :   11000101;
	0C668  :   11000100;
	[0C669..0C66A]  :   11000011;
	[0C66B..0C66D]  :   11000100;
	0C66E  :   11000101;
	0C66F  :   11000110;
	[0C670..0C671]  :   11000101;
	[0C672..0C674]  :   11000110;
	[0C675..0C676]  :   11000101;
	0C677  :   11000110;
	[0C678..0C679]  :   11000111;
	[0C67A..0C681]  :   11001000;
	0C682  :   11001001;
	[0C683..0C684]  :   11001000;
	0C685  :   11001001;
	[0C686..0C68E]  :   11001010;
	[0C68F..0C692]  :   11001011;
	[0C693..0C697]  :   11001100;
	[0C698..0C699]  :   11001101;
	[0C69A..0C6A4]  :   11001100;
	[0C6A5..0C6A7]  :   11001101;
	[0C6A8..0C6AA]  :   11001110;
	[0C6AB..0C6AE]  :   11001101;
	[0C6AF..0C6B1]  :   11001100;
	[0C6B2..0C6B3]  :   11001101;
	[0C6B4..0C6B5]  :   11001100;
	[0C6B6..0C6BB]  :   11001011;
	[0C6BC..0C6BD]  :   11001010;
	[0C6BE..0C6BF]  :   11001001;
	0C6C0  :   11001111;
	[0C6C1..0C6C7]  :   11010000;
	[0C6C8..0C6CB]  :   11001111;
	[0C6CC..0C6CE]  :   11001110;
	0C6CF  :   11001111;
	[0C6D0..0C6D6]  :   11001110;
	[0C6D7..0C6DF]  :   11001101;
	[0C6E0..0C6E5]  :   11001100;
	0C6E6  :   11001011;
	[0C6E7..0C6EC]  :   11001010;
	[0C6ED..0C6F2]  :   11001001;
	0C6F3  :   11001000;
	0C6F4  :   11000111;
	[0C6F5..0C6F6]  :   11001000;
	0C6F7  :   11000111;
	[0C6F8..0C6FB]  :   11000110;
	[0C6FC..0C701]  :   11000101;
	[0C702..0C703]  :   11000100;
	[0C704..0C705]  :   11000101;
	[0C706..0C708]  :   11000100;
	[0C709..0C70A]  :   11000011;
	[0C70B..0C70C]  :   11000010;
	[0C70D..0C710]  :   11000001;
	[0C711..0C714]  :   11000000;
	[0C715..0C716]  :   10111111;
	0C717  :   11000000;
	[0C718..0C71A]  :   10111110;
	[0C71B..0C71D]  :   10111101;
	[0C71E..0C71F]  :   10111110;
	[0C720..0C726]  :   10111101;
	[0C727..0C729]  :   10111100;
	[0C72A..0C72C]  :   10111011;
	[0C72D..0C72F]  :   10111010;
	[0C730..0C732]  :   10111011;
	[0C733..0C736]  :   10111010;
	0C737  :   10111001;
	[0C738..0C73F]  :   10111010;
	[0C740..0C746]  :   10111001;
	[0C747..0C750]  :   10111010;
	0C751  :   10111011;
	0C752  :   10111100;
	0C753  :   10111001;
	0C754  :   10111011;
	0C755  :   10111101;
	0C756  :   10110111;
	0C757  :   10111011;
	0C758  :   10111000;
	0C759  :   10111011;
	0C75A  :   10110000;
	0C75B  :   10011011;
	0C75C  :   10011000;
	0C75D  :   10101100;
	0C75E  :   10111000;
	[0C75F..0C761]  :   10111010;
	0C762  :   10111100;
	0C763  :   10111101;
	0C764  :   10111100;
	[0C765..0C766]  :   10111011;
	0C767  :   10111100;
	0C768  :   10111010;
	0C769  :   10111000;
	0C76A  :   10111011;
	0C76B  :   10011010;
	0C76C  :   00110111;
	0C76D  :   00010010;
	0C76E  :   00011000;
	0C76F  :   00010110;
	0C770  :   00011001;
	0C771  :   00011010;
	0C772  :   00100001;
	0C773  :   01111010;
	0C774  :   10111000;
	0C775  :   10111101;
	0C776  :   10111001;
	0C777  :   10111101;
	[0C778..0C779]  :   10111100;
	0C77A  :   10111101;
	[0C77B..0C77C]  :   10111110;
	[0C77D..0C77E]  :   10111100;
	0C77F  :   10111101;
	[0C780..0C783]  :   10111100;
	[0C784..0C789]  :   10111101;
	[0C78A..0C78B]  :   10111100;
	0C78C  :   10111101;
	[0C78D..0C78F]  :   10111100;
	[0C790..0C797]  :   10111101;
	[0C798..0C799]  :   10111110;
	[0C79A..0C79F]  :   10111101;
	[0C7A0..0C7A5]  :   10111110;
	0C7A6  :   10111111;
	0C7A7  :   11000000;
	0C7A8  :   10111111;
	[0C7A9..0C7AA]  :   10111110;
	[0C7AB..0C7AE]  :   10111111;
	[0C7AF..0C7B1]  :   11000000;
	0C7B2  :   11000001;
	0C7B3  :   11000010;
	[0C7B4..0C7B8]  :   11000001;
	0C7B9  :   11000010;
	0C7BA  :   11000011;
	0C7BB  :   11000010;
	[0C7BC..0C7BD]  :   11000001;
	0C7BE  :   11000010;
	[0C7BF..0C7C4]  :   11000011;
	[0C7C5..0C7C7]  :   11000100;
	[0C7C8..0C7CA]  :   11000101;
	[0C7CB..0C7CD]  :   11000100;
	0C7CE  :   11000101;
	0C7CF  :   11000110;
	[0C7D0..0C7D7]  :   11000101;
	[0C7D8..0C7DA]  :   11000111;
	0C7DB  :   11000110;
	[0C7DC..0C7DF]  :   11000111;
	[0C7E0..0C7E3]  :   11000110;
	[0C7E4..0C7E5]  :   11000111;
	0C7E6  :   11001000;
	0C7E7  :   11001001;
	[0C7E8..0C7ED]  :   11001000;
	[0C7EE..0C7EF]  :   11000111;
	[0C7F0..0C7F1]  :   11000110;
	[0C7F2..0C7F6]  :   11000111;
	0C7F7  :   11000110;
	[0C7F8..0C7FA]  :   11000111;
	[0C7FB..0C7FC]  :   11000110;
	[0C7FD..0C7FE]  :   11000101;
	0C7FF  :   11000100;
	0C800  :   11001011;
	0C801  :   11001100;
	[0C802..0C806]  :   11001101;
	0C807  :   11001110;
	[0C808..0C80C]  :   11001100;
	[0C80D..0C815]  :   11001011;
	[0C816..0C81E]  :   11001010;
	[0C81F..0C823]  :   11001001;
	[0C824..0C82B]  :   11001000;
	[0C82C..0C82E]  :   11000111;
	[0C82F..0C830]  :   11000110;
	[0C831..0C832]  :   11000101;
	[0C833..0C837]  :   11000100;
	[0C838..0C83A]  :   11000011;
	[0C83B..0C83C]  :   11000010;
	[0C83D..0C83E]  :   11000011;
	0C83F  :   11000010;
	[0C840..0C843]  :   11000001;
	[0C844..0C846]  :   11000000;
	[0C847..0C849]  :   10111111;
	[0C84A..0C84B]  :   10111110;
	[0C84C..0C84F]  :   10111101;
	[0C850..0C851]  :   10111100;
	0C852  :   10111101;
	0C853  :   10111100;
	[0C854..0C856]  :   10111011;
	[0C857..0C858]  :   10111100;
	[0C859..0C85A]  :   10111011;
	[0C85B..0C85F]  :   10111010;
	[0C860..0C866]  :   10111001;
	0C867  :   10111010;
	[0C868..0C86A]  :   10111000;
	[0C86B..0C86C]  :   10110111;
	0C86D  :   10111000;
	[0C86E..0C86F]  :   10111001;
	0C870  :   10110111;
	[0C871..0C873]  :   10111000;
	[0C874..0C877]  :   10110111;
	0C878  :   10110101;
	0C879  :   10110111;
	0C87A  :   10111000;
	0C87B  :   10110111;
	0C87C  :   10110110;
	0C87D  :   10110111;
	[0C87E..0C87F]  :   10110110;
	0C880  :   10110111;
	[0C881..0C888]  :   10110110;
	0C889  :   10110111;
	0C88A  :   10111000;
	[0C88B..0C88C]  :   10110111;
	[0C88D..0C88E]  :   10110110;
	0C88F  :   10110111;
	0C890  :   10111000;
	0C891  :   10110111;
	0C892  :   10110110;
	0C893  :   10110101;
	0C894  :   10110100;
	0C895  :   10110011;
	0C896  :   10110101;
	0C897  :   10111000;
	0C898  :   10110110;
	0C899  :   10110010;
	0C89A  :   10101001;
	0C89B  :   10010110;
	0C89C  :   01111111;
	0C89D  :   10001110;
	0C89E  :   10100101;
	0C89F  :   10101101;
	0C8A0  :   10111000;
	0C8A1  :   10110110;
	0C8A2  :   10111000;
	0C8A3  :   10111001;
	0C8A4  :   10110111;
	0C8A5  :   10111000;
	0C8A6  :   10111010;
	0C8A7  :   10111000;
	[0C8A8..0C8A9]  :   10110110;
	0C8AA  :   10111000;
	0C8AB  :   10100011;
	0C8AC  :   01001000;
	0C8AD  :   00001111;
	0C8AE  :   00010110;
	0C8AF  :   00011000;
	0C8B0  :   00011010;
	0C8B1  :   00011001;
	0C8B2  :   00010110;
	0C8B3  :   01100000;
	0C8B4  :   10101101;
	0C8B5  :   10111000;
	0C8B6  :   10111001;
	[0C8B7..0C8B8]  :   10111000;
	[0C8B9..0C8BA]  :   10111001;
	0C8BB  :   10111010;
	[0C8BC..0C8BF]  :   10111001;
	0C8C0  :   10111010;
	[0C8C1..0C8C7]  :   10111001;
	[0C8C8..0C8CB]  :   10111000;
	[0C8CC..0C8CF]  :   10110111;
	[0C8D0..0C8D3]  :   10111000;
	[0C8D4..0C8D7]  :   10111001;
	0C8D8  :   10111010;
	0C8D9  :   10111001;
	[0C8DA..0C8DB]  :   10110111;
	0C8DC  :   10111000;
	0C8DD  :   10111001;
	[0C8DE..0C8E1]  :   10111000;
	[0C8E2..0C8E4]  :   10111001;
	[0C8E5..0C8E6]  :   10111000;
	[0C8E7..0C8E8]  :   10111010;
	0C8E9  :   10111001;
	0C8EA  :   10111000;
	[0C8EB..0C8EC]  :   10111001;
	[0C8ED..0C8EF]  :   10111010;
	0C8F0  :   10111011;
	[0C8F1..0C8F2]  :   10111010;
	[0C8F3..0C8F7]  :   10111011;
	0C8F8  :   10111101;
	[0C8F9..0C8FA]  :   10111011;
	0C8FB  :   10111100;
	0C8FC  :   10111101;
	[0C8FD..0C8FE]  :   10111100;
	0C8FF  :   10111101;
	[0C900..0C904]  :   10111100;
	0C905  :   10111101;
	0C906  :   10111110;
	0C907  :   10111101;
	[0C908..0C909]  :   10111110;
	0C90A  :   10111111;
	0C90B  :   10111110;
	[0C90C..0C90F]  :   10111101;
	[0C910..0C911]  :   10111110;
	0C912  :   10111101;
	[0C913..0C916]  :   10111111;
	[0C917..0C918]  :   10111110;
	0C919  :   10111111;
	[0C91A..0C91C]  :   11000000;
	[0C91D..0C91F]  :   11000001;
	0C920  :   11000000;
	0C921  :   10111110;
	0C922  :   10111111;
	0C923  :   11000000;
	[0C924..0C926]  :   11000001;
	[0C927..0C929]  :   11000010;
	[0C92A..0C92E]  :   11000001;
	0C92F  :   11000000;
	0C930  :   11000001;
	[0C931..0C932]  :   11000000;
	[0C933..0C937]  :   11000001;
	[0C938..0C93A]  :   11000010;
	0C93B  :   11000001;
	0C93C  :   10111111;
	[0C93D..0C93F]  :   10111110;
	0C940  :   11001001;
	[0C941..0C944]  :   11001010;
	0C945  :   11001001;
	[0C946..0C947]  :   11001010;
	[0C948..0C951]  :   11001001;
	[0C952..0C955]  :   11001010;
	[0C956..0C958]  :   11001001;
	[0C959..0C95C]  :   11001000;
	[0C95D..0C962]  :   11000111;
	[0C963..0C965]  :   11000110;
	[0C966..0C967]  :   11000101;
	[0C968..0C96F]  :   11000100;
	0C970  :   11000011;
	[0C971..0C972]  :   11000010;
	[0C973..0C975]  :   11000001;
	0C976  :   11000000;
	0C977  :   11000001;
	[0C978..0C979]  :   11000000;
	[0C97A..0C97E]  :   10111111;
	0C97F  :   10111110;
	0C980  :   10111101;
	[0C981..0C982]  :   10111110;
	[0C983..0C985]  :   10111101;
	0C986  :   10111100;
	[0C987..0C989]  :   10111011;
	[0C98A..0C98C]  :   10111010;
	0C98D  :   10111001;
	[0C98E..0C98F]  :   10111010;
	[0C990..0C993]  :   10111001;
	[0C994..0C999]  :   10111000;
	[0C99A..0C99D]  :   10110111;
	[0C99E..0C9A2]  :   10110110;
	[0C9A3..0C9A7]  :   10110101;
	[0C9A8..0C9AA]  :   10110100;
	[0C9AB..0C9B3]  :   10110011;
	[0C9B4..0C9B7]  :   10110010;
	0C9B8  :   10110001;
	[0C9B9..0C9BA]  :   10110011;
	[0C9BB..0C9BE]  :   10110010;
	0C9BF  :   10110001;
	[0C9C0..0C9C3]  :   10110010;
	[0C9C4..0C9C8]  :   10110001;
	[0C9C9..0C9D0]  :   10110010;
	0C9D1  :   10110001;
	[0C9D2..0C9D3]  :   10110010;
	[0C9D4..0C9D5]  :   10110001;
	0C9D6  :   10110010;
	0C9D7  :   10110100;
	0C9D8  :   10101110;
	0C9D9  :   10110010;
	0C9DA  :   10101011;
	0C9DB  :   10001000;
	0C9DC  :   01100100;
	0C9DD  :   01100010;
	0C9DE  :   01101010;
	0C9DF  :   10100001;
	0C9E0  :   10110011;
	0C9E1  :   10110001;
	0C9E2  :   10110010;
	0C9E3  :   10110011;
	0C9E4  :   10110010;
	[0C9E5..0C9E6]  :   10110011;
	0C9E7  :   10110001;
	0C9E8  :   10110010;
	0C9E9  :   10110001;
	0C9EA  :   10110101;
	0C9EB  :   10100011;
	0C9EC  :   01001111;
	0C9ED  :   00010001;
	0C9EE  :   00010101;
	0C9EF  :   00010110;
	0C9F0  :   00011010;
	0C9F1  :   00011001;
	0C9F2  :   00010000;
	0C9F3  :   01001110;
	0C9F4  :   10100001;
	[0C9F5..0C9F6]  :   10110010;
	0C9F7  :   10110001;
	[0C9F8..0C9FA]  :   10110011;
	[0C9FB..0C9FF]  :   10110100;
	[0CA00..0CA01]  :   10110011;
	[0CA02..0CA03]  :   10110010;
	[0CA04..0CA09]  :   10110011;
	0CA0A  :   10110010;
	[0CA0B..0CA0E]  :   10110001;
	0CA0F  :   10110000;
	0CA10  :   10110010;
	[0CA11..0CA13]  :   10110001;
	0CA14  :   10110010;
	[0CA15..0CA16]  :   10110011;
	0CA17  :   10110010;
	[0CA18..0CA19]  :   10110011;
	[0CA1A..0CA1B]  :   10110010;
	0CA1C  :   10110011;
	0CA1D  :   10110010;
	0CA1E  :   10110001;
	[0CA1F..0CA20]  :   10110000;
	0CA21  :   10110001;
	[0CA22..0CA23]  :   10110010;
	0CA24  :   10110001;
	0CA25  :   10110000;
	0CA26  :   10101111;
	0CA27  :   10110000;
	[0CA28..0CA29]  :   10110001;
	[0CA2A..0CA2B]  :   10110010;
	[0CA2C..0CA2D]  :   10110011;
	[0CA2E..0CA2F]  :   10110010;
	[0CA30..0CA32]  :   10110000;
	0CA33  :   10110001;
	[0CA34..0CA35]  :   10110010;
	0CA36  :   10110011;
	[0CA37..0CA38]  :   10110100;
	[0CA39..0CA3A]  :   10110011;
	0CA3B  :   10110100;
	0CA3C  :   10110101;
	0CA3D  :   10110100;
	[0CA3E..0CA3F]  :   10110011;
	0CA40  :   10110100;
	[0CA41..0CA42]  :   10110101;
	[0CA43..0CA46]  :   10110100;
	[0CA47..0CA48]  :   10110011;
	0CA49  :   10110100;
	0CA4A  :   10110110;
	0CA4B  :   10110111;
	[0CA4C..0CA4E]  :   10110110;
	[0CA4F..0CA50]  :   10110111;
	[0CA51..0CA52]  :   10110110;
	0CA53  :   10110111;
	[0CA54..0CA56]  :   10111000;
	0CA57  :   10111001;
	[0CA58..0CA59]  :   10111010;
	0CA5A  :   10111000;
	0CA5B  :   10110101;
	0CA5C  :   10110011;
	0CA5D  :   10110100;
	0CA5E  :   10110110;
	0CA5F  :   10111000;
	0CA60  :   10111010;
	[0CA61..0CA62]  :   10111001;
	[0CA63..0CA64]  :   10111010;
	[0CA65..0CA69]  :   10111011;
	0CA6A  :   10111010;
	0CA6B  :   10111001;
	0CA6C  :   10111010;
	0CA6D  :   10111100;
	0CA6E  :   10111101;
	0CA6F  :   10111100;
	[0CA70..0CA71]  :   10111011;
	0CA72  :   10111100;
	[0CA73..0CA76]  :   10111101;
	0CA77  :   10111110;
	0CA78  :   10111101;
	[0CA79..0CA7A]  :   10111100;
	0CA7B  :   10111011;
	0CA7C  :   10111010;
	0CA7D  :   10111001;
	[0CA7E..0CA7F]  :   10111000;
	[0CA80..0CA84]  :   11000111;
	[0CA85..0CA86]  :   11000110;
	[0CA87..0CA8E]  :   11000111;
	[0CA8F..0CA91]  :   11000110;
	[0CA92..0CA97]  :   11000111;
	[0CA98..0CA99]  :   11000110;
	[0CA9A..0CA9B]  :   11000101;
	[0CA9C..0CAA2]  :   11000100;
	[0CAA3..0CAA5]  :   11000011;
	[0CAA6..0CAA7]  :   11000010;
	[0CAA8..0CAAC]  :   11000001;
	[0CAAD..0CAAF]  :   11000000;
	[0CAB0..0CAB1]  :   10111111;
	[0CAB2..0CAB3]  :   10111110;
	[0CAB4..0CAB7]  :   10111101;
	[0CAB8..0CABA]  :   10111100;
	0CABB  :   10111011;
	[0CABC..0CABD]  :   10111100;
	0CABE  :   10111011;
	0CABF  :   10111010;
	0CAC0  :   10111001;
	[0CAC1..0CAC2]  :   10111010;
	[0CAC3..0CAC5]  :   10111001;
	0CAC6  :   10111000;
	[0CAC7..0CACA]  :   10110111;
	[0CACB..0CACF]  :   10110110;
	[0CAD0..0CAD3]  :   10110101;
	[0CAD4..0CAD7]  :   10110100;
	[0CAD8..0CADB]  :   10110011;
	[0CADC..0CADD]  :   10110010;
	[0CADE..0CAE4]  :   10110001;
	[0CAE5..0CAE6]  :   10110000;
	0CAE7  :   10101111;
	0CAE8  :   10110000;
	[0CAE9..0CAED]  :   10101111;
	0CAEE  :   10101110;
	0CAEF  :   10101101;
	[0CAF0..0CAF1]  :   10101110;
	[0CAF2..0CAF4]  :   10101101;
	[0CAF5..0CAF7]  :   10101110;
	0CAF8  :   10101101;
	[0CAF9..0CAFA]  :   10101110;
	[0CAFB..0CAFE]  :   10101101;
	0CAFF  :   10101100;
	[0CB00..0CB03]  :   10101101;
	[0CB04..0CB05]  :   10101100;
	[0CB06..0CB07]  :   10101011;
	[0CB08..0CB0B]  :   10101100;
	[0CB0C..0CB0D]  :   10101101;
	[0CB0E..0CB0F]  :   10101100;
	0CB10  :   10101011;
	[0CB11..0CB12]  :   10101100;
	0CB13  :   10101011;
	[0CB14..0CB16]  :   10101010;
	0CB17  :   10101001;
	0CB18  :   10101010;
	0CB19  :   10101111;
	0CB1A  :   10100101;
	0CB1B  :   01101111;
	0CB1C  :   00111010;
	0CB1D  :   00101111;
	0CB1E  :   00110011;
	0CB1F  :   10010100;
	[0CB20..0CB23]  :   10101010;
	[0CB24..0CB25]  :   10101011;
	[0CB26..0CB28]  :   10101001;
	0CB29  :   10100111;
	0CB2A  :   10101011;
	0CB2B  :   10011101;
	0CB2C  :   01010101;
	0CB2D  :   00010011;
	[0CB2E..0CB2F]  :   00010101;
	0CB30  :   00010111;
	0CB31  :   00011010;
	0CB32  :   00010001;
	0CB33  :   01000000;
	0CB34  :   10010101;
	0CB35  :   10101010;
	0CB36  :   10101000;
	0CB37  :   10101001;
	0CB38  :   10101010;
	[0CB39..0CB3A]  :   10101001;
	0CB3B  :   10101010;
	0CB3C  :   10101011;
	[0CB3D..0CB40]  :   10101010;
	0CB41  :   10101001;
	[0CB42..0CB45]  :   10101000;
	[0CB46..0CB48]  :   10100111;
	0CB49  :   10100110;
	[0CB4A..0CB4D]  :   10100100;
	[0CB4E..0CB51]  :   10100011;
	0CB52  :   10100100;
	0CB53  :   10100101;
	0CB54  :   10100110;
	[0CB55..0CB56]  :   10100111;
	[0CB57..0CB58]  :   10101000;
	0CB59  :   10100111;
	[0CB5A..0CB5B]  :   10100110;
	[0CB5C..0CB5F]  :   10100101;
	0CB60  :   10100100;
	0CB61  :   10100101;
	[0CB62..0CB63]  :   10100111;
	0CB64  :   10100110;
	0CB65  :   10100100;
	[0CB66..0CB68]  :   10100011;
	0CB69  :   10100101;
	[0CB6A..0CB6D]  :   10100110;
	[0CB6E..0CB71]  :   10100111;
	[0CB72..0CB73]  :   10100110;
	[0CB74..0CB75]  :   10100111;
	0CB76  :   10101001;
	[0CB77..0CB7B]  :   10101010;
	0CB7C  :   10101011;
	0CB7D  :   10101100;
	0CB7E  :   10101011;
	0CB7F  :   10101001;
	0CB80  :   10101010;
	0CB81  :   10101011;
	[0CB82..0CB85]  :   10101101;
	0CB86  :   10101100;
	[0CB87..0CB89]  :   10101011;
	0CB8A  :   10101101;
	0CB8B  :   10101111;
	0CB8C  :   10101110;
	[0CB8D..0CB8E]  :   10101011;
	0CB8F  :   10101101;
	[0CB90..0CB91]  :   10101111;
	0CB92  :   10110000;
	0CB93  :   10110010;
	[0CB94..0CB97]  :   10110011;
	0CB98  :   10110100;
	0CB99  :   10110011;
	0CB9A  :   10110001;
	0CB9B  :   10101100;
	0CB9C  :   10101001;
	0CB9D  :   10101010;
	0CB9E  :   10101110;
	0CB9F  :   10110010;
	[0CBA0..0CBA2]  :   10110101;
	0CBA3  :   10110100;
	[0CBA4..0CBA6]  :   10110101;
	0CBA7  :   10110100;
	[0CBA8..0CBA9]  :   10110011;
	0CBAA  :   10110010;
	0CBAB  :   10110001;
	0CBAC  :   10110011;
	0CBAD  :   10110111;
	0CBAE  :   10111000;
	0CBAF  :   10110110;
	[0CBB0..0CBB1]  :   10110111;
	[0CBB2..0CBB4]  :   10111000;
	0CBB5  :   10110111;
	0CBB6  :   10111000;
	0CBB7  :   10111001;
	0CBB8  :   10111000;
	[0CBB9..0CBBA]  :   10110111;
	0CBBB  :   10110110;
	0CBBC  :   10110101;
	0CBBD  :   10110100;
	[0CBBE..0CBBF]  :   10110011;
	0CBC0  :   11000011;
	[0CBC1..0CBCD]  :   11000100;
	[0CBCE..0CBCF]  :   11000011;
	[0CBD0..0CBD2]  :   11000010;
	[0CBD3..0CBD8]  :   11000011;
	[0CBD9..0CBDA]  :   11000010;
	[0CBDB..0CBE1]  :   11000001;
	[0CBE2..0CBE5]  :   11000000;
	0CBE6  :   10111111;
	0CBE7  :   10111110;
	[0CBE8..0CBE9]  :   10111111;
	[0CBEA..0CBEB]  :   10111110;
	[0CBEC..0CBED]  :   10111101;
	[0CBEE..0CBF0]  :   10111100;
	[0CBF1..0CBF2]  :   10111011;
	0CBF3  :   10111010;
	[0CBF4..0CBF9]  :   10111001;
	[0CBFA..0CBFD]  :   10111000;
	0CBFE  :   10110111;
	[0CBFF..0CC00]  :   10110110;
	0CC01  :   10110111;
	0CC02  :   10110110;
	[0CC03..0CC06]  :   10110101;
	0CC07  :   10110100;
	0CC08  :   10110101;
	[0CC09..0CC0A]  :   10110100;
	[0CC0B..0CC0C]  :   10110011;
	[0CC0D..0CC12]  :   10110010;
	[0CC13..0CC17]  :   10110001;
	[0CC18..0CC1B]  :   10101111;
	0CC1C  :   10101110;
	0CC1D  :   10101101;
	[0CC1E..0CC20]  :   10101100;
	[0CC21..0CC24]  :   10101101;
	[0CC25..0CC26]  :   10101100;
	[0CC27..0CC29]  :   10101011;
	[0CC2A..0CC2B]  :   10101010;
	[0CC2C..0CC2E]  :   10101011;
	[0CC2F..0CC31]  :   10101001;
	0CC32  :   10101000;
	[0CC33..0CC34]  :   10101001;
	0CC35  :   10101010;
	[0CC36..0CC37]  :   10101001;
	0CC38  :   10101000;
	[0CC39..0CC3A]  :   10101001;
	[0CC3B..0CC3E]  :   10101000;
	0CC3F  :   10100111;
	[0CC40..0CC42]  :   10101000;
	[0CC43..0CC44]  :   10100111;
	[0CC45..0CC46]  :   10100110;
	[0CC47..0CC4E]  :   10100101;
	0CC4F  :   10100100;
	0CC50  :   10100011;
	0CC51  :   10100100;
	0CC52  :   10100011;
	[0CC53..0CC56]  :   10100001;
	0CC57  :   10011111;
	0CC58  :   10100011;
	0CC59  :   10100000;
	0CC5A  :   10010101;
	0CC5B  :   01011111;
	0CC5C  :   00100010;
	0CC5D  :   00010110;
	0CC5E  :   00101100;
	0CC5F  :   10010000;
	0CC60  :   10011111;
	0CC61  :   10100010;
	[0CC62..0CC63]  :   10100001;
	0CC64  :   10100011;
	0CC65  :   10100010;
	0CC66  :   10100001;
	0CC67  :   10100010;
	0CC68  :   10100001;
	0CC69  :   10011110;
	0CC6A  :   10100001;
	0CC6B  :   10010110;
	0CC6C  :   01011000;
	0CC6D  :   00010100;
	0CC6E  :   00010110;
	0CC6F  :   00010101;
	0CC70  :   00010011;
	0CC71  :   00011000;
	0CC72  :   00010110;
	0CC73  :   00111111;
	0CC74  :   10001110;
	0CC75  :   10100010;
	0CC76  :   10011111;
	[0CC77..0CC7C]  :   10100000;
	[0CC7D..0CC80]  :   10011111;
	0CC81  :   10011110;
	[0CC82..0CC83]  :   10011101;
	[0CC84..0CC85]  :   10011100;
	0CC86  :   10011011;
	0CC87  :   10011010;
	0CC88  :   10011001;
	0CC89  :   10011000;
	[0CC8A..0CC8B]  :   10010110;
	[0CC8C..0CC8D]  :   10010111;
	0CC8E  :   10010110;
	0CC8F  :   10010101;
	0CC90  :   10010100;
	0CC91  :   10010101;
	0CC92  :   10010111;
	0CC93  :   10011000;
	0CC94  :   10011010;
	0CC95  :   10011011;
	0CC96  :   10011100;
	0CC97  :   10011101;
	0CC98  :   10011100;
	0CC99  :   10011011;
	0CC9A  :   10011010;
	0CC9B  :   10011000;
	0CC9C  :   10010111;
	0CC9D  :   10011000;
	0CC9E  :   10011010;
	[0CC9F..0CCA0]  :   10011011;
	0CCA1  :   10011101;
	0CCA2  :   10011110;
	0CCA3  :   10011101;
	[0CCA4..0CCAC]  :   10011100;
	0CCAD  :   10011101;
	0CCAE  :   10011111;
	[0CCAF..0CCB0]  :   10100001;
	0CCB1  :   10100000;
	0CCB2  :   10011111;
	[0CCB3..0CCB4]  :   10011110;
	0CCB5  :   10100000;
	0CCB6  :   10100001;
	0CCB7  :   10100010;
	0CCB8  :   10100011;
	0CCB9  :   10100100;
	[0CCBA..0CCBB]  :   10100011;
	0CCBC  :   10100101;
	0CCBD  :   10100111;
	0CCBE  :   10100110;
	0CCBF  :   10100100;
	0CCC0  :   10100101;
	0CCC1  :   10100111;
	[0CCC2..0CCC3]  :   10101001;
	[0CCC4..0CCC5]  :   10101010;
	0CCC6  :   10101000;
	0CCC7  :   10100111;
	0CCC8  :   10100101;
	0CCC9  :   10100100;
	0CCCA  :   10100101;
	[0CCCB..0CCCC]  :   10100111;
	0CCCD  :   10100100;
	0CCCE  :   10100011;
	0CCCF  :   10100101;
	0CCD0  :   10101001;
	0CCD1  :   10101010;
	0CCD2  :   10101101;
	0CCD3  :   10101111;
	0CCD4  :   10110001;
	0CCD5  :   10110000;
	[0CCD6..0CCD9]  :   10101111;
	0CCDA  :   10101110;
	0CCDB  :   10101011;
	0CCDC  :   10101001;
	0CCDD  :   10101010;
	0CCDE  :   10101100;
	0CCDF  :   10101101;
	0CCE0  :   10110010;
	[0CCE1..0CCE2]  :   10110001;
	[0CCE3..0CCE4]  :   10110010;
	0CCE5  :   10110000;
	[0CCE6..0CCE7]  :   10101111;
	0CCE8  :   10101110;
	[0CCE9..0CCEA]  :   10110000;
	0CCEB  :   10101111;
	0CCEC  :   10110001;
	0CCED  :   10110100;
	0CCEE  :   10110101;
	0CCEF  :   10110011;
	[0CCF0..0CCF1]  :   10110100;
	[0CCF2..0CCF4]  :   10110101;
	[0CCF5..0CCF6]  :   10110100;
	[0CCF7..0CCF9]  :   10110101;
	[0CCFA..0CCFC]  :   10110100;
	0CCFD  :   10110011;
	0CCFE  :   10110010;
	0CCFF  :   10110001;
	[0CD00..0CD03]  :   10111111;
	[0CD04..0CD07]  :   11000000;
	0CD08  :   10111111;
	[0CD09..0CD0B]  :   11000000;
	[0CD0C..0CD0E]  :   10111111;
	[0CD0F..0CD11]  :   10111110;
	[0CD12..0CD18]  :   10111111;
	[0CD19..0CD20]  :   10111110;
	[0CD21..0CD23]  :   10111101;
	[0CD24..0CD26]  :   10111100;
	[0CD27..0CD2A]  :   10111011;
	[0CD2B..0CD2C]  :   10111010;
	[0CD2D..0CD2E]  :   10111001;
	[0CD2F..0CD30]  :   10111000;
	[0CD31..0CD32]  :   10110111;
	0CD33  :   10110110;
	[0CD34..0CD37]  :   10110101;
	0CD38  :   10110110;
	0CD39  :   10110101;
	0CD3A  :   10110100;
	[0CD3B..0CD3C]  :   10110011;
	[0CD3D..0CD3E]  :   10110100;
	[0CD3F..0CD41]  :   10110011;
	0CD42  :   10110010;
	0CD43  :   10110001;
	0CD44  :   10110000;
	[0CD45..0CD48]  :   10110001;
	[0CD49..0CD4B]  :   10110000;
	[0CD4C..0CD4F]  :   10101111;
	[0CD50..0CD51]  :   10101110;
	[0CD52..0CD55]  :   10101101;
	[0CD56..0CD57]  :   10101100;
	[0CD58..0CD5C]  :   10101011;
	0CD5D  :   10101010;
	[0CD5E..0CD63]  :   10101001;
	[0CD64..0CD65]  :   10101000;
	[0CD66..0CD68]  :   10100111;
	0CD69  :   10100110;
	[0CD6A..0CD6B]  :   10100101;
	0CD6C  :   10100110;
	0CD6D  :   10100111;
	0CD6E  :   10100110;
	0CD6F  :   10100101;
	[0CD70..0CD73]  :   10100100;
	0CD74  :   10100101;
	0CD75  :   10100100;
	0CD76  :   10100011;
	0CD77  :   10100010;
	[0CD78..0CD7C]  :   10100011;
	[0CD7D..0CD7F]  :   10100010;
	[0CD80..0CD83]  :   10100001;
	0CD84  :   10100000;
	[0CD85..0CD86]  :   10011111;
	[0CD87..0CD89]  :   10011110;
	[0CD8A..0CD8D]  :   10011101;
	0CD8E  :   10011100;
	0CD8F  :   10011011;
	0CD90  :   10011001;
	[0CD91..0CD92]  :   10011010;
	0CD93  :   10011000;
	0CD94  :   10011001;
	0CD95  :   10011011;
	0CD96  :   10011100;
	0CD97  :   10011011;
	0CD98  :   10010011;
	0CD99  :   10001101;
	0CD9A  :   10000101;
	0CD9B  :   01100101;
	0CD9C  :   00101011;
	0CD9D  :   00010000;
	0CD9E  :   00111111;
	0CD9F  :   10010110;
	0CDA0  :   10010111;
	[0CDA1..0CDA3]  :   10011010;
	0CDA4  :   10011100;
	0CDA5  :   10011011;
	0CDA6  :   10011010;
	0CDA7  :   10011101;
	0CDA8  :   10011110;
	0CDA9  :   10011010;
	0CDAA  :   10011100;
	0CDAB  :   10010011;
	0CDAC  :   01011010;
	0CDAD  :   00010101;
	0CDAE  :   00011001;
	0CDAF  :   00010110;
	0CDB0  :   00010011;
	0CDB1  :   00010010;
	0CDB2  :   00010101;
	0CDB3  :   00111111;
	0CDB4  :   10001001;
	0CDB5  :   10011011;
	[0CDB6..0CDB7]  :   10011001;
	0CDB8  :   10010111;
	0CDB9  :   10011000;
	[0CDBA..0CDBB]  :   10011001;
	0CDBC  :   10011000;
	[0CDBD..0CDBE]  :   10010110;
	[0CDBF..0CDC0]  :   10010111;
	0CDC1  :   10010110;
	[0CDC2..0CDC3]  :   10010101;
	[0CDC4..0CDC5]  :   10010100;
	0CDC6  :   10010011;
	0CDC7  :   10010010;
	0CDC8  :   10010011;
	0CDC9  :   10010001;
	0CDCA  :   10010000;
	0CDCB  :   10010001;
	0CDCC  :   10010010;
	0CDCD  :   10010011;
	0CDCE  :   10010010;
	0CDCF  :   10010000;
	0CDD0  :   10001101;
	0CDD1  :   10001111;
	0CDD2  :   10010010;
	[0CDD3..0CDD5]  :   10010011;
	0CDD6  :   10010101;
	0CDD7  :   10010111;
	0CDD8  :   10010110;
	0CDD9  :   10010101;
	0CDDA  :   10010100;
	[0CDDB..0CDDD]  :   10010010;
	0CDDE  :   10010100;
	0CDDF  :   10010110;
	[0CDE0..0CDE2]  :   10011000;
	[0CDE3..0CDE4]  :   10010110;
	0CDE5  :   10010111;
	0CDE6  :   10011000;
	0CDE7  :   10011001;
	0CDE8  :   10010110;
	0CDE9  :   10010100;
	0CDEA  :   10010010;
	[0CDEB..0CDEC]  :   10010001;
	0CDED  :   10010100;
	0CDEE  :   10010111;
	[0CDEF..0CDF0]  :   10011010;
	0CDF1  :   10011001;
	0CDF2  :   10010111;
	0CDF3  :   10010110;
	0CDF4  :   10011000;
	0CDF5  :   10011010;
	0CDF6  :   10011100;
	0CDF7  :   10011011;
	[0CDF8..0CDFB]  :   10011101;
	0CDFC  :   10011111;
	[0CDFD..0CDFE]  :   10100010;
	0CDFF  :   10100000;
	0CE00  :   10100001;
	0CE01  :   10100010;
	0CE02  :   10100100;
	[0CE03..0CE04]  :   10100101;
	0CE05  :   10100100;
	0CE06  :   10100011;
	0CE07  :   10100001;
	0CE08  :   10011111;
	[0CE09..0CE0A]  :   10011100;
	0CE0B  :   10100000;
	0CE0C  :   10100010;
	[0CE0D..0CE0E]  :   10100001;
	0CE0F  :   10100010;
	0CE10  :   10100100;
	0CE11  :   10100101;
	0CE12  :   10100111;
	0CE13  :   10101001;
	[0CE14..0CE16]  :   10101010;
	0CE17  :   10101011;
	[0CE18..0CE1A]  :   10101100;
	[0CE1B..0CE1E]  :   10101011;
	0CE1F  :   10101010;
	0CE20  :   10101110;
	[0CE21..0CE22]  :   10101100;
	[0CE23..0CE24]  :   10101111;
	0CE25  :   10101100;
	0CE26  :   10101010;
	0CE27  :   10101011;
	0CE28  :   10101101;
	0CE29  :   10101111;
	0CE2A  :   10110001;
	[0CE2B..0CE2C]  :   10110000;
	0CE2D  :   10110010;
	0CE2E  :   10110011;
	0CE2F  :   10110001;
	[0CE30..0CE32]  :   10110000;
	0CE33  :   10110001;
	[0CE34..0CE35]  :   10110010;
	[0CE36..0CE39]  :   10110001;
	[0CE3A..0CE3C]  :   10110010;
	0CE3D  :   10110001;
	[0CE3E..0CE3F]  :   10110000;
	[0CE40..0CE43]  :   10111010;
	[0CE44..0CE46]  :   10111011;
	0CE47  :   10111010;
	[0CE48..0CE49]  :   10111011;
	[0CE4A..0CE4C]  :   10111100;
	[0CE4D..0CE4F]  :   10111011;
	[0CE50..0CE59]  :   10111100;
	0CE5A  :   10111011;
	[0CE5B..0CE5F]  :   10111100;
	0CE60  :   10111011;
	[0CE61..0CE65]  :   10111010;
	0CE66  :   10111001;
	0CE67  :   10111000;
	[0CE68..0CE6C]  :   10110111;
	[0CE6D..0CE6F]  :   10110110;
	0CE70  :   10110101;
	0CE71  :   10110100;
	0CE72  :   10110011;
	[0CE73..0CE77]  :   10110010;
	0CE78  :   10110011;
	0CE79  :   10110010;
	0CE7A  :   10110001;
	[0CE7B..0CE81]  :   10110000;
	0CE82  :   10101111;
	[0CE83..0CE87]  :   10101101;
	[0CE88..0CE8C]  :   10101100;
	[0CE8D..0CE8F]  :   10101011;
	[0CE90..0CE91]  :   10101010;
	[0CE92..0CE94]  :   10101001;
	[0CE95..0CE9C]  :   10101000;
	[0CE9D..0CE9F]  :   10100111;
	0CEA0  :   10100110;
	[0CEA1..0CEA2]  :   10100101;
	0CEA3  :   10100100;
	[0CEA4..0CEA5]  :   10100011;
	[0CEA6..0CEA9]  :   10100010;
	0CEAA  :   10100001;
	[0CEAB..0CEAC]  :   10100000;
	[0CEAD..0CEAE]  :   10100001;
	[0CEAF..0CEB4]  :   10100000;
	0CEB5  :   10011111;
	0CEB6  :   10011101;
	0CEB7  :   10011100;
	0CEB8  :   10011110;
	[0CEB9..0CEBC]  :   10011101;
	[0CEBD..0CEBF]  :   10011100;
	[0CEC0..0CEC2]  :   10011011;
	[0CEC3..0CEC4]  :   10011010;
	[0CEC5..0CECA]  :   10011001;
	[0CECB..0CECC]  :   10011000;
	[0CECD..0CECE]  :   10010111;
	0CECF  :   10010110;
	0CED0  :   10010101;
	0CED1  :   10010110;
	[0CED2..0CED4]  :   10010101;
	0CED5  :   10010111;
	0CED6  :   10011000;
	0CED7  :   10011001;
	0CED8  :   10001110;
	0CED9  :   10001010;
	0CEDA  :   10000011;
	0CEDB  :   01110011;
	0CEDC  :   00111000;
	0CEDD  :   00001101;
	0CEDE  :   01001111;
	0CEDF  :   10010111;
	0CEE0  :   10010011;
	0CEE1  :   10010101;
	[0CEE2..0CEE3]  :   10010110;
	[0CEE4..0CEE6]  :   10010111;
	0CEE7  :   10011001;
	0CEE8  :   10011000;
	0CEE9  :   10010110;
	0CEEA  :   10010111;
	0CEEB  :   10001110;
	0CEEC  :   01010110;
	0CEED  :   00010100;
	0CEEE  :   00011001;
	[0CEEF..0CEF0]  :   00010101;
	[0CEF1..0CEF2]  :   00001111;
	0CEF3  :   00111101;
	0CEF4  :   10000100;
	0CEF5  :   10010110;
	0CEF6  :   10010101;
	0CEF7  :   10010100;
	0CEF8  :   10010001;
	0CEF9  :   10010010;
	[0CEFA..0CEFB]  :   10010100;
	0CEFC  :   10010010;
	[0CEFD..0CEFE]  :   10010001;
	[0CEFF..0CF00]  :   10010011;
	0CF01  :   10010010;
	[0CF02..0CF07]  :   10010001;
	0CF08  :   10010010;
	0CF09  :   10010001;
	0CF0A  :   10010000;
	0CF0B  :   10010001;
	0CF0C  :   10010010;
	[0CF0D..0CF0E]  :   10010011;
	0CF0F  :   10010010;
	0CF10  :   10001111;
	0CF11  :   10010000;
	0CF12  :   10010001;
	[0CF13..0CF15]  :   10010000;
	0CF16  :   10010001;
	[0CF17..0CF19]  :   10010010;
	0CF1A  :   10010011;
	0CF1B  :   10010010;
	[0CF1C..0CF1E]  :   10010001;
	0CF1F  :   10010010;
	[0CF20..0CF21]  :   10010011;
	0CF22  :   10010001;
	0CF23  :   10001111;
	0CF24  :   10010000;
	0CF25  :   10010010;
	[0CF26..0CF27]  :   10010011;
	0CF28  :   10010000;
	0CF29  :   10001110;
	0CF2A  :   10001100;
	0CF2B  :   10001011;
	0CF2C  :   10001100;
	0CF2D  :   10001110;
	0CF2E  :   10010000;
	0CF2F  :   10010001;
	0CF30  :   10010100;
	0CF31  :   10010101;
	0CF32  :   10010100;
	0CF33  :   10010011;
	0CF34  :   10010100;
	[0CF35..0CF37]  :   10010110;
	[0CF38..0CF39]  :   10010111;
	[0CF3A..0CF3B]  :   10010110;
	0CF3C  :   10011000;
	0CF3D  :   10011010;
	0CF3E  :   10011011;
	0CF3F  :   10011010;
	0CF40  :   10010111;
	0CF41  :   10011001;
	0CF42  :   10011011;
	0CF43  :   10011100;
	0CF44  :   10011101;
	0CF45  :   10011110;
	0CF46  :   10011101;
	[0CF47..0CF48]  :   10011100;
	[0CF49..0CF4A]  :   10011001;
	0CF4B  :   10011011;
	0CF4C  :   10011110;
	[0CF4D..0CF4E]  :   10011111;
	[0CF4F..0CF50]  :   10100001;
	0CF51  :   10100000;
	[0CF52..0CF53]  :   10100001;
	0CF54  :   10100010;
	0CF55  :   10100011;
	0CF56  :   10100101;
	0CF57  :   10100111;
	[0CF58..0CF5A]  :   10100110;
	0CF5B  :   10100111;
	0CF5C  :   10101001;
	0CF5D  :   10101011;
	0CF5E  :   10101010;
	0CF5F  :   10101001;
	0CF60  :   10101010;
	[0CF61..0CF62]  :   10101000;
	0CF63  :   10101010;
	0CF64  :   10101011;
	[0CF65..0CF66]  :   10101010;
	0CF67  :   10101011;
	0CF68  :   10101010;
	0CF69  :   10101100;
	0CF6A  :   10101101;
	[0CF6B..0CF6F]  :   10101110;
	0CF70  :   10101101;
	[0CF71..0CF74]  :   10101100;
	0CF75  :   10101011;
	[0CF76..0CF77]  :   10101010;
	0CF78  :   10101011;
	0CF79  :   10101101;
	[0CF7A..0CF7C]  :   10101110;
	[0CF7D..0CF7F]  :   10101101;
	[0CF80..0CF82]  :   10110101;
	0CF83  :   10110110;
	[0CF84..0CF86]  :   10110111;
	0CF87  :   10110110;
	[0CF88..0CF89]  :   10111000;
	[0CF8A..0CF8F]  :   10111001;
	[0CF90..0CF95]  :   10111010;
	[0CF96..0CF9D]  :   10111001;
	[0CF9E..0CFA0]  :   10111000;
	0CFA1  :   10110111;
	[0CFA2..0CFA5]  :   10110110;
	0CFA6  :   10110101;
	0CFA7  :   10110100;
	[0CFA8..0CFAD]  :   10110011;
	[0CFAE..0CFB0]  :   10110010;
	0CFB1  :   10110001;
	0CFB2  :   10110000;
	0CFB3  :   10101111;
	[0CFB4..0CFB5]  :   10101110;
	[0CFB6..0CFB7]  :   10101111;
	[0CFB8..0CFB9]  :   10101110;
	0CFBA  :   10101101;
	[0CFBB..0CFBC]  :   10101100;
	[0CFBD..0CFBE]  :   10101101;
	[0CFBF..0CFC1]  :   10101100;
	0CFC2  :   10101011;
	[0CFC3..0CFC5]  :   10101010;
	[0CFC6..0CFC7]  :   10101001;
	[0CFC8..0CFCA]  :   10101000;
	[0CFCB..0CFCD]  :   10100111;
	[0CFCE..0CFD0]  :   10100110;
	0CFD1  :   10100101;
	[0CFD2..0CFD5]  :   10100100;
	[0CFD6..0CFDA]  :   10100011;
	[0CFDB..0CFDD]  :   10100010;
	[0CFDE..0CFDF]  :   10100001;
	0CFE0  :   10100000;
	[0CFE1..0CFE2]  :   10011111;
	0CFE3  :   10011110;
	0CFE4  :   10011101;
	[0CFE5..0CFE9]  :   10011100;
	[0CFEA..0CFEE]  :   10011011;
	[0CFEF..0CFF0]  :   10011010;
	[0CFF1..0CFF3]  :   10011011;
	0CFF4  :   10011010;
	0CFF5  :   10011001;
	0CFF6  :   10011000;
	0CFF7  :   10010111;
	0CFF8  :   10011000;
	0CFF9  :   10010111;
	0CFFA  :   10010110;
	[0CFFB..0CFFC]  :   10010111;
	[0CFFD..0CFFF]  :   10010110;
	0D000  :   10010111;
	0D001  :   10010110;
	[0D002..0D003]  :   10010101;
	[0D004..0D005]  :   10010100;
	[0D006..0D00B]  :   10010101;
	0D00C  :   10010100;
	[0D00D..0D010]  :   10010011;
	0D011  :   10010010;
	[0D012..0D013]  :   10010011;
	0D014  :   10010010;
	[0D015..0D016]  :   10010001;
	0D017  :   10010011;
	0D018  :   10010001;
	0D019  :   10001110;
	0D01A  :   10001010;
	0D01B  :   01111001;
	0D01C  :   00111000;
	0D01D  :   00010110;
	0D01E  :   01100100;
	[0D01F..0D020]  :   10010011;
	[0D021..0D022]  :   10010010;
	0D023  :   10010011;
	0D024  :   10010010;
	[0D025..0D027]  :   10010011;
	[0D028..0D02A]  :   10010000;
	0D02B  :   10000111;
	0D02C  :   01001101;
	0D02D  :   00010001;
	0D02E  :   00011010;
	[0D02F..0D030]  :   00010101;
	0D031  :   00010010;
	0D032  :   00001011;
	0D033  :   00111011;
	0D034  :   10000001;
	0D035  :   10010000;
	0D036  :   10001100;
	0D037  :   10010000;
	[0D038..0D03B]  :   10001111;
	0D03C  :   10001110;
	0D03D  :   10001101;
	0D03E  :   10001110;
	0D03F  :   10010000;
	0D040  :   10001111;
	[0D041..0D043]  :   10001110;
	[0D044..0D047]  :   10001111;
	0D048  :   10010000;
	0D049  :   10001110;
	[0D04A..0D04B]  :   10001101;
	0D04C  :   10001110;
	0D04D  :   10001111;
	0D04E  :   10010000;
	0D04F  :   10001111;
	0D050  :   10001110;
	0D051  :   10001100;
	0D052  :   10001011;
	[0D053..0D054]  :   10001010;
	0D055  :   10001011;
	[0D056..0D057]  :   10001100;
	0D058  :   10001101;
	[0D059..0D05B]  :   10001110;
	[0D05C..0D05D]  :   10001101;
	[0D05E..0D05F]  :   10001100;
	[0D060..0D062]  :   10001010;
	0D063  :   10001001;
	0D064  :   10001010;
	0D065  :   10001101;
	0D066  :   10001100;
	0D067  :   10001010;
	0D068  :   10001011;
	[0D069..0D06A]  :   10001010;
	0D06B  :   10001100;
	0D06C  :   10001101;
	0D06D  :   10001100;
	0D06E  :   10001001;
	0D06F  :   10000110;
	0D070  :   10001010;
	0D071  :   10001110;
	[0D072..0D074]  :   10010001;
	0D075  :   10010010;
	[0D076..0D078]  :   10010011;
	[0D079..0D07B]  :   10010001;
	[0D07C..0D07D]  :   10010010;
	[0D07E..0D07F]  :   10010011;
	0D080  :   10010001;
	0D081  :   10010010;
	0D082  :   10010100;
	0D083  :   10010101;
	0D084  :   10010111;
	[0D085..0D087]  :   10011000;
	0D088  :   10011001;
	0D089  :   10010111;
	[0D08A..0D08B]  :   10010110;
	0D08C  :   10010111;
	0D08D  :   10011001;
	0D08E  :   10011011;
	0D08F  :   10011100;
	0D090  :   10011101;
	[0D091..0D094]  :   10011100;
	0D095  :   10011101;
	0D096  :   10011111;
	0D097  :   10100001;
	0D098  :   10100000;
	[0D099..0D09A]  :   10011111;
	0D09B  :   10100001;
	0D09C  :   10100011;
	[0D09D..0D09E]  :   10100101;
	0D09F  :   10100011;
	[0D0A0..0D0A1]  :   10100010;
	0D0A2  :   10100001;
	0D0A3  :   10100000;
	0D0A4  :   10100010;
	0D0A5  :   10100110;
	0D0A6  :   10101001;
	0D0A7  :   10101010;
	0D0A8  :   10100110;
	[0D0A9..0D0AA]  :   10100101;
	0D0AB  :   10100111;
	[0D0AC..0D0AE]  :   10101000;
	0D0AF  :   10101001;
	[0D0B0..0D0B1]  :   10101000;
	0D0B2  :   10101001;
	0D0B3  :   10101000;
	0D0B4  :   10100110;
	[0D0B5..0D0B7]  :   10100100;
	0D0B8  :   10100111;
	0D0B9  :   10101000;
	0D0BA  :   10101010;
	0D0BB  :   10101011;
	0D0BC  :   10101010;
	[0D0BD..0D0BF]  :   10101001;
	[0D0C0..0D0C1]  :   10110001;
	0D0C2  :   10110010;
	0D0C3  :   10110011;
	0D0C4  :   10110100;
	[0D0C5..0D0C6]  :   10110101;
	0D0C7  :   10110100;
	0D0C8  :   10110101;
	0D0C9  :   10110110;
	0D0CA  :   10110111;
	[0D0CB..0D0D5]  :   10111000;
	[0D0D6..0D0D7]  :   10110111;
	[0D0D8..0D0DC]  :   10110110;
	[0D0DD..0D0DE]  :   10110101;
	0D0DF  :   10110100;
	0D0E0  :   10110011;
	[0D0E1..0D0E5]  :   10110010;
	0D0E6  :   10110001;
	[0D0E7..0D0EB]  :   10110000;
	[0D0EC..0D0ED]  :   10101111;
	[0D0EE..0D0EF]  :   10101110;
	0D0F0  :   10101111;
	0D0F1  :   10101110;
	0D0F2  :   10101101;
	0D0F3  :   10101100;
	[0D0F4..0D0F6]  :   10101011;
	0D0F7  :   10101100;
	[0D0F8..0D0FA]  :   10101010;
	[0D0FB..0D0FE]  :   10101001;
	[0D0FF..0D103]  :   10101000;
	[0D104..0D105]  :   10100111;
	0D106  :   10100110;
	[0D107..0D109]  :   10100101;
	0D10A  :   10100100;
	0D10B  :   10100011;
	[0D10C..0D10D]  :   10100010;
	0D10E  :   10100001;
	0D10F  :   10100000;
	[0D110..0D111]  :   10100001;
	[0D112..0D115]  :   10100000;
	0D116  :   10011111;
	0D117  :   10011110;
	0D118  :   10011111;
	0D119  :   10011110;
	0D11A  :   10011101;
	0D11B  :   10011100;
	[0D11C..0D11D]  :   10011011;
	[0D11E..0D120]  :   10011010;
	0D121  :   10011001;
	0D122  :   10011000;
	0D123  :   10010111;
	[0D124..0D127]  :   10010110;
	0D128  :   10010101;
	[0D129..0D12F]  :   10010110;
	[0D130..0D131]  :   10010101;
	[0D132..0D133]  :   10010110;
	0D134  :   10010101;
	[0D135..0D138]  :   10010100;
	0D139  :   10010010;
	0D13A  :   10010001;
	0D13B  :   10010010;
	0D13C  :   10010011;
	0D13D  :   10010010;
	[0D13E..0D13F]  :   10010001;
	[0D140..0D141]  :   10010011;
	0D142  :   10010010;
	[0D143..0D145]  :   10010001;
	[0D146..0D147]  :   10010010;
	[0D148..0D14B]  :   10010000;
	[0D14C..0D14F]  :   10001111;
	0D150  :   10001110;
	0D151  :   10001101;
	0D152  :   10001111;
	0D153  :   10010000;
	0D154  :   10001111;
	[0D155..0D156]  :   10001100;
	0D157  :   10001101;
	[0D158..0D159]  :   10001111;
	0D15A  :   10010000;
	0D15B  :   01111000;
	0D15C  :   00110100;
	0D15D  :   00101011;
	0D15E  :   01111110;
	0D15F  :   10010000;
	0D160  :   10010010;
	[0D161..0D162]  :   10001110;
	0D163  :   10001111;
	0D164  :   10001110;
	0D165  :   10001111;
	0D166  :   10010000;
	0D167  :   10001101;
	0D168  :   10001011;
	0D169  :   10001100;
	0D16A  :   10001011;
	0D16B  :   10000010;
	0D16C  :   01000110;
	0D16D  :   00010000;
	0D16E  :   00011110;
	0D16F  :   00011010;
	0D170  :   00010001;
	0D171  :   00010101;
	0D172  :   00001100;
	0D173  :   00111101;
	0D174  :   10000001;
	0D175  :   10001011;
	0D176  :   10000100;
	0D177  :   10001100;
	0D178  :   10001110;
	0D179  :   10001101;
	0D17A  :   10001100;
	[0D17B..0D17C]  :   10001011;
	0D17D  :   10001010;
	0D17E  :   10001011;
	0D17F  :   10001101;
	0D180  :   10001011;
	[0D181..0D183]  :   10001010;
	[0D184..0D187]  :   10001011;
	0D188  :   10001010;
	0D189  :   10001001;
	[0D18A..0D18B]  :   10000110;
	0D18C  :   10000111;
	0D18D  :   10001000;
	[0D18E..0D18F]  :   10001010;
	0D190  :   10001001;
	0D191  :   10000110;
	0D192  :   10000011;
	0D193  :   10000010;
	0D194  :   10000100;
	0D195  :   10000110;
	[0D196..0D197]  :   10000111;
	[0D198..0D199]  :   10001001;
	0D19A  :   10001000;
	[0D19B..0D19C]  :   10000111;
	[0D19D..0D19E]  :   10000110;
	0D19F  :   10000101;
	0D1A0  :   10000011;
	[0D1A1..0D1A2]  :   10000100;
	0D1A3  :   10000101;
	0D1A4  :   10000111;
	0D1A5  :   10001010;
	0D1A6  :   10001000;
	0D1A7  :   10000100;
	0D1A8  :   10000010;
	0D1A9  :   10000011;
	0D1AA  :   10000101;
	0D1AB  :   10001001;
	0D1AC  :   10001010;
	0D1AD  :   10000110;
	0D1AE  :   01111111;
	0D1AF  :   01111000;
	0D1B0  :   01111110;
	0D1B1  :   10000101;
	0D1B2  :   10001100;
	[0D1B3..0D1B4]  :   10001110;
	0D1B5  :   10010000;
	0D1B6  :   10010010;
	0D1B7  :   10010011;
	0D1B8  :   10010001;
	0D1B9  :   10001111;
	0D1BA  :   10001110;
	[0D1BB..0D1BC]  :   10001111;
	[0D1BD..0D1BE]  :   10001110;
	0D1BF  :   10001111;
	0D1C0  :   10010001;
	0D1C1  :   10010010;
	[0D1C2..0D1C3]  :   10010011;
	[0D1C4..0D1C7]  :   10010100;
	[0D1C8..0D1CA]  :   10010001;
	0D1CB  :   10010000;
	0D1CC  :   10010001;
	0D1CD  :   10010011;
	0D1CE  :   10010110;
	[0D1CF..0D1D1]  :   10010111;
	[0D1D2..0D1D5]  :   10011000;
	0D1D6  :   10011001;
	0D1D7  :   10011011;
	[0D1D8..0D1D9]  :   10011101;
	[0D1DA..0D1DB]  :   10011100;
	0D1DC  :   10011101;
	0D1DD  :   10011110;
	0D1DE  :   10011100;
	0D1DF  :   10011001;
	0D1E0  :   10011000;
	0D1E1  :   10011010;
	0D1E2  :   10011000;
	0D1E3  :   10010011;
	0D1E4  :   10010110;
	0D1E5  :   10011111;
	0D1E6  :   10100101;
	0D1E7  :   10100100;
	0D1E8  :   10100011;
	0D1E9  :   10011111;
	0D1EA  :   10011110;
	0D1EB  :   10100000;
	0D1EC  :   10100011;
	[0D1ED..0D1EE]  :   10100100;
	0D1EF  :   10100110;
	0D1F0  :   10100010;
	0D1F1  :   10100100;
	[0D1F2..0D1F3]  :   10100110;
	0D1F4  :   10100100;
	0D1F5  :   10100010;
	0D1F6  :   10100011;
	0D1F7  :   10100101;
	0D1F8  :   10100011;
	0D1F9  :   10100101;
	0D1FA  :   10100111;
	0D1FB  :   10101000;
	0D1FC  :   10100110;
	[0D1FD..0D1FE]  :   10100101;
	0D1FF  :   10100110;
	0D200  :   10101111;
	0D201  :   10110001;
	[0D202..0D203]  :   10110010;
	0D204  :   10110011;
	[0D205..0D207]  :   10110101;
	0D208  :   10110100;
	0D209  :   10110101;
	[0D20A..0D20C]  :   10110110;
	0D20D  :   10110101;
	0D20E  :   10110100;
	0D20F  :   10110011;
	0D210  :   10110101;
	[0D211..0D216]  :   10110100;
	[0D217..0D21C]  :   10110011;
	0D21D  :   10110100;
	0D21E  :   10110010;
	[0D21F..0D220]  :   10110000;
	0D221  :   10101111;
	0D222  :   10101110;
	[0D223..0D224]  :   10101101;
	[0D225..0D226]  :   10101110;
	0D227  :   10101101;
	[0D228..0D22B]  :   10101100;
	0D22C  :   10101011;
	0D22D  :   10101010;
	[0D22E..0D22F]  :   10101001;
	0D230  :   10101010;
	[0D231..0D232]  :   10101001;
	0D233  :   10101000;
	0D234  :   10100111;
	[0D235..0D237]  :   10100110;
	0D238  :   10100101;
	0D239  :   10100110;
	0D23A  :   10100101;
	[0D23B..0D23C]  :   10100100;
	[0D23D..0D23E]  :   10100101;
	0D23F  :   10100011;
	0D240  :   10100100;
	0D241  :   10100101;
	0D242  :   10100100;
	[0D243..0D244]  :   10100011;
	[0D245..0D246]  :   10100010;
	0D247  :   10100001;
	0D248  :   10100000;
	[0D249..0D24A]  :   10011111;
	0D24B  :   10011110;
	0D24C  :   10011101;
	0D24D  :   10011100;
	[0D24E..0D250]  :   10011011;
	0D251  :   10011100;
	0D252  :   10011011;
	0D253  :   10011010;
	0D254  :   10011011;
	0D255  :   10011010;
	0D256  :   10011000;
	0D257  :   10011001;
	[0D258..0D259]  :   10011000;
	0D25A  :   10010111;
	0D25B  :   10010110;
	[0D25C..0D25E]  :   10010101;
	[0D25F..0D260]  :   10010100;
	[0D261..0D263]  :   10010011;
	0D264  :   10010010;
	[0D265..0D266]  :   10010001;
	0D267  :   10010010;
	[0D268..0D269]  :   10010000;
	0D26A  :   10010001;
	0D26B  :   10010000;
	0D26C  :   10001110;
	0D26D  :   10001111;
	0D26E  :   10010000;
	[0D26F..0D272]  :   10001111;
	[0D273..0D277]  :   10010000;
	0D278  :   10001111;
	0D279  :   10001110;
	[0D27A..0D27B]  :   10001101;
	0D27C  :   10001110;
	[0D27D..0D27F]  :   10001101;
	[0D280..0D281]  :   10001111;
	0D282  :   10001110;
	0D283  :   10001101;
	[0D284..0D285]  :   10001100;
	[0D286..0D289]  :   10001101;
	[0D28A..0D28D]  :   10001100;
	[0D28E..0D28F]  :   10001101;
	0D290  :   10001011;
	0D291  :   10001100;
	0D292  :   10001011;
	0D293  :   10001100;
	0D294  :   10001101;
	0D295  :   10001010;
	0D296  :   10001001;
	0D297  :   10001100;
	0D298  :   10001011;
	0D299  :   10001001;
	0D29A  :   10000111;
	0D29B  :   01011000;
	0D29C  :   00100000;
	0D29D  :   01010111;
	0D29E  :   10000111;
	0D29F  :   10001011;
	0D2A0  :   10001010;
	[0D2A1..0D2A2]  :   10001011;
	0D2A3  :   10001000;
	0D2A4  :   10000111;
	0D2A5  :   10001001;
	0D2A6  :   10001010;
	0D2A7  :   10001000;
	0D2A8  :   10001001;
	0D2A9  :   10000111;
	0D2AA  :   10000101;
	0D2AB  :   01110111;
	0D2AC  :   00111011;
	0D2AD  :   00010011;
	0D2AE  :   00101000;
	0D2AF  :   00010111;
	0D2B0  :   00010100;
	0D2B1  :   00010001;
	0D2B2  :   00001110;
	0D2B3  :   00110111;
	0D2B4  :   01110100;
	0D2B5  :   10000100;
	0D2B6  :   10000101;
	0D2B7  :   10001000;
	0D2B8  :   10001011;
	0D2B9  :   10001010;
	[0D2BA..0D2BB]  :   10001011;
	0D2BC  :   10001001;
	0D2BD  :   10001011;
	0D2BE  :   10001010;
	0D2BF  :   10000100;
	0D2C0  :   10000011;
	0D2C1  :   10000100;
	0D2C2  :   10000101;
	[0D2C3..0D2C8]  :   10000110;
	0D2C9  :   10000100;
	0D2CA  :   10000001;
	0D2CB  :   01111111;
	0D2CC  :   10000000;
	0D2CD  :   10000011;
	[0D2CE..0D2CF]  :   10000100;
	0D2D0  :   10000101;
	0D2D1  :   10000010;
	0D2D2  :   10000000;
	[0D2D3..0D2D4]  :   01111111;
	[0D2D5..0D2D6]  :   10000000;
	0D2D7  :   10000001;
	0D2D8  :   10000011;
	0D2D9  :   10000100;
	[0D2DA..0D2DE]  :   10000101;
	0D2DF  :   10000100;
	0D2E0  :   10000001;
	[0D2E1..0D2E2]  :   10000010;
	0D2E3  :   10000001;
	0D2E4  :   10000011;
	0D2E5  :   10000101;
	0D2E6  :   10000010;
	0D2E7  :   01111101;
	0D2E8  :   01111100;
	0D2E9  :   10000001;
	0D2EA  :   10000110;
	[0D2EB..0D2EC]  :   10001000;
	0D2ED  :   10000111;
	0D2EE  :   10000011;
	0D2EF  :   01111110;
	0D2F0  :   10000001;
	0D2F1  :   10000101;
	0D2F2  :   10001000;
	0D2F3  :   10001001;
	0D2F4  :   10001000;
	0D2F5  :   10001010;
	0D2F6  :   10001011;
	0D2F7  :   10001100;
	0D2F8  :   10001111;
	[0D2F9..0D2FA]  :   10001101;
	[0D2FB..0D2FC]  :   10001111;
	[0D2FD..0D2FE]  :   10001101;
	0D2FF  :   10001110;
	0D300  :   10001111;
	0D301  :   10010001;
	0D302  :   10010011;
	0D303  :   10010010;
	[0D304..0D305]  :   10010001;
	0D306  :   10001111;
	0D307  :   10001110;
	0D308  :   10001111;
	0D309  :   10010000;
	[0D30A..0D30B]  :   10010010;
	0D30C  :   10010001;
	0D30D  :   10010000;
	0D30E  :   10010010;
	0D30F  :   10010101;
	0D310  :   10010110;
	0D311  :   10010101;
	0D312  :   10010110;
	0D313  :   10011000;
	0D314  :   10011001;
	[0D315..0D316]  :   10011000;
	0D317  :   10011001;
	0D318  :   10011011;
	0D319  :   10011101;
	0D31A  :   10011110;
	0D31B  :   10011100;
	0D31C  :   10011000;
	[0D31D..0D31F]  :   10010110;
	0D320  :   10010111;
	0D321  :   10011010;
	0D322  :   10011000;
	0D323  :   10010100;
	0D324  :   10010110;
	0D325  :   10011101;
	0D326  :   10100000;
	0D327  :   10011110;
	0D328  :   10011101;
	0D329  :   10100000;
	[0D32A..0D32B]  :   10100011;
	[0D32C..0D32F]  :   10100010;
	[0D330..0D331]  :   10100000;
	0D332  :   10011111;
	[0D333..0D334]  :   10011110;
	0D335  :   10100001;
	0D336  :   10100011;
	0D337  :   10100101;
	0D338  :   10100100;
	0D339  :   10100000;
	0D33A  :   10011111;
	0D33B  :   10100011;
	0D33C  :   10100101;
	0D33D  :   10100010;
	0D33E  :   10100001;
	0D33F  :   10100010;
	0D340  :   10100101;
	0D341  :   10100111;
	[0D342..0D343]  :   10101000;
	0D344  :   10101001;
	0D345  :   10101011;
	[0D346..0D348]  :   10101100;
	0D349  :   10101101;
	0D34A  :   10101110;
	[0D34B..0D34D]  :   10101111;
	[0D34E..0D350]  :   10101110;
	0D351  :   10101101;
	[0D352..0D353]  :   10101100;
	0D354  :   10101101;
	0D355  :   10101110;
	[0D356..0D357]  :   10101101;
	0D358  :   10101111;
	[0D359..0D35A]  :   10101110;
	0D35B  :   10101101;
	0D35C  :   10101110;
	0D35D  :   10101111;
	0D35E  :   10101110;
	0D35F  :   10101101;
	[0D360..0D361]  :   10101011;
	0D362  :   10101010;
	[0D363..0D364]  :   10101001;
	0D365  :   10101010;
	[0D366..0D367]  :   10101001;
	[0D368..0D36A]  :   10101000;
	0D36B  :   10100111;
	0D36C  :   10100110;
	0D36D  :   10100101;
	0D36E  :   10100100;
	0D36F  :   10100011;
	[0D370..0D372]  :   10100010;
	0D373  :   10100011;
	0D374  :   10100010;
	0D375  :   10100000;
	0D376  :   10011111;
	0D377  :   10011110;
	[0D378..0D379]  :   10011111;
	0D37A  :   10011101;
	[0D37B..0D37C]  :   10011011;
	[0D37D..0D37F]  :   10011101;
	0D380  :   10011100;
	0D381  :   10011101;
	[0D382..0D383]  :   10011100;
	[0D384..0D385]  :   10011011;
	0D386  :   10011010;
	[0D387..0D388]  :   10011001;
	[0D389..0D38C]  :   10011000;
	0D38D  :   10010111;
	[0D38E..0D390]  :   10010110;
	0D391  :   10010111;
	0D392  :   10010110;
	[0D393..0D394]  :   10010100;
	[0D395..0D396]  :   10010010;
	0D397  :   10010011;
	[0D398..0D39A]  :   10010010;
	0D39B  :   10010001;
	[0D39C..0D3A0]  :   10010000;
	[0D3A1..0D3A3]  :   10001111;
	0D3A4  :   10001110;
	[0D3A5..0D3A7]  :   10001101;
	0D3A8  :   10001110;
	0D3A9  :   10001100;
	0D3AA  :   10001011;
	0D3AB  :   10001000;
	0D3AC  :   10000101;
	0D3AD  :   10000111;
	0D3AE  :   10001010;
	0D3AF  :   10001001;
	[0D3B0..0D3B1]  :   10001010;
	0D3B2  :   10001011;
	0D3B3  :   10001101;
	[0D3B4..0D3B5]  :   10001100;
	[0D3B6..0D3B8]  :   10001011;
	0D3B9  :   10001010;
	0D3BA  :   10001001;
	0D3BB  :   10001010;
	0D3BC  :   10001011;
	[0D3BD..0D3BF]  :   10001010;
	0D3C0  :   10001011;
	0D3C1  :   10001001;
	[0D3C2..0D3C3]  :   10001000;
	[0D3C4..0D3C6]  :   10001001;
	[0D3C7..0D3C8]  :   10001000;
	0D3C9  :   10000111;
	0D3CA  :   10000110;
	0D3CB  :   10000101;
	[0D3CC..0D3CE]  :   10000110;
	[0D3CF..0D3D0]  :   10000101;
	0D3D1  :   10000110;
	0D3D2  :   10000101;
	0D3D3  :   10000011;
	[0D3D4..0D3D6]  :   10000100;
	0D3D7  :   10000101;
	0D3D8  :   10000011;
	0D3D9  :   10000110;
	0D3DA  :   01101010;
	0D3DB  :   00110100;
	0D3DC  :   00110110;
	0D3DD  :   01111000;
	0D3DE  :   10001010;
	0D3DF  :   10000000;
	0D3E0  :   10000101;
	0D3E1  :   10000110;
	0D3E2  :   10000101;
	0D3E3  :   10000011;
	[0D3E4..0D3E6]  :   10000010;
	0D3E7  :   10000001;
	0D3E8  :   01111100;
	0D3E9  :   01111111;
	0D3EA  :   01111011;
	0D3EB  :   01100001;
	0D3EC  :   00101010;
	0D3ED  :   00010111;
	0D3EE  :   00100011;
	0D3EF  :   00010110;
	0D3F0  :   00010011;
	0D3F1  :   00010001;
	0D3F2  :   00001100;
	0D3F3  :   00110001;
	0D3F4  :   01101100;
	0D3F5  :   01111011;
	0D3F6  :   01111100;
	0D3F7  :   10000001;
	[0D3F8..0D3F9]  :   10000100;
	[0D3FA..0D3FB]  :   10000110;
	0D3FC  :   10000100;
	0D3FD  :   10000101;
	0D3FE  :   10000100;
	0D3FF  :   01111111;
	0D400  :   01111011;
	0D401  :   01111101;
	0D402  :   01111111;
	[0D403..0D405]  :   10000000;
	[0D406..0D408]  :   10000001;
	[0D409..0D40A]  :   10000000;
	0D40B  :   01111111;
	0D40C  :   10000000;
	[0D40D..0D40E]  :   10000010;
	[0D40F..0D411]  :   10000001;
	0D412  :   10000000;
	0D413  :   01111111;
	0D414  :   10000000;
	[0D415..0D416]  :   10000001;
	0D417  :   10000000;
	0D418  :   10000001;
	0D419  :   10000010;
	[0D41A..0D41C]  :   10000011;
	0D41D  :   10000010;
	0D41E  :   10000001;
	0D41F  :   10000000;
	0D420  :   10000010;
	0D421  :   10000001;
	0D422  :   10000000;
	0D423  :   01111111;
	0D424  :   10000000;
	[0D425..0D426]  :   10000010;
	0D427  :   10000001;
	0D428  :   01111110;
	0D429  :   10000010;
	0D42A  :   10000110;
	[0D42B..0D42C]  :   10000111;
	0D42D  :   10001000;
	0D42E  :   10000111;
	0D42F  :   10000110;
	0D430  :   10000100;
	[0D431..0D432]  :   10000011;
	0D433  :   10000110;
	0D434  :   10001001;
	[0D435..0D437]  :   10001011;
	0D438  :   10001001;
	0D439  :   10001000;
	0D43A  :   10001001;
	0D43B  :   10001011;
	[0D43C..0D43D]  :   10001101;
	[0D43E..0D43F]  :   10001110;
	0D440  :   10001100;
	[0D441..0D442]  :   10001101;
	[0D443..0D444]  :   10001100;
	0D445  :   10001101;
	[0D446..0D447]  :   10001111;
	[0D448..0D449]  :   10010000;
	0D44A  :   10010001;
	[0D44B..0D44D]  :   10010010;
	0D44E  :   10010100;
	0D44F  :   10010111;
	[0D450..0D452]  :   10010110;
	0D453  :   10010111;
	0D454  :   10010110;
	0D455  :   10010100;
	0D456  :   10010011;
	[0D457..0D458]  :   10010100;
	0D459  :   10010101;
	0D45A  :   10010100;
	0D45B  :   10010001;
	0D45C  :   10001110;
	0D45D  :   10001101;
	0D45E  :   10001111;
	0D45F  :   10010001;
	0D460  :   10010100;
	0D461  :   10010110;
	0D462  :   10010101;
	0D463  :   10010001;
	0D464  :   10010000;
	0D465  :   10010101;
	0D466  :   10010111;
	[0D467..0D468]  :   10010101;
	0D469  :   10011010;
	0D46A  :   10011110;
	0D46B  :   10011111;
	[0D46C..0D46D]  :   10011110;
	0D46E  :   10011101;
	0D46F  :   10011100;
	0D470  :   10011010;
	0D471  :   10011011;
	[0D472..0D474]  :   10011010;
	0D475  :   10011011;
	0D476  :   10011101;
	0D477  :   10011110;
	[0D478..0D47A]  :   10011101;
	0D47B  :   10011110;
	[0D47C..0D47D]  :   10011111;
	0D47E  :   10011101;
	0D47F  :   10011100;
	0D480  :   10011001;
	0D481  :   10011011;
	[0D482..0D484]  :   10011100;
	0D485  :   10011110;
	[0D486..0D487]  :   10011111;
	0D488  :   10100000;
	0D489  :   10100001;
	0D48A  :   10100010;
	0D48B  :   10100011;
	[0D48C..0D491]  :   10100100;
	0D492  :   10100011;
	0D493  :   10100100;
	[0D494..0D495]  :   10100101;
	0D496  :   10100100;
	[0D497..0D49B]  :   10100011;
	0D49C  :   10100100;
	0D49D  :   10100101;
	0D49E  :   10100100;
	[0D49F..0D4A2]  :   10100011;
	[0D4A3..0D4A6]  :   10100010;
	[0D4A7..0D4A8]  :   10100001;
	0D4A9  :   10100000;
	[0D4AA..0D4AB]  :   10011111;
	0D4AC  :   10011110;
	0D4AD  :   10011101;
	[0D4AE..0D4B0]  :   10011011;
	0D4B1  :   10011010;
	[0D4B2..0D4B4]  :   10011011;
	0D4B5  :   10011001;
	0D4B6  :   10011000;
	0D4B7  :   10010111;
	0D4B8  :   10011001;
	0D4B9  :   10011000;
	0D4BA  :   10010111;
	[0D4BB..0D4BC]  :   10010110;
	[0D4BD..0D4BF]  :   10010111;
	0D4C0  :   10010101;
	[0D4C1..0D4C2]  :   10010110;
	[0D4C3..0D4C4]  :   10010101;
	0D4C5  :   10010100;
	0D4C6  :   10010011;
	0D4C7  :   10010010;
	[0D4C8..0D4C9]  :   10010011;
	[0D4CA..0D4CC]  :   10010010;
	0D4CD  :   10010001;
	0D4CE  :   10010000;
	0D4CF  :   10001111;
	0D4D0  :   10001110;
	0D4D1  :   10010000;
	0D4D2  :   10001111;
	[0D4D3..0D4D4]  :   10001101;
	[0D4D5..0D4D6]  :   10001100;
	0D4D7  :   10001101;
	0D4D8  :   10001100;
	0D4D9  :   10001101;
	0D4DA  :   10001100;
	0D4DB  :   10001011;
	0D4DC  :   10001010;
	0D4DD  :   10001011;
	[0D4DE..0D4DF]  :   10001100;
	0D4E0  :   10001010;
	[0D4E1..0D4E4]  :   10001001;
	[0D4E5..0D4E7]  :   10001000;
	0D4E8  :   10001001;
	0D4E9  :   10000111;
	0D4EA  :   10000101;
	0D4EB  :   10000001;
	0D4EC  :   01111110;
	0D4ED  :   10000001;
	0D4EE  :   10000100;
	0D4EF  :   10000101;
	[0D4F0..0D4F1]  :   10000111;
	0D4F2  :   10001001;
	0D4F3  :   10001010;
	0D4F4  :   10001000;
	0D4F5  :   10000110;
	[0D4F6..0D4F7]  :   10000101;
	[0D4F8..0D4FA]  :   10000100;
	0D4FB  :   10000101;
	0D4FC  :   10000110;
	[0D4FD..0D500]  :   10000101;
	0D501  :   10000100;
	0D502  :   10000010;
	0D503  :   10000011;
	0D504  :   10000101;
	0D505  :   10000110;
	0D506  :   10000101;
	[0D507..0D508]  :   10000011;
	0D509  :   10000010;
	0D50A  :   10000001;
	0D50B  :   10000010;
	0D50C  :   10000011;
	0D50D  :   10000100;
	0D50E  :   10000011;
	[0D50F..0D510]  :   10000010;
	0D511  :   10000100;
	0D512  :   10000001;
	[0D513..0D514]  :   01111101;
	[0D515..0D516]  :   01111110;
	0D517  :   01111111;
	[0D518..0D519]  :   10000001;
	0D51A  :   01010110;
	0D51B  :   00101001;
	0D51C  :   01010001;
	[0D51D..0D51E]  :   10000001;
	[0D51F..0D520]  :   01111111;
	0D521  :   10000000;
	0D522  :   01111111;
	0D523  :   01111110;
	0D524  :   01111011;
	[0D525..0D527]  :   01111001;
	0D528  :   01111000;
	0D529  :   01110110;
	0D52A  :   01101100;
	0D52B  :   01001001;
	0D52C  :   00011110;
	0D52D  :   00011100;
	0D52E  :   00011110;
	0D52F  :   00011011;
	0D530  :   00010101;
	0D531  :   00010111;
	0D532  :   00010100;
	0D533  :   00110001;
	0D534  :   01100011;
	0D535  :   01110000;
	0D536  :   01110010;
	0D537  :   01110111;
	0D538  :   01111010;
	0D539  :   01111100;
	0D53A  :   10000000;
	[0D53B..0D53C]  :   10000001;
	0D53D  :   10000010;
	0D53E  :   10000001;
	0D53F  :   01111100;
	0D540  :   01111011;
	0D541  :   01111101;
	0D542  :   01111111;
	0D543  :   10000000;
	[0D544..0D546]  :   01111111;
	0D547  :   10000000;
	[0D548..0D54E]  :   10000001;
	0D54F  :   10000000;
	0D550  :   10000001;
	0D551  :   10000010;
	0D552  :   10000011;
	[0D553..0D554]  :   10000010;
	0D555  :   10000011;
	0D556  :   10000010;
	0D557  :   10000000;
	0D558  :   01111111;
	0D559  :   10000000;
	[0D55A..0D55C]  :   10000001;
	[0D55D..0D55E]  :   10000000;
	0D55F  :   01111110;
	0D560  :   01111101;
	0D561  :   01111110;
	0D562  :   01111111;
	[0D563..0D564]  :   10000000;
	0D565  :   01111110;
	0D566  :   01111100;
	[0D567..0D568]  :   01111011;
	0D569  :   01111110;
	[0D56A..0D56C]  :   10000001;
	0D56D  :   10000011;
	0D56E  :   10000101;
	0D56F  :   10000110;
	0D570  :   10000101;
	0D571  :   10000001;
	0D572  :   10000000;
	0D573  :   10000011;
	[0D574..0D576]  :   10000110;
	0D577  :   10000111;
	0D578  :   10001001;
	[0D579..0D57B]  :   10001000;
	0D57C  :   10001001;
	[0D57D..0D57E]  :   10001010;
	[0D57F..0D580]  :   10001001;
	0D581  :   10001010;
	[0D582..0D584]  :   10001011;
	0D585  :   10001100;
	0D586  :   10001101;
	0D587  :   10001110;
	[0D588..0D58A]  :   10001101;
	0D58B  :   10001111;
	[0D58C..0D58D]  :   10010001;
	0D58E  :   10010011;
	0D58F  :   10010110;
	[0D590..0D593]  :   10010011;
	0D594  :   10010001;
	0D595  :   10001111;
	[0D596..0D598]  :   10001110;
	0D599  :   10001111;
	0D59A  :   10001110;
	0D59B  :   10001011;
	[0D59C..0D59D]  :   10001000;
	0D59E  :   10001011;
	0D59F  :   10001110;
	0D5A0  :   10001011;
	0D5A1  :   10001110;
	0D5A2  :   10010000;
	[0D5A3..0D5A4]  :   10001110;
	0D5A5  :   10010001;
	[0D5A6..0D5A7]  :   10010011;
	0D5A8  :   10010001;
	0D5A9  :   10010101;
	0D5AA  :   10011001;
	0D5AB  :   10011010;
	0D5AC  :   10011001;
	0D5AD  :   10011000;
	0D5AE  :   10010111;
	0D5AF  :   10010110;
	0D5B0  :   10010100;
	[0D5B1..0D5B2]  :   10010101;
	[0D5B3..0D5B8]  :   10010100;
	[0D5B9..0D5BA]  :   10010111;
	[0D5BB..0D5BC]  :   10010110;
	[0D5BD..0D5BE]  :   10011000;
	[0D5BF..0D5C0]  :   10010110;
	[0D5C1..0D5C2]  :   10010111;
	[0D5C3..0D5C4]  :   10010110;
	0D5C5  :   10010111;
	0D5C6  :   10011001;
	0D5C7  :   10011010;
	0D5C8  :   10011001;
	0D5C9  :   10011010;
	[0D5CA..0D5CB]  :   10011011;
	[0D5CC..0D5CF]  :   10011100;
	0D5D0  :   10011101;
	[0D5D1..0D5D3]  :   10011100;
	[0D5D4..0D5D5]  :   10011101;
	0D5D6  :   10011011;
	0D5D7  :   10011001;
	0D5D8  :   10011010;
	0D5D9  :   10011011;
	0D5DA  :   10011100;
	0D5DB  :   10011101;
	[0D5DC..0D5DD]  :   10011111;
	0D5DE  :   10011110;
	0D5DF  :   10011100;
	0D5E0  :   10011101;
	[0D5E1..0D5E5]  :   10011110;
	0D5E6  :   10011101;
	[0D5E7..0D5E9]  :   10011100;
	[0D5EA..0D5EB]  :   10011011;
	[0D5EC..0D5ED]  :   10011010;
	0D5EE  :   10011000;
	[0D5EF..0D5F0]  :   10010111;
	0D5F1  :   10010110;
	[0D5F2..0D5F4]  :   10010101;
	[0D5F5..0D5F7]  :   10010100;
	[0D5F8..0D5FB]  :   10010011;
	0D5FC  :   10010100;
	0D5FD  :   10010011;
	0D5FE  :   10010010;
	0D5FF  :   10010001;
	0D600  :   10001111;
	[0D601..0D603]  :   10010000;
	[0D604..0D605]  :   10001111;
	0D606  :   10001101;
	0D607  :   10001100;
	[0D608..0D609]  :   10001110;
	[0D60A..0D60C]  :   10001101;
	0D60D  :   10001100;
	0D60E  :   10001010;
	0D60F  :   10001001;
	0D610  :   10001000;
	[0D611..0D612]  :   10001010;
	[0D613..0D615]  :   10001000;
	0D616  :   10000111;
	0D617  :   10001000;
	0D618  :   10001001;
	0D619  :   10001000;
	0D61A  :   10000111;
	[0D61B..0D61C]  :   10000101;
	0D61D  :   10000110;
	[0D61E..0D61F]  :   10000111;
	0D620  :   10000101;
	[0D621..0D622]  :   10000100;
	[0D623..0D627]  :   10000101;
	[0D628..0D62A]  :   10000011;
	0D62B  :   10000001;
	0D62C  :   01111110;
	0D62D  :   10000000;
	0D62E  :   10000011;
	0D62F  :   10000010;
	[0D630..0D631]  :   10000011;
	[0D632..0D633]  :   10000100;
	0D634  :   10000010;
	0D635  :   01111111;
	[0D636..0D639]  :   01111101;
	0D63A  :   01111110;
	[0D63B..0D63D]  :   01111111;
	0D63E  :   01111110;
	[0D63F..0D640]  :   01111111;
	0D641  :   01111110;
	0D642  :   01111101;
	0D643  :   01111110;
	0D644  :   10000000;
	0D645  :   10000001;
	0D646  :   10000000;
	[0D647..0D648]  :   01111111;
	[0D649..0D64A]  :   01111110;
	0D64B  :   01111111;
	[0D64C..0D64D]  :   10000001;
	0D64E  :   01111111;
	0D64F  :   01111110;
	0D650  :   01111111;
	0D651  :   10000001;
	0D652  :   10000000;
	0D653  :   01111101;
	0D654  :   01111100;
	0D655  :   01111101;
	0D656  :   01111100;
	[0D657..0D658]  :   01111101;
	0D659  :   01100101;
	0D65A  :   00110101;
	0D65B  :   00101100;
	0D65C  :   01100100;
	0D65D  :   01111011;
	0D65E  :   01111000;
	[0D65F..0D662]  :   01111010;
	0D663  :   01111001;
	0D664  :   01110111;
	0D665  :   01110100;
	0D666  :   01110011;
	0D667  :   01110100;
	0D668  :   01110110;
	0D669  :   01110000;
	0D66A  :   01011111;
	0D66B  :   00110110;
	0D66C  :   00011100;
	0D66D  :   00100001;
	0D66E  :   00011101;
	0D66F  :   00011011;
	0D670  :   00010111;
	0D671  :   00011001;
	0D672  :   00011011;
	0D673  :   00101101;
	0D674  :   01010001;
	0D675  :   01100010;
	0D676  :   01101101;
	0D677  :   01110001;
	0D678  :   01110110;
	0D679  :   01111000;
	[0D67A..0D67C]  :   01111010;
	0D67D  :   01111100;
	0D67E  :   01111101;
	0D67F  :   01111100;
	[0D680..0D681]  :   01111001;
	0D682  :   01111010;
	0D683  :   01111011;
	[0D684..0D687]  :   01111100;
	[0D688..0D689]  :   01111011;
	[0D68A..0D68B]  :   01111100;
	0D68C  :   01111101;
	0D68D  :   01111110;
	0D68E  :   10000000;
	0D68F  :   10000010;
	0D690  :   01111110;
	0D691  :   10000000;
	0D692  :   10000001;
	[0D693..0D695]  :   01111111;
	0D696  :   01111101;
	0D697  :   01111010;
	0D698  :   01111001;
	0D699  :   01111010;
	[0D69A..0D69B]  :   01111100;
	0D69C  :   01111101;
	0D69D  :   01111110;
	[0D69E..0D69F]  :   01111101;
	0D6A0  :   01111010;
	0D6A1  :   01111100;
	[0D6A2..0D6A3]  :   01111110;
	0D6A4  :   01111101;
	0D6A5  :   01111010;
	0D6A6  :   01110110;
	0D6A7  :   01110011;
	0D6A8  :   01110101;
	0D6A9  :   01110111;
	[0D6AA..0D6AB]  :   01111001;
	0D6AC  :   01111010;
	0D6AD  :   01111011;
	[0D6AE..0D6AF]  :   01111101;
	[0D6B0..0D6B2]  :   01111111;
	[0D6B3..0D6B5]  :   10000000;
	0D6B6  :   10000010;
	0D6B7  :   10000101;
	0D6B8  :   10000110;
	0D6B9  :   10000111;
	0D6BA  :   10000110;
	0D6BB  :   10000101;
	0D6BC  :   10000111;
	[0D6BD..0D6BE]  :   10001010;
	0D6BF  :   10001000;
	0D6C0  :   10000111;
	0D6C1  :   10001000;
	[0D6C2..0D6C3]  :   10001001;
	[0D6C4..0D6C5]  :   10001000;
	0D6C6  :   10001001;
	0D6C7  :   10001010;
	0D6C8  :   10001001;
	0D6C9  :   10001000;
	0D6CA  :   10001001;
	0D6CB  :   10001100;
	0D6CC  :   10001110;
	0D6CD  :   10001111;
	0D6CE  :   10010000;
	0D6CF  :   10010001;
	[0D6D0..0D6D1]  :   10010010;
	0D6D2  :   10010001;
	0D6D3  :   10010000;
	0D6D4  :   10001111;
	[0D6D5..0D6D6]  :   10001110;
	[0D6D7..0D6D8]  :   10001111;
	0D6D9  :   10010000;
	0D6DA  :   10001111;
	0D6DB  :   10001100;
	0D6DC  :   10001000;
	0D6DD  :   10000111;
	0D6DE  :   10001001;
	0D6DF  :   10001010;
	0D6E0  :   10001000;
	0D6E1  :   10001010;
	0D6E2  :   10001101;
	0D6E3  :   10001110;
	[0D6E4..0D6E5]  :   10001111;
	0D6E6  :   10010000;
	0D6E7  :   10010001;
	0D6E8  :   10010000;
	0D6E9  :   10010010;
	[0D6EA..0D6EB]  :   10010011;
	0D6EC  :   10010010;
	0D6ED  :   10010001;
	[0D6EE..0D6EF]  :   10010010;
	[0D6F0..0D6F2]  :   10010011;
	0D6F3  :   10010010;
	0D6F4  :   10010001;
	0D6F5  :   10010000;
	0D6F6  :   10001111;
	0D6F7  :   10001110;
	0D6F8  :   10001111;
	[0D6F9..0D6FA]  :   10010001;
	0D6FB  :   10010000;
	0D6FC  :   10010001;
	0D6FD  :   10010101;
	0D6FE  :   10010110;
	0D6FF  :   10010100;
	0D700  :   10010011;
	[0D701..0D702]  :   10010100;
	0D703  :   10010010;
	0D704  :   10010001;
	0D705  :   10010011;
	0D706  :   10010101;
	0D707  :   10010110;
	[0D708..0D709]  :   10010111;
	[0D70A..0D70F]  :   10011000;
	0D710  :   10010111;
	0D711  :   10010110;
	0D712  :   10010101;
	[0D713..0D716]  :   10010100;
	0D717  :   10010011;
	0D718  :   10010100;
	[0D719..0D71A]  :   10010101;
	0D71B  :   10010110;
	0D71C  :   10011000;
	0D71D  :   10011001;
	0D71E  :   10011000;
	0D71F  :   10010111;
	0D720  :   10010101;
	0D721  :   10010111;
	[0D722..0D725]  :   10011000;
	0D726  :   10010111;
	0D727  :   10010110;
	[0D728..0D72C]  :   10010111;
	[0D72D..0D72E]  :   10010110;
	0D72F  :   10010101;
	0D730  :   10010100;
	0D731  :   10010011;
	[0D732..0D734]  :   10010010;
	[0D735..0D737]  :   10010001;
	[0D738..0D73A]  :   10001110;
	[0D73B..0D73C]  :   10001111;
	0D73D  :   10001110;
	0D73E  :   10001100;
	0D73F  :   10001011;
	0D740  :   10001001;
	0D741  :   10001010;
	0D742  :   10001011;
	[0D743..0D745]  :   10001010;
	0D746  :   10001001;
	[0D747..0D749]  :   10001000;
	0D74A  :   10001001;
	[0D74B..0D74D]  :   10001000;
	0D74E  :   10000111;
	0D74F  :   10000110;
	0D750  :   10000101;
	0D751  :   10000110;
	0D752  :   10000100;
	0D753  :   10000010;
	0D754  :   10000011;
	0D755  :   10000101;
	[0D756..0D757]  :   10000100;
	0D758  :   10000111;
	0D759  :   10000101;
	0D75A  :   10000010;
	[0D75B..0D75C]  :   10000000;
	[0D75D..0D75E]  :   10000010;
	[0D75F..0D760]  :   10000001;
	[0D761..0D765]  :   10000000;
	0D766  :   10000001;
	0D767  :   10000010;
	[0D768..0D769]  :   01111111;
	[0D76A..0D76B]  :   10000000;
	0D76C  :   01111110;
	0D76D  :   10000000;
	0D76E  :   10000001;
	0D76F  :   01111111;
	[0D770..0D773]  :   10000000;
	0D774  :   01111110;
	0D775  :   01111100;
	[0D776..0D777]  :   01111010;
	[0D778..0D77A]  :   01111001;
	[0D77B..0D77C]  :   01111010;
	[0D77D..0D77F]  :   01111001;
	[0D780..0D781]  :   01111000;
	[0D782..0D788]  :   01111001;
	[0D789..0D78A]  :   01111010;
	0D78B  :   01111011;
	0D78C  :   01111010;
	0D78D  :   01111001;
	0D78E  :   01110111;
	0D78F  :   01110110;
	0D790  :   01111010;
	[0D791..0D794]  :   01111011;
	0D795  :   01111001;
	0D796  :   01111000;
	0D797  :   01111011;
	0D798  :   01110100;
	0D799  :   01001101;
	0D79A  :   00011001;
	0D79B  :   00110000;
	0D79C  :   01101011;
	0D79D  :   01110101;
	0D79E  :   01110100;
	0D79F  :   01110011;
	[0D7A0..0D7A1]  :   01110101;
	[0D7A2..0D7A3]  :   01110110;
	0D7A4  :   01110100;
	[0D7A5..0D7A6]  :   01110001;
	0D7A7  :   01110010;
	0D7A8  :   01110011;
	0D7A9  :   01101111;
	0D7AA  :   01010101;
	0D7AB  :   00101001;
	0D7AC  :   00100000;
	0D7AD  :   00101001;
	0D7AE  :   00100101;
	[0D7AF..0D7B0]  :   00011100;
	0D7B1  :   00011101;
	0D7B2  :   00100010;
	0D7B3  :   00101010;
	0D7B4  :   00111101;
	0D7B5  :   01010110;
	0D7B6  :   01101111;
	[0D7B7..0D7B8]  :   01110100;
	0D7B9  :   01110110;
	0D7BA  :   01110100;
	[0D7BB..0D7BC]  :   01110001;
	0D7BD  :   01110100;
	0D7BE  :   01110111;
	0D7BF  :   01111000;
	0D7C0  :   01110101;
	[0D7C1..0D7C2]  :   01110100;
	0D7C3  :   01110110;
	0D7C4  :   01111000;
	[0D7C5..0D7C6]  :   01111001;
	0D7C7  :   01111000;
	[0D7C8..0D7CC]  :   01111001;
	0D7CD  :   01111010;
	0D7CE  :   01111100;
	0D7CF  :   01111110;
	0D7D0  :   01111010;
	[0D7D1..0D7D4]  :   01111100;
	0D7D5  :   01111011;
	0D7D6  :   01111001;
	0D7D7  :   01110110;
	0D7D8  :   01110101;
	0D7D9  :   01110110;
	0D7DA  :   01111000;
	0D7DB  :   01111001;
	0D7DC  :   01111010;
	0D7DD  :   01111011;
	0D7DE  :   01111100;
	0D7DF  :   01111011;
	0D7E0  :   01111101;
	0D7E1  :   01111110;
	0D7E2  :   01111100;
	0D7E3  :   01111001;
	0D7E4  :   01111000;
	0D7E5  :   01111010;
	0D7E6  :   01111001;
	[0D7E7..0D7E8]  :   01110110;
	[0D7E9..0D7EC]  :   01110111;
	0D7ED  :   01111000;
	[0D7EE..0D7EF]  :   01111001;
	0D7F0  :   01111010;
	0D7F1  :   01111110;
	0D7F2  :   10000000;
	[0D7F3..0D7F4]  :   01111111;
	0D7F5  :   10000010;
	0D7F6  :   10000101;
	0D7F7  :   10000110;
	0D7F8  :   10000101;
	[0D7F9..0D7FA]  :   10000110;
	0D7FB  :   10000101;
	0D7FC  :   10000110;
	[0D7FD..0D7FE]  :   10001001;
	[0D7FF..0D801]  :   10000110;
	0D802  :   10000100;
	0D803  :   10000011;
	0D804  :   10000001;
	0D805  :   10000011;
	0D806  :   10000110;
	[0D807..0D808]  :   10001001;
	0D809  :   10001000;
	0D80A  :   10001001;
	0D80B  :   10001011;
	[0D80C..0D80F]  :   10001101;
	[0D810..0D812]  :   10010001;
	0D813  :   10010000;
	0D814  :   10001110;
	0D815  :   10001111;
	0D816  :   10010000;
	0D817  :   10010010;
	0D818  :   10010000;
	0D819  :   10010001;
	0D81A  :   10010000;
	0D81B  :   10001100;
	0D81C  :   10001000;
	0D81D  :   10000110;
	[0D81E..0D81F]  :   10000111;
	0D820  :   10001000;
	0D821  :   10001001;
	0D822  :   10001011;
	0D823  :   10001110;
	[0D824..0D825]  :   10010000;
	[0D826..0D827]  :   10010001;
	[0D828..0D82B]  :   10010000;
	0D82C  :   10001111;
	0D82D  :   10001110;
	0D82E  :   10001111;
	[0D82F..0D831]  :   10010000;
	0D832  :   10001111;
	0D833  :   10001110;
	0D834  :   10001101;
	0D835  :   10001100;
	0D836  :   10001011;
	[0D837..0D83A]  :   10001010;
	0D83B  :   10001100;
	0D83C  :   10001111;
	[0D83D..0D83E]  :   10010001;
	[0D83F..0D840]  :   10010000;
	0D841  :   10010001;
	0D842  :   10010000;
	[0D843..0D844]  :   10001110;
	0D845  :   10010000;
	[0D846..0D847]  :   10010010;
	0D848  :   10010011;
	[0D849..0D84C]  :   10010010;
	[0D84D..0D850]  :   10010001;
	0D851  :   10001111;
	0D852  :   10001101;
	[0D853..0D854]  :   10001100;
	0D855  :   10001101;
	0D856  :   10001111;
	0D857  :   10010000;
	0D858  :   10010001;
	0D859  :   10010000;
	[0D85A..0D85B]  :   10001111;
	0D85C  :   10010000;
	[0D85D..0D85F]  :   10010001;
	0D860  :   10001111;
	0D861  :   10010001;
	0D862  :   10010010;
	[0D863..0D865]  :   10010011;
	0D866  :   10010010;
	0D867  :   10010001;
	0D868  :   10010010;
	[0D869..0D86A]  :   10010001;
	[0D86B..0D86C]  :   10010010;
	[0D86D..0D86E]  :   10010001;
	[0D86F..0D871]  :   10010000;
	0D872  :   10001111;
	[0D873..0D874]  :   10010000;
	0D875  :   10001111;
	[0D876..0D877]  :   10001101;
	0D878  :   10001100;
	0D879  :   10001011;
	[0D87A..0D87C]  :   10001010;
	0D87D  :   10001001;
	[0D87E..0D881]  :   10001000;
	[0D882..0D885]  :   10001001;
	[0D886..0D887]  :   10001000;
	0D888  :   10000111;
	[0D889..0D88A]  :   10001000;
	0D88B  :   10000110;
	[0D88C..0D88D]  :   10000101;
	0D88E  :   10000100;
	0D88F  :   10000010;
	[0D890..0D891]  :   10000001;
	0D892  :   01111110;
	0D893  :   01111011;
	0D894  :   01111110;
	0D895  :   10000010;
	0D896  :   10000011;
	[0D897..0D898]  :   10000100;
	0D899  :   10000010;
	0D89A  :   01111111;
	[0D89B..0D89C]  :   01111110;
	[0D89D..0D89E]  :   01111111;
	[0D89F..0D8A1]  :   01111110;
	0D8A2  :   01111101;
	[0D8A3..0D8A4]  :   01111100;
	0D8A5  :   01111011;
	0D8A6  :   01111100;
	[0D8A7..0D8A8]  :   01111101;
	[0D8A9..0D8AA]  :   01111100;
	0D8AB  :   01111011;
	0D8AC  :   01111010;
	0D8AD  :   01111011;
	0D8AE  :   01111100;
	0D8AF  :   01111010;
	0D8B0  :   01111011;
	[0D8B1..0D8B2]  :   01111010;
	[0D8B3..0D8B4]  :   01111011;
	[0D8B5..0D8B7]  :   01111010;
	[0D8B8..0D8BA]  :   01110111;
	0D8BB  :   01111000;
	0D8BC  :   01110111;
	[0D8BD..0D8BF]  :   01110110;
	0D8C0  :   01110101;
	[0D8C1..0D8C2]  :   01110110;
	0D8C3  :   01110101;
	[0D8C4..0D8C6]  :   01110011;
	[0D8C7..0D8C9]  :   01110101;
	[0D8CA..0D8CC]  :   01110110;
	[0D8CD..0D8CE]  :   01110101;
	0D8CF  :   01110100;
	[0D8D0..0D8D3]  :   01110110;
	0D8D4  :   01110100;
	0D8D5  :   01110000;
	0D8D6  :   01101111;
	0D8D7  :   01110010;
	0D8D8  :   01110000;
	0D8D9  :   01001010;
	0D8DA  :   00011000;
	0D8DB  :   00111010;
	[0D8DC..0D8DE]  :   01101111;
	0D8DF  :   01110010;
	0D8E0  :   01101111;
	0D8E1  :   01110000;
	[0D8E2..0D8E3]  :   01110001;
	0D8E4  :   01110000;
	0D8E5  :   01101111;
	0D8E6  :   01110000;
	0D8E7  :   01110001;
	0D8E8  :   01110010;
	0D8E9  :   01100101;
	0D8EA  :   01000100;
	[0D8EB..0D8EC]  :   00100011;
	0D8ED  :   00101000;
	0D8EE  :   00101101;
	0D8EF  :   00101000;
	0D8F0  :   00100111;
	0D8F1  :   00101000;
	0D8F2  :   00110000;
	0D8F3  :   00110010;
	0D8F4  :   00111010;
	0D8F5  :   01010000;
	0D8F6  :   01101001;
	0D8F7  :   01101110;
	0D8F8  :   01101011;
	0D8F9  :   01101111;
	0D8FA  :   01110001;
	0D8FB  :   01110000;
	0D8FC  :   01110001;
	[0D8FD..0D8FE]  :   01110011;
	0D8FF  :   01110101;
	0D900  :   01110111;
	0D901  :   01110101;
	0D902  :   01110100;
	0D903  :   01110101;
	[0D904..0D905]  :   01110110;
	0D906  :   01110101;
	0D907  :   01110011;
	[0D908..0D909]  :   01110101;
	0D90A  :   01110110;
	[0D90B..0D90C]  :   01111000;
	0D90D  :   01110111;
	0D90E  :   01111000;
	0D90F  :   01111010;
	[0D910..0D911]  :   01111000;
	0D912  :   01111001;
	0D913  :   01111010;
	[0D914..0D915]  :   01111011;
	0D916  :   01111010;
	0D917  :   01111000;
	0D918  :   01110111;
	[0D919..0D91A]  :   01111001;
	0D91B  :   01111010;
	0D91C  :   01111011;
	0D91D  :   01111100;
	[0D91E..0D91F]  :   01111101;
	0D920  :   01111110;
	0D921  :   01111100;
	0D922  :   01111001;
	[0D923..0D924]  :   01110111;
	0D925  :   01111010;
	[0D926..0D927]  :   01111100;
	[0D928..0D92A]  :   01111011;
	[0D92B..0D92C]  :   01111010;
	0D92D  :   01111011;
	0D92E  :   01111100;
	0D92F  :   01111101;
	0D930  :   01111100;
	0D931  :   10000000;
	0D932  :   10000010;
	0D933  :   10000000;
	0D934  :   10000010;
	0D935  :   10000110;
	0D936  :   10000111;
	[0D937..0D938]  :   10000101;
	[0D939..0D93A]  :   10000111;
	[0D93B..0D93C]  :   10000101;
	[0D93D..0D93E]  :   10000111;
	[0D93F..0D941]  :   10000100;
	[0D942..0D943]  :   10000101;
	[0D944..0D945]  :   10000100;
	0D946  :   10000111;
	0D947  :   10001010;
	0D948  :   10001011;
	0D949  :   10001010;
	0D94A  :   10001001;
	[0D94B..0D94C]  :   10001011;
	0D94D  :   10001010;
	0D94E  :   10001001;
	0D94F  :   10001010;
	0D950  :   10001100;
	0D951  :   10001101;
	0D952  :   10001100;
	0D953  :   10001011;
	0D954  :   10001010;
	0D955  :   10001011;
	0D956  :   10001101;
	0D957  :   10001110;
	0D958  :   10001101;
	0D959  :   10001110;
	0D95A  :   10001100;
	0D95B  :   10001010;
	0D95C  :   10000111;
	0D95D  :   10001000;
	0D95E  :   10001010;
	[0D95F..0D961]  :   10001011;
	0D962  :   10001100;
	0D963  :   10010000;
	[0D964..0D965]  :   10010010;
	[0D966..0D967]  :   10010011;
	0D968  :   10010010;
	[0D969..0D96A]  :   10010001;
	0D96B  :   10010010;
	0D96C  :   10010011;
	0D96D  :   10010010;
	[0D96E..0D96F]  :   10010001;
	[0D970..0D971]  :   10010000;
	0D972  :   10001110;
	0D973  :   10001101;
	[0D974..0D976]  :   10001100;
	0D977  :   10001011;
	0D978  :   10000110;
	0D979  :   10000101;
	0D97A  :   10000110;
	0D97B  :   10001010;
	[0D97C..0D97D]  :   10001101;
	[0D97E..0D97F]  :   10001011;
	0D980  :   10001110;
	[0D981..0D982]  :   10001111;
	0D983  :   10001110;
	0D984  :   10001101;
	[0D985..0D986]  :   10001111;
	0D987  :   10001110;
	[0D988..0D98A]  :   10001011;
	[0D98B..0D991]  :   10001010;
	0D992  :   10001001;
	[0D993..0D994]  :   10001000;
	0D995  :   10001010;
	0D996  :   10001100;
	0D997  :   10001101;
	[0D998..0D999]  :   10001111;
	0D99A  :   10001110;
	0D99B  :   10001101;
	0D99C  :   10001110;
	0D99D  :   10001111;
	0D99E  :   10001110;
	0D99F  :   10001101;
	0D9A0  :   10001110;
	0D9A1  :   10010000;
	[0D9A2..0D9A4]  :   10010001;
	[0D9A5..0D9A7]  :   10010000;
	[0D9A8..0D9AA]  :   10001111;
	[0D9AB..0D9AC]  :   10001110;
	[0D9AD..0D9AE]  :   10001101;
	[0D9AF..0D9B0]  :   10001100;
	0D9B1  :   10001011;
	0D9B2  :   10001010;
	[0D9B3..0D9B4]  :   10001011;
	0D9B5  :   10001010;
	[0D9B6..0D9B7]  :   10001000;
	0D9B8  :   10001001;
	0D9B9  :   10000111;
	[0D9BA..0D9BC]  :   10000110;
	[0D9BD..0D9BE]  :   10000101;
	[0D9BF..0D9C2]  :   10000110;
	0D9C3  :   10000101;
	[0D9C4..0D9C6]  :   10000100;
	0D9C7  :   10000011;
	0D9C8  :   10000100;
	[0D9C9..0D9CA]  :   10000110;
	0D9CB  :   10000011;
	[0D9CC..0D9CE]  :   10000001;
	0D9CF  :   01111111;
	0D9D0  :   01111100;
	0D9D1  :   01111101;
	0D9D2  :   01111011;
	0D9D3  :   01111000;
	0D9D4  :   01111010;
	0D9D5  :   01111101;
	[0D9D6..0D9D7]  :   01111110;
	[0D9D8..0D9D9]  :   01111101;
	0D9DA  :   01111100;
	[0D9DB..0D9DC]  :   01111011;
	[0D9DD..0D9DF]  :   01111100;
	0D9E0  :   01111011;
	[0D9E1..0D9E3]  :   01111010;
	0D9E4  :   01111000;
	0D9E5  :   01110111;
	0D9E6  :   01111000;
	0D9E7  :   01111010;
	0D9E8  :   01111001;
	0D9E9  :   01111000;
	0D9EA  :   01110111;
	0D9EB  :   01110110;
	0D9EC  :   01110101;
	[0D9ED..0D9EE]  :   01110111;
	0D9EF  :   01110100;
	[0D9F0..0D9F2]  :   01110010;
	0D9F3  :   01110100;
	0D9F4  :   01110101;
	[0D9F5..0D9FA]  :   01110110;
	0D9FB  :   01110101;
	0D9FC  :   01110100;
	0D9FD  :   01110011;
	0D9FE  :   01110010;
	[0D9FF..0DA00]  :   01110011;
	0DA01  :   01110100;
	0DA02  :   01110011;
	0DA03  :   01110010;
	0DA04  :   01110000;
	0DA05  :   01101111;
	0DA06  :   01110000;
	[0DA07..0DA08]  :   01110010;
	0DA09  :   01110001;
	[0DA0A..0DA0B]  :   01110000;
	0DA0C  :   01110001;
	[0DA0D..0DA0F]  :   01110010;
	0DA10  :   01110001;
	0DA11  :   01110010;
	0DA12  :   01110000;
	0DA13  :   01101101;
	0DA14  :   01101011;
	[0DA15..0DA16]  :   01101000;
	0DA17  :   01101010;
	0DA18  :   01101100;
	0DA19  :   01010000;
	0DA1A  :   00101100;
	0DA1B  :   01000101;
	0DA1C  :   01101111;
	0DA1D  :   01101100;
	0DA1E  :   01101010;
	0DA1F  :   01101100;
	0DA20  :   01101001;
	[0DA21..0DA22]  :   01101011;
	0DA23  :   01101010;
	0DA24  :   01101001;
	[0DA25..0DA27]  :   01101010;
	0DA28  :   01101001;
	0DA29  :   01010101;
	0DA2A  :   00110111;
	0DA2B  :   00101011;
	0DA2C  :   00101100;
	0DA2D  :   00101010;
	0DA2E  :   00101111;
	0DA2F  :   00110101;
	0DA30  :   00110010;
	0DA31  :   00110100;
	[0DA32..0DA33]  :   00111100;
	0DA34  :   00111111;
	0DA35  :   01001001;
	0DA36  :   01010110;
	0DA37  :   01011010;
	0DA38  :   01011100;
	0DA39  :   01100011;
	0DA3A  :   01100110;
	0DA3B  :   01100111;
	0DA3C  :   01101011;
	[0DA3D..0DA3E]  :   01101110;
	0DA3F  :   01110000;
	[0DA40..0DA41]  :   01110010;
	[0DA42..0DA43]  :   01110001;
	0DA44  :   01110000;
	0DA45  :   01101110;
	0DA46  :   01101100;
	0DA47  :   01101010;
	[0DA48..0DA49]  :   01101001;
	0DA4A  :   01101100;
	0DA4B  :   01110001;
	0DA4C  :   01110100;
	0DA4D  :   01110101;
	0DA4E  :   01110110;
	0DA4F  :   01111000;
	0DA50  :   01110100;
	[0DA51..0DA52]  :   01110010;
	0DA53  :   01110101;
	[0DA54..0DA55]  :   01111000;
	0DA56  :   01110111;
	0DA57  :   01111000;
	0DA58  :   01111001;
	[0DA59..0DA5C]  :   01111010;
	0DA5D  :   01111011;
	[0DA5E..0DA5F]  :   01111100;
	0DA60  :   01111000;
	0DA61  :   01110110;
	0DA62  :   01110100;
	0DA63  :   01110101;
	[0DA64..0DA65]  :   01110100;
	0DA66  :   01110110;
	0DA67  :   01111001;
	0DA68  :   01111011;
	0DA69  :   01111100;
	0DA6A  :   01111101;
	0DA6B  :   01111100;
	[0DA6C..0DA6D]  :   01111011;
	0DA6E  :   01111101;
	0DA6F  :   01111111;
	0DA70  :   01111110;
	0DA71  :   10000000;
	[0DA72..0DA73]  :   10000001;
	0DA74  :   10000010;
	0DA75  :   10000100;
	0DA76  :   10000011;
	0DA77  :   10000001;
	0DA78  :   10000000;
	0DA79  :   10000010;
	0DA7A  :   10000011;
	0DA7B  :   10000100;
	0DA7C  :   10000101;
	[0DA7D..0DA7F]  :   10000110;
	0DA80  :   10000001;
	0DA81  :   10000011;
	0DA82  :   10000111;
	[0DA83..0DA84]  :   10001010;
	0DA85  :   10001000;
	0DA86  :   10000111;
	0DA87  :   10001001;
	0DA88  :   10001010;
	0DA89  :   10001001;
	[0DA8A..0DA8B]  :   10001000;
	0DA8C  :   10000111;
	0DA8D  :   10000101;
	0DA8E  :   10000110;
	[0DA8F..0DA90]  :   10000111;
	[0DA91..0DA92]  :   10001000;
	0DA93  :   10000110;
	0DA94  :   10000101;
	0DA95  :   10000110;
	0DA96  :   10001000;
	0DA97  :   10001001;
	[0DA98..0DA9A]  :   10001010;
	[0DA9B..0DA9C]  :   10001000;
	0DA9D  :   10001010;
	0DA9E  :   10001101;
	[0DA9F..0DAA4]  :   10001111;
	0DAA5  :   10001110;
	[0DAA6..0DAA7]  :   10001111;
	0DAA8  :   10010001;
	[0DAA9..0DAAA]  :   10010000;
	0DAAB  :   10010010;
	0DAAC  :   10010100;
	0DAAD  :   10010011;
	0DAAE  :   10010010;
	0DAAF  :   10010001;
	0DAB0  :   10010010;
	0DAB1  :   10010001;
	0DAB2  :   10010000;
	0DAB3  :   10001110;
	[0DAB4..0DAB6]  :   10001101;
	0DAB7  :   10001100;
	0DAB8  :   10000111;
	[0DAB9..0DABA]  :   10000110;
	0DABB  :   10001000;
	0DABC  :   10001010;
	[0DABD..0DABF]  :   10001011;
	0DAC0  :   10001000;
	0DAC1  :   10001001;
	0DAC2  :   10001010;
	[0DAC3..0DAC5]  :   10001001;
	0DAC6  :   10001000;
	[0DAC7..0DACE]  :   10000111;
	0DACF  :   10001000;
	0DAD0  :   10000110;
	0DAD1  :   10000111;
	0DAD2  :   10001000;
	[0DAD3..0DAD5]  :   10001001;
	[0DAD6..0DAD9]  :   10001010;
	[0DADA..0DADB]  :   10001011;
	[0DADC..0DADD]  :   10001100;
	0DADE  :   10001010;
	0DADF  :   10001000;
	0DAE0  :   10001010;
	0DAE1  :   10001011;
	[0DAE2..0DAE3]  :   10001100;
	[0DAE4..0DAE6]  :   10001011;
	0DAE7  :   10001010;
	0DAE8  :   10001001;
	[0DAE9..0DAEA]  :   10001010;
	0DAEB  :   10001001;
	0DAEC  :   10000111;
	[0DAED..0DAEE]  :   10000110;
	0DAEF  :   10000101;
	0DAF0  :   10001000;
	0DAF1  :   10000110;
	[0DAF2..0DAF5]  :   10000101;
	[0DAF6..0DAF7]  :   10000100;
	0DAF8  :   10000001;
	[0DAF9..0DAFA]  :   10000000;
	[0DAFB..0DAFC]  :   10000001;
	[0DAFD..0DAFE]  :   10000000;
	[0DAFF..0DB01]  :   10000001;
	0DB02  :   10000000;
	0DB03  :   01111110;
	0DB04  :   01111100;
	[0DB05..0DB06]  :   01111011;
	0DB07  :   01111010;
	0DB08  :   01111100;
	[0DB09..0DB0A]  :   01111111;
	0DB0B  :   01111101;
	0DB0C  :   01111100;
	0DB0D  :   01111101;
	[0DB0E..0DB0F]  :   01111110;
	0DB10  :   01111001;
	0DB11  :   01111100;
	0DB12  :   01111011;
	[0DB13..0DB15]  :   01110111;
	0DB16  :   01110101;
	0DB17  :   01110011;
	0DB18  :   01110101;
	0DB19  :   01110111;
	[0DB1A..0DB1B]  :   01111000;
	[0DB1C..0DB1E]  :   01110111;
	[0DB1F..0DB21]  :   01111000;
	0DB22  :   01111001;
	0DB23  :   01111000;
	0DB24  :   01110110;
	0DB25  :   01110101;
	0DB26  :   01110110;
	0DB27  :   01111000;
	0DB28  :   01110110;
	[0DB29..0DB2C]  :   01110100;
	0DB2D  :   01110110;
	0DB2E  :   01110101;
	0DB2F  :   01110010;
	0DB30  :   01110001;
	[0DB31..0DB32]  :   01110000;
	0DB33  :   01110010;
	0DB34  :   01110100;
	0DB35  :   01110101;
	[0DB36..0DB39]  :   01110100;
	0DB3A  :   01110011;
	0DB3B  :   01110010;
	0DB3C  :   01110000;
	0DB3D  :   01101111;
	0DB3E  :   01101110;
	0DB3F  :   01101111;
	[0DB40..0DB41]  :   01110000;
	0DB42  :   01101111;
	0DB43  :   01101110;
	[0DB44..0DB45]  :   01101100;
	0DB46  :   01101101;
	[0DB47..0DB48]  :   01101111;
	0DB49  :   01101100;
	0DB4A  :   01101001;
	0DB4B  :   01101000;
	0DB4C  :   01101001;
	[0DB4D..0DB4F]  :   01101010;
	0DB50  :   01101011;
	0DB51  :   01101101;
	0DB52  :   01101010;
	0DB53  :   01100101;
	0DB54  :   01100100;
	0DB55  :   01100110;
	0DB56  :   01100111;
	[0DB57..0DB58]  :   01101001;
	0DB59  :   01011111;
	0DB5A  :   01010000;
	0DB5B  :   01010100;
	0DB5C  :   01100111;
	0DB5D  :   01100101;
	0DB5E  :   01100111;
	0DB5F  :   01100110;
	0DB60  :   01100101;
	[0DB61..0DB62]  :   01100110;
	0DB63  :   01100011;
	0DB64  :   01100010;
	[0DB65..0DB66]  :   01100011;
	0DB67  :   01100001;
	0DB68  :   01011101;
	0DB69  :   01010001;
	0DB6A  :   00111110;
	0DB6B  :   00111101;
	0DB6C  :   00111100;
	0DB6D  :   00111001;
	0DB6E  :   00110111;
	0DB6F  :   00111001;
	0DB70  :   00111101;
	0DB71  :   00111111;
	0DB72  :   01000011;
	0DB73  :   01000001;
	0DB74  :   01000101;
	0DB75  :   01000110;
	0DB76  :   01001010;
	0DB77  :   01010000;
	0DB78  :   01010100;
	0DB79  :   01011000;
	0DB7A  :   01010111;
	0DB7B  :   01010101;
	0DB7C  :   01011011;
	0DB7D  :   01100000;
	0DB7E  :   01100101;
	0DB7F  :   01101010;
	0DB80  :   01101001;
	0DB81  :   01101010;
	0DB82  :   01101100;
	0DB83  :   01101011;
	0DB84  :   01101010;
	0DB85  :   01101000;
	0DB86  :   01100110;
	0DB87  :   01100101;
	0DB88  :   01101010;
	0DB89  :   01101001;
	0DB8A  :   01101011;
	0DB8B  :   01101110;
	[0DB8C..0DB8D]  :   01110001;
	0DB8E  :   01110011;
	0DB8F  :   01110101;
	0DB90  :   01110011;
	[0DB91..0DB92]  :   01101111;
	0DB93  :   01110011;
	[0DB94..0DB95]  :   01110110;
	0DB96  :   01110101;
	0DB97  :   01110111;
	[0DB98..0DB9A]  :   01110110;
	[0DB9B..0DB9C]  :   01110101;
	[0DB9D..0DB9F]  :   01110110;
	0DBA0  :   01110101;
	0DBA1  :   01110000;
	0DBA2  :   01101101;
	0DBA3  :   01101111;
	0DBA4  :   01101101;
	0DBA5  :   01101001;
	0DBA6  :   01101100;
	0DBA7  :   01110100;
	0DBA8  :   01110101;
	0DBA9  :   01111000;
	0DBAA  :   01111011;
	0DBAB  :   01111100;
	0DBAC  :   01111001;
	0DBAD  :   01111000;
	0DBAE  :   01111010;
	0DBAF  :   01111101;
	0DBB0  :   01111010;
	0DBB1  :   01111100;
	[0DBB2..0DBB4]  :   01111111;
	0DBB5  :   01111110;
	0DBB6  :   01111111;
	0DBB7  :   10000001;
	0DBB8  :   01111110;
	0DBB9  :   10000000;
	0DBBA  :   10000001;
	0DBBB  :   10000010;
	[0DBBC..0DBBE]  :   10000001;
	0DBBF  :   10000000;
	0DBC0  :   10000001;
	0DBC1  :   10000011;
	0DBC2  :   10000110;
	0DBC3  :   10001000;
	0DBC4  :   10000111;
	[0DBC5..0DBC6]  :   10000101;
	[0DBC7..0DBC8]  :   10000111;
	0DBC9  :   10000110;
	[0DBCA..0DBCB]  :   10000101;
	[0DBCC..0DBCD]  :   10000011;
	0DBCE  :   10000100;
	[0DBCF..0DBD0]  :   10000111;
	[0DBD1..0DBD2]  :   10001001;
	0DBD3  :   10000111;
	0DBD4  :   10000110;
	0DBD5  :   10000111;
	[0DBD6..0DBD7]  :   10001000;
	[0DBD8..0DBDA]  :   10001010;
	[0DBDB..0DBDC]  :   10001000;
	0DBDD  :   10001001;
	[0DBDE..0DBDF]  :   10001011;
	0DBE0  :   10001010;
	0DBE1  :   10001011;
	0DBE2  :   10001100;
	0DBE3  :   10001011;
	0DBE4  :   10001010;
	0DBE5  :   10001011;
	0DBE6  :   10001101;
	[0DBE7..0DBE8]  :   10001110;
	0DBE9  :   10001100;
	0DBEA  :   10001011;
	0DBEB  :   10001101;
	[0DBEC..0DBED]  :   10001111;
	[0DBEE..0DBF0]  :   10001101;
	0DBF1  :   10001100;
	0DBF2  :   10001010;
	0DBF3  :   10001000;
	[0DBF4..0DBF5]  :   10000111;
	0DBF6  :   10000110;
	[0DBF7..0DBF8]  :   10000100;
	0DBF9  :   10000011;
	0DBFA  :   10000010;
	0DBFB  :   10000001;
	0DBFC  :   10000010;
	0DBFD  :   10000101;
	0DBFE  :   10001000;
	0DBFF  :   10001001;
	0DC00  :   10000011;
	0DC01  :   10000101;
	0DC02  :   10000110;
	[0DC03..0DC05]  :   10000111;
	0DC06  :   10000110;
	0DC07  :   10000101;
	[0DC08..0DC12]  :   10000111;
	0DC13  :   10001001;
	0DC14  :   10001011;
	0DC15  :   10000111;
	0DC16  :   10000101;
	0DC17  :   10001011;
	0DC18  :   10001000;
	0DC19  :   10001001;
	0DC1A  :   10001010;
	0DC1B  :   10001001;
	0DC1C  :   10001000;
	0DC1D  :   10001001;
	[0DC1E..0DC20]  :   10001010;
	0DC21  :   10001001;
	[0DC22..0DC24]  :   10001000;
	0DC25  :   10000111;
	0DC26  :   10000101;
	0DC27  :   10000011;
	[0DC28..0DC29]  :   10000000;
	0DC2A  :   10000011;
	0DC2B  :   10000100;
	[0DC2C..0DC2D]  :   10000011;
	0DC2E  :   10000100;
	[0DC2F..0DC30]  :   10000011;
	0DC31  :   10000001;
	0DC32  :   01111111;
	0DC33  :   10000000;
	0DC34  :   10000010;
	0DC35  :   10000011;
	[0DC36..0DC37]  :   10000010;
	0DC38  :   01111111;
	0DC39  :   01111100;
	0DC3A  :   01111011;
	0DC3B  :   01111100;
	0DC3C  :   01111110;
	0DC3D  :   01111111;
	0DC3E  :   01111110;
	0DC3F  :   01111100;
	0DC40  :   01111110;
	0DC41  :   01111101;
	0DC42  :   01111100;
	0DC43  :   01111010;
	0DC44  :   01111000;
	0DC45  :   01110110;
	0DC46  :   01110111;
	0DC47  :   01111001;
	0DC48  :   01111010;
	[0DC49..0DC4A]  :   01111100;
	0DC4B  :   01111010;
	0DC4C  :   01111011;
	0DC4D  :   01111010;
	0DC4E  :   01110110;
	0DC4F  :   01110011;
	[0DC50..0DC51]  :   01110001;
	[0DC52..0DC53]  :   01110000;
	0DC54  :   01110001;
	0DC55  :   01110011;
	0DC56  :   01110010;
	0DC57  :   01110000;
	0DC58  :   01110010;
	[0DC59..0DC5B]  :   01110100;
	0DC5C  :   01110101;
	0DC5D  :   01110110;
	0DC5E  :   01110101;
	[0DC5F..0DC60]  :   01110011;
	0DC61  :   01110100;
	0DC62  :   01110101;
	0DC63  :   01110100;
	0DC64  :   01110011;
	0DC65  :   01110010;
	0DC66  :   01110100;
	0DC67  :   01110110;
	0DC68  :   01110010;
	0DC69  :   01110001;
	0DC6A  :   01110000;
	0DC6B  :   01110010;
	[0DC6C..0DC6E]  :   01110011;
	0DC6F  :   01110010;
	[0DC70..0DC71]  :   01101111;
	0DC72  :   01110000;
	0DC73  :   01110011;
	0DC74  :   01110100;
	0DC75  :   01110010;
	0DC76  :   01101111;
	0DC77  :   01101101;
	0DC78  :   01101110;
	[0DC79..0DC7A]  :   01110001;
	0DC7B  :   01101101;
	0DC7C  :   01101011;
	0DC7D  :   01101100;
	[0DC7E..0DC80]  :   01101101;
	0DC81  :   01101100;
	0DC82  :   01101010;
	0DC83  :   01101001;
	0DC84  :   01101000;
	0DC85  :   01101001;
	[0DC86..0DC87]  :   01101010;
	[0DC88..0DC89]  :   01101000;
	0DC8A  :   01100110;
	[0DC8B..0DC8C]  :   01100101;
	[0DC8D..0DC8E]  :   01100111;
	0DC8F  :   01100101;
	0DC90  :   01100111;
	0DC91  :   01101000;
	0DC92  :   01100101;
	0DC93  :   01100001;
	0DC94  :   01100010;
	[0DC95..0DC98]  :   01100100;
	0DC99  :   01100010;
	0DC9A  :   01100001;
	0DC9B  :   01100010;
	0DC9C  :   01100100;
	[0DC9D..0DC9E]  :   01100010;
	0DC9F  :   01100100;
	[0DCA0..0DCA1]  :   01100011;
	0DCA2  :   01100001;
	0DCA3  :   01011110;
	0DCA4  :   01011100;
	0DCA5  :   01011011;
	0DCA6  :   01011001;
	0DCA7  :   01010111;
	0DCA8  :   01010100;
	0DCA9  :   01001110;
	0DCAA  :   01001000;
	0DCAB  :   01000111;
	0DCAC  :   01000101;
	0DCAD  :   01000010;
	[0DCAE..0DCAF]  :   01000000;
	0DCB0  :   01000001;
	[0DCB1..0DCB2]  :   01000101;
	0DCB3  :   01000110;
	0DCB4  :   01001011;
	0DCB5  :   01001101;
	0DCB6  :   01001110;
	0DCB7  :   01010010;
	[0DCB8..0DCB9]  :   01010110;
	0DCBA  :   01010101;
	0DCBB  :   01010010;
	0DCBC  :   01010001;
	0DCBD  :   01010101;
	0DCBE  :   01011101;
	0DCBF  :   01100100;
	[0DCC0..0DCC1]  :   01100011;
	0DCC2  :   01100101;
	0DCC3  :   01101000;
	0DCC4  :   01101010;
	0DCC5  :   01100111;
	0DCC6  :   01100011;
	0DCC7  :   01011111;
	0DCC8  :   01100011;
	0DCC9  :   01100101;
	0DCCA  :   01100110;
	0DCCB  :   01101000;
	0DCCC  :   01101101;
	0DCCD  :   01101111;
	0DCCE  :   01101110;
	0DCCF  :   01101101;
	0DCD0  :   01101100;
	[0DCD1..0DCD3]  :   01101101;
	0DCD4  :   01101111;
	0DCD5  :   01110001;
	0DCD6  :   01110011;
	0DCD7  :   01110010;
	[0DCD8..0DCDA]  :   01110001;
	0DCDB  :   01110010;
	0DCDC  :   01110011;
	[0DCDD..0DCDE]  :   01110100;
	[0DCDF..0DCE1]  :   01110011;
	0DCE2  :   01110010;
	0DCE3  :   01110001;
	0DCE4  :   01101110;
	0DCE5  :   01101101;
	0DCE6  :   01110000;
	0DCE7  :   01110100;
	0DCE8  :   01110010;
	0DCE9  :   01110110;
	[0DCEA..0DCEB]  :   01111001;
	[0DCEC..0DCEE]  :   01110111;
	0DCEF  :   01111000;
	[0DCF0..0DCF1]  :   01111001;
	0DCF2  :   01111011;
	[0DCF3..0DCF4]  :   01111110;
	[0DCF5..0DCF6]  :   01111100;
	0DCF7  :   01111111;
	0DCF8  :   01111110;
	[0DCF9..0DCFA]  :   10000000;
	[0DCFB..0DCFC]  :   01111111;
	0DCFD  :   01111110;
	0DCFE  :   01111101;
	0DCFF  :   01111110;
	0DD00  :   10000000;
	0DD01  :   10000001;
	[0DD02..0DD04]  :   10000010;
	0DD05  :   10000001;
	0DD06  :   10000010;
	0DD07  :   10000011;
	0DD08  :   10000010;
	0DD09  :   10000011;
	0DD0A  :   10000101;
	0DD0B  :   10000100;
	0DD0C  :   10000010;
	0DD0D  :   10000001;
	0DD0E  :   10000011;
	0DD0F  :   10000101;
	0DD10  :   10000110;
	0DD11  :   10000111;
	0DD12  :   10001010;
	0DD13  :   10001001;
	0DD14  :   10000110;
	0DD15  :   10000111;
	0DD16  :   10001001;
	[0DD17..0DD18]  :   10001000;
	[0DD19..0DD1A]  :   10001010;
	0DD1B  :   10001001;
	[0DD1C..0DD1E]  :   10001010;
	0DD1F  :   10001011;
	[0DD20..0DD21]  :   10001001;
	[0DD22..0DD23]  :   10001011;
	0DD24  :   10001010;
	0DD25  :   10001001;
	0DD26  :   10001010;
	0DD27  :   10001001;
	0DD28  :   10001000;
	0DD29  :   10000110;
	0DD2A  :   10000101;
	0DD2B  :   10000111;
	0DD2C  :   10001000;
	0DD2D  :   10000101;
	0DD2E  :   10000010;
	0DD2F  :   10000001;
	0DD30  :   01111111;
	0DD31  :   10000001;
	0DD32  :   10000000;
	0DD33  :   01111110;
	0DD34  :   01111111;
	0DD35  :   01111110;
	0DD36  :   01111101;
	0DD37  :   01111110;
	0DD38  :   01111011;
	0DD39  :   01111010;
	0DD3A  :   01111001;
	0DD3B  :   01111000;
	0DD3C  :   01111010;
	0DD3D  :   01111101;
	0DD3E  :   10000000;
	0DD3F  :   10000001;
	0DD40  :   10000100;
	0DD41  :   10000101;
	[0DD42..0DD47]  :   10000110;
	0DD48  :   10000101;
	0DD49  :   10000110;
	[0DD4A..0DD51]  :   10000111;
	0DD52  :   10000101;
	0DD53  :   10000110;
	0DD54  :   10001001;
	0DD55  :   10000110;
	0DD56  :   10000100;
	[0DD57..0DD59]  :   10001000;
	0DD5A  :   10000110;
	[0DD5B..0DD5C]  :   10000101;
	0DD5D  :   10000110;
	[0DD5E..0DD5F]  :   10001000;
	0DD60  :   10000110;
	[0DD61..0DD64]  :   10000101;
	0DD65  :   10000100;
	0DD66  :   10000011;
	0DD67  :   10000010;
	0DD68  :   01111111;
	0DD69  :   01111110;
	0DD6A  :   10000000;
	0DD6B  :   10000001;
	0DD6C  :   10000000;
	0DD6D  :   10000001;
	[0DD6E..0DD6F]  :   10000011;
	0DD70  :   10000010;
	0DD71  :   01111111;
	0DD72  :   01111101;
	0DD73  :   01111110;
	[0DD74..0DD75]  :   01111111;
	0DD76  :   01111110;
	0DD77  :   01111101;
	[0DD78..0DD79]  :   01111011;
	0DD7A  :   01111100;
	[0DD7B..0DD7C]  :   01111101;
	[0DD7D..0DD80]  :   01111011;
	0DD81  :   01111010;
	0DD82  :   01111001;
	0DD83  :   01110111;
	0DD84  :   01110101;
	0DD85  :   01110100;
	0DD86  :   01110101;
	0DD87  :   01110110;
	0DD88  :   01110101;
	0DD89  :   01110110;
	0DD8A  :   01110101;
	0DD8B  :   01110110;
	0DD8C  :   01111000;
	0DD8D  :   01110111;
	0DD8E  :   01110000;
	0DD8F  :   01101010;
	[0DD90..0DD91]  :   01101001;
	0DD92  :   01101010;
	0DD93  :   01101100;
	0DD94  :   01101110;
	0DD95  :   01110001;
	0DD96  :   01110010;
	[0DD97..0DD9C]  :   01110001;
	[0DD9D..0DDA0]  :   01110011;
	0DDA1  :   01110010;
	0DDA2  :   01110000;
	[0DDA3..0DDA5]  :   01101111;
	0DDA6  :   01101110;
	0DDA7  :   01101101;
	[0DDA8..0DDAA]  :   01101100;
	0DDAB  :   01101110;
	[0DDAC..0DDAD]  :   01101111;
	[0DDAE..0DDAF]  :   01101110;
	[0DDB0..0DDB1]  :   01101101;
	0DDB2  :   01101100;
	0DDB3  :   01101101;
	0DDB4  :   01101100;
	0DDB5  :   01101011;
	[0DDB6..0DDB7]  :   01101010;
	[0DDB8..0DDB9]  :   01101100;
	0DDBA  :   01101011;
	0DDBB  :   01101010;
	0DDBC  :   01101000;
	0DDBD  :   01100111;
	0DDBE  :   01101000;
	0DDBF  :   01101001;
	[0DDC0..0DDC1]  :   01100111;
	[0DDC2..0DDC4]  :   01100110;
	0DDC5  :   01100111;
	[0DDC6..0DDC7]  :   01101000;
	[0DDC8..0DDC9]  :   01100101;
	[0DDCA..0DDCE]  :   01100110;
	0DDCF  :   01100101;
	0DDD0  :   01100010;
	0DDD1  :   01100100;
	0DDD2  :   01100011;
	0DDD3  :   01100010;
	[0DDD4..0DDD5]  :   01100100;
	0DDD6  :   01100001;
	[0DDD7..0DDDA]  :   01100000;
	0DDDB  :   01011110;
	0DDDC  :   01011011;
	0DDDD  :   01011100;
	0DDDE  :   01011110;
	0DDDF  :   01100000;
	[0DDE0..0DDE1]  :   01011011;
	[0DDE2..0DDE3]  :   01011100;
	0DDE4  :   01011010;
	0DDE5  :   01010110;
	0DDE6  :   01010011;
	0DDE7  :   01010010;
	0DDE8  :   01010011;
	0DDE9  :   01001111;
	0DDEA  :   01001100;
	0DDEB  :   01001001;
	[0DDEC..0DDED]  :   01001000;
	[0DDEE..0DDEF]  :   01000111;
	0DDF0  :   01000110;
	0DDF1  :   01001001;
	0DDF2  :   01001100;
	0DDF3  :   01001110;
	0DDF4  :   01010010;
	[0DDF5..0DDF6]  :   01010100;
	[0DDF7..0DDFA]  :   01010110;
	[0DDFB..0DDFC]  :   01010100;
	0DDFD  :   01010110;
	0DDFE  :   01011010;
	0DDFF  :   01011101;
	0DE00  :   01011111;
	0DE01  :   01100000;
	[0DE02..0DE03]  :   01100001;
	0DE04  :   01100100;
	0DE05  :   01100110;
	0DE06  :   01100101;
	0DE07  :   01100011;
	0DE08  :   01100010;
	[0DE09..0DE0A]  :   01100011;
	0DE0B  :   01100101;
	0DE0C  :   01101000;
	0DE0D  :   01101001;
	0DE0E  :   01101000;
	0DE0F  :   01101010;
	0DE10  :   01101001;
	0DE11  :   01101010;
	[0DE12..0DE13]  :   01101011;
	0DE14  :   01101100;
	0DE15  :   01101110;
	0DE16  :   01101101;
	0DE17  :   01101100;
	0DE18  :   01101110;
	0DE19  :   01110000;
	[0DE1A..0DE1C]  :   01110001;
	[0DE1D..0DE1E]  :   01110010;
	0DE1F  :   01110001;
	0DE20  :   01110011;
	0DE21  :   01110010;
	[0DE22..0DE23]  :   01110001;
	[0DE24..0DE26]  :   01110010;
	0DE27  :   01110001;
	0DE28  :   01110010;
	0DE29  :   01110011;
	[0DE2A..0DE2B]  :   01110100;
	[0DE2C..0DE2F]  :   01110101;
	0DE30  :   01111000;
	0DE31  :   01111001;
	0DE32  :   01111010;
	[0DE33..0DE34]  :   01111011;
	[0DE35..0DE36]  :   01111010;
	0DE37  :   01111100;
	0DE38  :   01111010;
	[0DE39..0DE3B]  :   01111100;
	[0DE3C..0DE3E]  :   01111101;
	[0DE3F..0DE40]  :   01111111;
	[0DE41..0DE44]  :   01111110;
	0DE45  :   01111101;
	0DE46  :   01111110;
	0DE47  :   10000000;
	[0DE48..0DE49]  :   10000001;
	[0DE4A..0DE4B]  :   10000010;
	[0DE4C..0DE4E]  :   10000001;
	[0DE4F..0DE50]  :   10000010;
	0DE51  :   10000011;
	[0DE52..0DE53]  :   10000110;
	0DE54  :   10000100;
	0DE55  :   10000101;
	0DE56  :   10000111;
	0DE57  :   10000110;
	0DE58  :   10000111;
	[0DE59..0DE5A]  :   10001000;
	0DE5B  :   10000110;
	0DE5C  :   10000111;
	0DE5D  :   10000110;
	0DE5E  :   10000101;
	[0DE5F..0DE60]  :   10000111;
	0DE61  :   10000101;
	0DE62  :   10000100;
	0DE63  :   10000110;
	0DE64  :   10000111;
	0DE65  :   10001000;
	0DE66  :   10000110;
	0DE67  :   10000010;
	0DE68  :   10000001;
	0DE69  :   10000000;
	0DE6A  :   10000001;
	[0DE6B..0DE6C]  :   10000011;
	0DE6D  :   10000000;
	0DE6E  :   01111100;
	0DE6F  :   01111010;
	0DE70  :   01111100;
	0DE71  :   01111110;
	0DE72  :   01111101;
	0DE73  :   01111100;
	[0DE74..0DE75]  :   01111101;
	[0DE76..0DE77]  :   01111100;
	0DE78  :   01111011;
	[0DE79..0DE7A]  :   01111100;
	0DE7B  :   01111010;
	0DE7C  :   01111000;
	0DE7D  :   01111001;
	0DE7E  :   01111101;
	[0DE7F..0DE80]  :   10000001;
	[0DE81..0DE85]  :   10000010;
	0DE86  :   10000100;
	0DE87  :   10000101;
	0DE88  :   10000011;
	0DE89  :   10000100;
	[0DE8A..0DE8B]  :   10000101;
	[0DE8C..0DE8F]  :   10000100;
	0DE90  :   10000110;
	0DE91  :   10000101;
	0DE92  :   10000011;
	0DE93  :   10000010;
	0DE94  :   10000100;
	0DE95  :   10000011;
	0DE96  :   10000010;
	0DE97  :   10000011;
	0DE98  :   10000101;
	0DE99  :   10000100;
	0DE9A  :   10000010;
	[0DE9B..0DE9C]  :   10000001;
	[0DE9D..0DE9E]  :   10000010;
	[0DE9F..0DEA1]  :   10000001;
	[0DEA2..0DEA3]  :   10000000;
	[0DEA4..0DEA5]  :   01111111;
	[0DEA6..0DEA7]  :   10000000;
	0DEA8  :   01111101;
	0DEA9  :   01111100;
	0DEAA  :   01111101;
	[0DEAB..0DEAC]  :   01111110;
	0DEAD  :   01111111;
	0DEAE  :   10000001;
	0DEAF  :   10000000;
	0DEB0  :   01111110;
	0DEB1  :   01111100;
	[0DEB2..0DEB3]  :   01111010;
	[0DEB4..0DEB5]  :   01111011;
	0DEB6  :   01111001;
	[0DEB7..0DEBA]  :   01111000;
	0DEBB  :   01111001;
	0DEBC  :   01111000;
	[0DEBD..0DEBE]  :   01110110;
	0DEBF  :   01110111;
	0DEC0  :   01110101;
	0DEC1  :   01110100;
	[0DEC2..0DEC3]  :   01110011;
	0DEC4  :   01110010;
	[0DEC5..0DEC8]  :   01110001;
	0DEC9  :   01110100;
	0DECA  :   01110011;
	[0DECB..0DECC]  :   01110001;
	0DECD  :   01101111;
	0DECE  :   01101100;
	0DECF  :   01101011;
	0DED0  :   01101001;
	0DED1  :   01101011;
	0DED2  :   01101100;
	0DED3  :   01101110;
	0DED4  :   01101111;
	0DED5  :   01110000;
	[0DED6..0DED7]  :   01110001;
	0DED8  :   01110010;
	[0DED9..0DEDB]  :   01110001;
	0DEDC  :   01101111;
	0DEDD  :   01101101;
	0DEDE  :   01101110;
	0DEDF  :   01101111;
	0DEE0  :   01101110;
	0DEE1  :   01101101;
	[0DEE2..0DEE3]  :   01101010;
	0DEE4  :   01101011;
	0DEE5  :   01101100;
	0DEE6  :   01101011;
	[0DEE7..0DEE9]  :   01101001;
	0DEEA  :   01101010;
	[0DEEB..0DEEC]  :   01101011;
	0DEED  :   01101010;
	[0DEEE..0DEF0]  :   01101001;
	0DEF1  :   01101000;
	[0DEF2..0DEF3]  :   01101001;
	[0DEF4..0DEF6]  :   01101000;
	0DEF7  :   01101010;
	0DEF8  :   01101001;
	0DEF9  :   01100110;
	[0DEFA..0DEFB]  :   01100101;
	0DEFC  :   01100100;
	[0DEFD..0DEFE]  :   01100010;
	0DEFF  :   01100100;
	0DF00  :   01100010;
	[0DF01..0DF03]  :   01100011;
	0DF04  :   01100100;
	[0DF05..0DF06]  :   01100101;
	0DF07  :   01100110;
	0DF08  :   01100100;
	0DF09  :   01100101;
	[0DF0A..0DF0B]  :   01100110;
	0DF0C  :   01100011;
	0DF0D  :   01011111;
	0DF0E  :   01011110;
	[0DF0F..0DF10]  :   01011111;
	[0DF11..0DF14]  :   01100000;
	0DF15  :   01011110;
	[0DF16..0DF18]  :   01011010;
	0DF19  :   01011011;
	0DF1A  :   01011100;
	0DF1B  :   01011000;
	[0DF1C..0DF1D]  :   01010010;
	0DF1E  :   01010110;
	[0DF1F..0DF21]  :   01010101;
	0DF22  :   01010111;
	0DF23  :   01011010;
	0DF24  :   01011000;
	0DF25  :   01010100;
	0DF26  :   01010001;
	0DF27  :   01010011;
	[0DF28..0DF29]  :   01010000;
	0DF2A  :   01001110;
	[0DF2B..0DF2C]  :   01001100;
	0DF2D  :   01001111;
	0DF2E  :   01010000;
	0DF2F  :   01001111;
	0DF30  :   01001101;
	0DF31  :   01001110;
	0DF32  :   01010010;
	0DF33  :   01010100;
	0DF34  :   01010101;
	0DF35  :   01010110;
	0DF36  :   01010111;
	0DF37  :   01010110;
	0DF38  :   01010100;
	0DF39  :   01010101;
	0DF3A  :   01010111;
	[0DF3B..0DF3C]  :   01011000;
	[0DF3D..0DF3E]  :   01011001;
	0DF3F  :   01011010;
	[0DF40..0DF41]  :   01011111;
	0DF42  :   01011110;
	0DF43  :   01011100;
	0DF44  :   01011111;
	0DF45  :   01100100;
	0DF46  :   01100110;
	0DF47  :   01100101;
	0DF48  :   01100111;
	0DF49  :   01100101;
	0DF4A  :   01100100;
	0DF4B  :   01100110;
	0DF4C  :   01101000;
	0DF4D  :   01100111;
	0DF4E  :   01101000;
	0DF4F  :   01101100;
	[0DF50..0DF52]  :   01101010;
	[0DF53..0DF54]  :   01101000;
	0DF55  :   01101001;
	0DF56  :   01101000;
	0DF57  :   01100111;
	0DF58  :   01101010;
	0DF59  :   01101100;
	0DF5A  :   01101110;
	0DF5B  :   01101111;
	0DF5C  :   01101110;
	[0DF5D..0DF5E]  :   01101111;
	0DF5F  :   01110000;
	[0DF60..0DF61]  :   01101110;
	0DF62  :   01101101;
	0DF63  :   01101110;
	0DF64  :   01110000;
	0DF65  :   01110010;
	0DF66  :   01110001;
	0DF67  :   01101111;
	0DF68  :   01110001;
	0DF69  :   01101111;
	0DF6A  :   01101101;
	0DF6B  :   01101111;
	[0DF6C..0DF6D]  :   01110001;
	[0DF6E..0DF6F]  :   01110010;
	0DF70  :   01110011;
	0DF71  :   01110101;
	[0DF72..0DF75]  :   01110110;
	[0DF76..0DF78]  :   01110111;
	0DF79  :   01111001;
	[0DF7A..0DF7B]  :   01111010;
	0DF7C  :   01111011;
	[0DF7D..0DF7E]  :   01111010;
	0DF7F  :   01111011;
	0DF80  :   01111000;
	0DF81  :   01111001;
	0DF82  :   01111010;
	[0DF83..0DF84]  :   01111011;
	[0DF85..0DF86]  :   01111010;
	0DF87  :   01111011;
	[0DF88..0DF8A]  :   01111101;
	0DF8B  :   01111110;
	[0DF8C..0DF8D]  :   01111111;
	0DF8E  :   01111110;
	0DF8F  :   01111100;
	0DF90  :   01111110;
	0DF91  :   01111111;
	[0DF92..0DF94]  :   10000001;
	[0DF95..0DF96]  :   10000010;
	0DF97  :   10000001;
	0DF98  :   10000000;
	[0DF99..0DF9B]  :   10000001;
	0DF9C  :   10000010;
	0DF9D  :   10000000;
	0DF9E  :   01111111;
	0DF9F  :   10000001;
	0DFA0  :   10000011;
	0DFA1  :   10000000;
	0DFA2  :   01111111;
	0DFA3  :   10000001;
	0DFA4  :   10000100;
	0DFA5  :   10000101;
	0DFA6  :   10000011;
	0DFA7  :   01111111;
	0DFA8  :   10000001;
	[0DFA9..0DFAA]  :   10000000;
	0DFAB  :   01111111;
	[0DFAC..0DFAD]  :   10000000;
	0DFAE  :   01111110;
	0DFAF  :   01111100;
	0DFB0  :   10000001;
	0DFB1  :   10000010;
	0DFB2  :   10000001;
	[0DFB3..0DFB4]  :   01111111;
	0DFB5  :   01111110;
	[0DFB6..0DFB7]  :   01111101;
	[0DFB8..0DFBA]  :   01111111;
	0DFBB  :   01111110;
	[0DFBC..0DFBD]  :   01111101;
	0DFBE  :   01111111;
	0DFBF  :   10000000;
	[0DFC0..0DFC4]  :   01111000;
	0DFC5  :   01111001;
	0DFC6  :   01111100;
	[0DFC7..0DFCD]  :   01111110;
	[0DFCE..0DFCF]  :   01111101;
	[0DFD0..0DFD1]  :   01111110;
	0DFD2  :   01111101;
	[0DFD3..0DFD5]  :   01111011;
	[0DFD6..0DFD7]  :   01111010;
	[0DFD8..0DFD9]  :   01111011;
	[0DFDA..0DFDD]  :   01111100;
	0DFDE  :   01111011;
	0DFDF  :   01111001;
	0DFE0  :   01110111;
	[0DFE1..0DFE2]  :   01111000;
	0DFE3  :   01110111;
	[0DFE4..0DFE5]  :   01110101;
	0DFE6  :   01110110;
	0DFE7  :   01111000;
	0DFE8  :   01111001;
	0DFE9  :   01111000;
	0DFEA  :   01111010;
	0DFEB  :   01111011;
	0DFEC  :   01111010;
	0DFED  :   01111011;
	0DFEE  :   01111100;
	0DFEF  :   01111011;
	0DFF0  :   01111000;
	0DFF1  :   01110111;
	[0DFF2..0DFF3]  :   01110110;
	0DFF4  :   01110111;
	0DFF5  :   01110110;
	[0DFF6..0DFF7]  :   01110101;
	0DFF8  :   01110110;
	0DFF9  :   01110010;
	[0DFFA..0DFFB]  :   01101110;
	0DFFC  :   01110000;
	0DFFD  :   01110001;
	0DFFE  :   01110000;
	[0DFFF..0E000]  :   01101111;
	[0E001..0E004]  :   01101110;
	0E005  :   01101101;
	0E006  :   01101100;
	0E007  :   01101011;
	0E008  :   01110000;
	[0E009..0E00A]  :   01110011;
	0E00B  :   01110000;
	0E00C  :   01101110;
	[0E00D..0E00E]  :   01101100;
	0E00F  :   01101101;
	0E010  :   01101010;
	0E011  :   01101100;
	[0E012..0E013]  :   01101110;
	0E014  :   01101100;
	[0E015..0E016]  :   01101011;
	[0E017..0E019]  :   01101010;
	[0E01A..0E01B]  :   01101011;
	0E01C  :   01101000;
	0E01D  :   01100100;
	0E01E  :   01100011;
	0E01F  :   01100100;
	0E020  :   01100110;
	[0E021..0E022]  :   01100111;
	[0E023..0E024]  :   01100110;
	0E025  :   01100111;
	[0E026..0E029]  :   01101000;
	[0E02A..0E02B]  :   01101001;
	0E02C  :   01100111;
	0E02D  :   01100101;
	[0E02E..0E031]  :   01100100;
	0E032  :   01100101;
	[0E033..0E034]  :   01100110;
	[0E035..0E037]  :   01100101;
	0E038  :   01100011;
	0E039  :   01100001;
	[0E03A..0E03C]  :   01011111;
	[0E03D..0E03E]  :   01011110;
	0E03F  :   01011111;
	[0E040..0E047]  :   01100000;
	0E048  :   01011111;
	[0E049..0E04A]  :   01011110;
	0E04B  :   01011100;
	0E04C  :   01010111;
	[0E04D..0E04E]  :   01010001;
	0E04F  :   01010011;
	[0E050..0E051]  :   01011101;
	0E052  :   01011100;
	[0E053..0E054]  :   01011011;
	0E055  :   01010111;
	0E056  :   01010110;
	0E057  :   01011001;
	0E058  :   01011100;
	0E059  :   01011011;
	0E05A  :   01011110;
	0E05B  :   01011100;
	[0E05C..0E05D]  :   01010110;
	0E05E  :   01011010;
	0E05F  :   01010111;
	0E060  :   01011000;
	[0E061..0E062]  :   01010111;
	[0E063..0E064]  :   01011001;
	0E065  :   01010111;
	0E066  :   01010110;
	0E067  :   01011000;
	0E068  :   01010100;
	[0E069..0E06A]  :   01010101;
	[0E06B..0E06C]  :   01010100;
	0E06D  :   01010111;
	[0E06E..0E06F]  :   01011000;
	0E070  :   01010110;
	0E071  :   01010100;
	0E072  :   01010110;
	0E073  :   01010111;
	0E074  :   01010100;
	0E075  :   01010101;
	0E076  :   01010111;
	0E077  :   01010101;
	0E078  :   01010010;
	0E079  :   01010100;
	0E07A  :   01010111;
	0E07B  :   01011010;
	0E07C  :   01011011;
	[0E07D..0E081]  :   01011100;
	0E082  :   01011011;
	0E083  :   01011001;
	0E084  :   01011011;
	0E085  :   01011110;
	[0E086..0E087]  :   01100000;
	[0E088..0E089]  :   01100011;
	[0E08A..0E08C]  :   01100001;
	0E08D  :   01100000;
	0E08E  :   01100001;
	0E08F  :   01100101;
	0E090  :   01100111;
	0E091  :   01100110;
	0E092  :   01100100;
	[0E093..0E094]  :   01100010;
	0E095  :   01100100;
	[0E096..0E097]  :   01100101;
	0E098  :   01100110;
	0E099  :   01101001;
	[0E09A..0E09B]  :   01101011;
	0E09C  :   01101100;
	0E09D  :   01101101;
	[0E09E..0E0A0]  :   01101110;
	0E0A1  :   01101111;
	0E0A2  :   01101110;
	0E0A3  :   01101011;
	[0E0A4..0E0A7]  :   01101001;
	0E0A8  :   01101101;
	0E0A9  :   01101010;
	0E0AA  :   01101000;
	0E0AB  :   01101001;
	[0E0AC..0E0AE]  :   01101010;
	0E0AF  :   01101011;
	0E0B0  :   01101110;
	0E0B1  :   01110000;
	0E0B2  :   01110001;
	[0E0B3..0E0B4]  :   01110000;
	0E0B5  :   01110001;
	0E0B6  :   01110000;
	0E0B7  :   01101101;
	0E0B8  :   01110011;
	0E0B9  :   01110110;
	[0E0BA..0E0BB]  :   01111000;
	0E0BC  :   01110111;
	0E0BD  :   01110100;
	0E0BE  :   01110010;
	0E0BF  :   01110011;
	0E0C0  :   01110000;
	0E0C1  :   01110010;
	0E0C2  :   01110110;
	0E0C3  :   01111001;
	[0E0C4..0E0C5]  :   01111010;
	0E0C6  :   01111001;
	0E0C7  :   01111010;
	0E0C8  :   01111100;
	0E0C9  :   01111101;
	0E0CA  :   01111110;
	[0E0CB..0E0CC]  :   01111111;
	0E0CD  :   01111110;
	[0E0CE..0E0CF]  :   01111101;
	[0E0D0..0E0D1]  :   01111111;
	0E0D2  :   10000001;
	0E0D3  :   10000010;
	0E0D4  :   10000000;
	[0E0D5..0E0D6]  :   10000001;
	0E0D7  :   10000000;
	0E0D8  :   01111110;
	0E0D9  :   01111111;
	0E0DA  :   10000000;
	0E0DB  :   10000010;
	0E0DC  :   10000011;
	0E0DD  :   10000010;
	0E0DE  :   10000001;
	0E0DF  :   10000010;
	0E0E0  :   10000101;
	[0E0E1..0E0E2]  :   10000011;
	[0E0E3..0E0E4]  :   10000100;
	[0E0E5..0E0E6]  :   10000101;
	0E0E7  :   10000010;
	[0E0E8..0E0E9]  :   10000000;
	0E0EA  :   01111111;
	[0E0EB..0E0EC]  :   01111110;
	[0E0ED..0E0EE]  :   10000000;
	0E0EF  :   01111111;
	0E0F0  :   10000000;
	0E0F1  :   10000001;
	0E0F2  :   01111111;
	[0E0F3..0E0F4]  :   01111100;
	0E0F5  :   01111010;
	0E0F6  :   01110111;
	0E0F7  :   01110110;
	0E0F8  :   01110010;
	0E0F9  :   01110011;
	0E0FA  :   01110101;
	0E0FB  :   01111000;
	0E0FC  :   01111010;
	[0E0FD..0E0FF]  :   01111011;
	0E100  :   01110000;
	0E101  :   01101111;
	[0E102..0E105]  :   01101110;
	0E106  :   01110000;
	0E107  :   01110010;
	0E108  :   01110100;
	0E109  :   01110101;
	0E10A  :   01110110;
	0E10B  :   01110111;
	0E10C  :   01111001;
	0E10D  :   01111000;
	0E10E  :   01110111;
	0E10F  :   01110101;
	[0E110..0E112]  :   01110100;
	0E113  :   01110011;
	0E114  :   01110001;
	[0E115..0E116]  :   01110000;
	[0E117..0E118]  :   01101110;
	0E119  :   01110010;
	0E11A  :   01110100;
	0E11B  :   01110101;
	[0E11C..0E11F]  :   01110100;
	[0E120..0E122]  :   01110111;
	0E123  :   01110110;
	0E124  :   01110100;
	0E125  :   01110011;
	0E126  :   01110100;
	0E127  :   01110110;
	0E128  :   01110011;
	0E129  :   01110010;
	0E12A  :   01110011;
	0E12B  :   01110100;
	0E12C  :   01110011;
	0E12D  :   01110100;
	0E12E  :   01110110;
	0E12F  :   01110101;
	[0E130..0E133]  :   01110010;
	0E134  :   01110001;
	[0E135..0E137]  :   01110000;
	0E138  :   01110001;
	0E139  :   01101100;
	[0E13A..0E13B]  :   01100111;
	0E13C  :   01101010;
	[0E13D..0E13E]  :   01101100;
	[0E13F..0E140]  :   01101011;
	[0E141..0E142]  :   01101010;
	[0E143..0E144]  :   01101011;
	0E145  :   01101001;
	0E146  :   01100111;
	0E147  :   01100101;
	0E148  :   01101011;
	[0E149..0E14B]  :   01101101;
	0E14C  :   01101111;
	0E14D  :   01101101;
	0E14E  :   01101001;
	0E14F  :   01100111;
	0E150  :   01100010;
	0E151  :   01100100;
	0E152  :   01100101;
	0E153  :   01100100;
	[0E154..0E155]  :   01100010;
	0E156  :   01100011;
	0E157  :   01100100;
	[0E158..0E159]  :   01100011;
	0E15A  :   01100100;
	0E15B  :   01100101;
	0E15C  :   01100100;
	0E15D  :   01100010;
	0E15E  :   01100001;
	0E15F  :   01100010;
	0E160  :   01100011;
	[0E161..0E163]  :   01100100;
	0E164  :   01100011;
	0E165  :   01100010;
	0E166  :   01100011;
	0E167  :   01100100;
	[0E168..0E16A]  :   01100110;
	0E16B  :   01100101;
	0E16C  :   01100100;
	0E16D  :   01100010;
	0E16E  :   01100001;
	[0E16F..0E174]  :   01100010;
	0E175  :   01100000;
	0E176  :   01011110;
	0E177  :   01011101;
	0E178  :   01011110;
	0E179  :   01011101;
	0E17A  :   01011100;
	0E17B  :   01011011;
	[0E17C..0E183]  :   01011100;
	0E184  :   01011011;
	0E185  :   01011001;
	[0E186..0E188]  :   01011000;
	0E189  :   01010111;
	0E18A  :   01010101;
	0E18B  :   01010011;
	0E18C  :   01001110;
	0E18D  :   01001011;
	0E18E  :   01001101;
	0E18F  :   01010001;
	[0E190..0E191]  :   01011000;
	0E192  :   01011001;
	[0E193..0E194]  :   01011010;
	[0E195..0E196]  :   01010110;
	0E197  :   01011011;
	0E198  :   01011100;
	0E199  :   01010111;
	0E19A  :   01011001;
	0E19B  :   01011100;
	0E19C  :   01011010;
	0E19D  :   01011011;
	0E19E  :   01011110;
	0E19F  :   01011100;
	0E1A0  :   01011011;
	0E1A1  :   01011010;
	0E1A2  :   01011000;
	[0E1A3..0E1A4]  :   01010111;
	[0E1A5..0E1A6]  :   01011000;
	0E1A7  :   01010111;
	0E1A8  :   01010110;
	[0E1A9..0E1AA]  :   01010101;
	[0E1AB..0E1AD]  :   01010110;
	0E1AE  :   01010111;
	0E1AF  :   01011000;
	0E1B0  :   01011001;
	0E1B1  :   01011000;
	0E1B2  :   01011001;
	0E1B3  :   01011000;
	[0E1B4..0E1B5]  :   01010101;
	0E1B6  :   01010111;
	0E1B7  :   01010101;
	0E1B8  :   01010001;
	0E1B9  :   01010011;
	0E1BA  :   01010110;
	0E1BB  :   01011000;
	0E1BC  :   01011001;
	0E1BD  :   01011010;
	0E1BE  :   01011011;
	0E1BF  :   01011100;
	0E1C0  :   01011101;
	[0E1C1..0E1C2]  :   01011100;
	0E1C3  :   01011110;
	0E1C4  :   01011101;
	0E1C5  :   01011011;
	0E1C6  :   01011001;
	0E1C7  :   01011010;
	0E1C8  :   01011110;
	[0E1C9..0E1CA]  :   01100000;
	0E1CB  :   01011110;
	[0E1CC..0E1CD]  :   01011111;
	0E1CE  :   01100000;
	0E1CF  :   01100010;
	0E1D0  :   01011110;
	0E1D1  :   01011101;
	0E1D2  :   01011011;
	0E1D3  :   01011010;
	0E1D4  :   01011011;
	0E1D5  :   01011111;
	[0E1D6..0E1D8]  :   01100010;
	0E1D9  :   01100100;
	0E1DA  :   01100110;
	0E1DB  :   01100111;
	[0E1DC..0E1DD]  :   01101000;
	0E1DE  :   01100111;
	0E1DF  :   01100110;
	0E1E0  :   01100010;
	0E1E1  :   01100100;
	[0E1E2..0E1E4]  :   01100110;
	0E1E5  :   01100111;
	[0E1E6..0E1E7]  :   01101000;
	0E1E8  :   01101001;
	[0E1E9..0E1EA]  :   01101000;
	[0E1EB..0E1EC]  :   01101010;
	0E1ED  :   01101001;
	0E1EE  :   01101010;
	0E1EF  :   01101101;
	0E1F0  :   01101011;
	[0E1F1..0E1F2]  :   01101110;
	0E1F3  :   01101100;
	0E1F4  :   01101010;
	0E1F5  :   01101001;
	0E1F6  :   01100110;
	0E1F7  :   01100010;
	0E1F8  :   01100100;
	0E1F9  :   01101000;
	0E1FA  :   01101010;
	0E1FB  :   01101001;
	0E1FC  :   01100111;
	0E1FD  :   01100010;
	0E1FE  :   01100001;
	0E1FF  :   01100101;
	0E200  :   01101011;
	0E201  :   01101101;
	0E202  :   01110001;
	0E203  :   01110101;
	0E204  :   01110111;
	0E205  :   01111000;
	0E206  :   01111001;
	[0E207..0E208]  :   01111010;
	[0E209..0E20A]  :   01111011;
	0E20B  :   01111010;
	[0E20C..0E20D]  :   01110111;
	0E20E  :   01111001;
	[0E20F..0E210]  :   01111100;
	0E211  :   01111011;
	0E212  :   01111101;
	0E213  :   01111110;
	[0E214..0E215]  :   01111101;
	0E216  :   01111110;
	0E217  :   01111100;
	0E218  :   01111101;
	0E219  :   01111110;
	0E21A  :   01111101;
	0E21B  :   01111100;
	0E21C  :   01111101;
	[0E21D..0E21E]  :   01111100;
	0E21F  :   01111110;
	0E220  :   10000001;
	0E221  :   01111111;
	0E222  :   01111110;
	[0E223..0E224]  :   01111111;
	[0E225..0E226]  :   10000000;
	0E227  :   01111110;
	0E228  :   01111010;
	0E229  :   01111100;
	0E22A  :   01111101;
	[0E22B..0E22E]  :   01111100;
	0E22F  :   01111010;
	0E230  :   01111001;
	0E231  :   01111010;
	0E232  :   01111001;
	0E233  :   01110111;
	0E234  :   01111000;
	0E235  :   01110111;
	[0E236..0E237]  :   01110100;
	0E238  :   01110111;
	0E239  :   01111000;
	0E23A  :   01111001;
	0E23B  :   01110111;
	0E23C  :   01110010;
	0E23D  :   01101111;
	0E23E  :   01101110;
	0E23F  :   01110000;
	0E240  :   01101001;
	0E241  :   01101000;
	[0E242..0E244]  :   01100111;
	[0E245..0E246]  :   01100101;
	0E247  :   01100110;
	0E248  :   01101000;
	0E249  :   01101001;
	0E24A  :   01101100;
	0E24B  :   01101111;
	0E24C  :   01110010;
	0E24D  :   01110011;
	0E24E  :   01110001;
	0E24F  :   01101111;
	[0E250..0E251]  :   01101110;
	0E252  :   01101111;
	0E253  :   01101101;
	[0E254..0E255]  :   01101010;
	0E256  :   01101011;
	0E257  :   01101001;
	0E258  :   01101000;
	0E259  :   01101011;
	[0E25A..0E25B]  :   01101110;
	0E25C  :   01101100;
	0E25D  :   01101101;
	0E25E  :   01101111;
	[0E25F..0E261]  :   01110010;
	0E262  :   01110011;
	0E263  :   01110010;
	0E264  :   01110000;
	0E265  :   01101111;
	0E266  :   01110000;
	0E267  :   01110001;
	0E268  :   01101111;
	0E269  :   01101101;
	[0E26A..0E26C]  :   01101100;
	0E26D  :   01101101;
	0E26E  :   01110000;
	0E26F  :   01101111;
	0E270  :   01101101;
	[0E271..0E273]  :   01101100;
	0E274  :   01101011;
	[0E275..0E278]  :   01101010;
	0E279  :   01101001;
	[0E27A..0E27B]  :   01101000;
	0E27C  :   01101001;
	0E27D  :   01101010;
	0E27E  :   01101011;
	0E27F  :   01101100;
	0E280  :   01101011;
	0E281  :   01101010;
	0E282  :   01101001;
	[0E283..0E284]  :   01101010;
	0E285  :   01101000;
	0E286  :   01100101;
	0E287  :   01100011;
	0E288  :   01100101;
	[0E289..0E28B]  :   01100110;
	0E28C  :   01100111;
	0E28D  :   01100101;
	[0E28E..0E28F]  :   01100011;
	0E290  :   01011111;
	0E291  :   01100000;
	0E292  :   01011111;
	0E293  :   01011101;
	0E294  :   01011011;
	0E295  :   01011100;
	0E296  :   01100000;
	0E297  :   01100010;
	[0E298..0E29A]  :   01100100;
	[0E29B..0E29D]  :   01100101;
	[0E29E..0E29F]  :   01100110;
	0E2A0  :   01100100;
	0E2A1  :   01100010;
	0E2A2  :   01100001;
	0E2A3  :   01100011;
	0E2A4  :   01100100;
	0E2A5  :   01100010;
	0E2A6  :   01100001;
	0E2A7  :   01100010;
	[0E2A8..0E2A9]  :   01100101;
	[0E2AA..0E2AC]  :   01100100;
	0E2AD  :   01100011;
	0E2AE  :   01100100;
	0E2AF  :   01100101;
	0E2B0  :   01100010;
	0E2B1  :   01100001;
	[0E2B2..0E2B3]  :   01100000;
	0E2B4  :   01011111;
	0E2B5  :   01011101;
	0E2B6  :   01011100;
	0E2B7  :   01011011;
	[0E2B8..0E2B9]  :   01011101;
	0E2BA  :   01011100;
	[0E2BB..0E2BC]  :   01011010;
	0E2BD  :   01011011;
	[0E2BE..0E2BF]  :   01011100;
	0E2C0  :   01011001;
	0E2C1  :   01011000;
	0E2C2  :   01010111;
	[0E2C3..0E2C4]  :   01011000;
	0E2C5  :   01010110;
	[0E2C6..0E2C7]  :   01010100;
	0E2C8  :   01010101;
	0E2C9  :   01010011;
	0E2CA  :   01010000;
	0E2CB  :   01001110;
	[0E2CC..0E2CD]  :   01001101;
	0E2CE  :   01010001;
	0E2CF  :   01010101;
	0E2D0  :   01010011;
	0E2D1  :   01010101;
	0E2D2  :   01010111;
	[0E2D3..0E2D4]  :   01011000;
	0E2D5  :   01010100;
	0E2D6  :   01010010;
	[0E2D7..0E2D8]  :   01010100;
	0E2D9  :   01001101;
	0E2DA  :   01001011;
	0E2DB  :   01001101;
	0E2DC  :   01001111;
	0E2DD  :   01010001;
	0E2DE  :   01010011;
	[0E2DF..0E2E1]  :   01010001;
	0E2E2  :   01010000;
	0E2E3  :   01001111;
	0E2E4  :   01010001;
	[0E2E5..0E2E6]  :   01010011;
	0E2E7  :   01010001;
	0E2E8  :   01010000;
	0E2E9  :   01001111;
	0E2EA  :   01001110;
	[0E2EB..0E2EC]  :   01001111;
	[0E2ED..0E2EF]  :   01001110;
	[0E2F0..0E2F1]  :   01010100;
	[0E2F2..0E2F3]  :   01010110;
	[0E2F4..0E2F5]  :   01010100;
	0E2F6  :   01010101;
	0E2F7  :   01010011;
	0E2F8  :   01010010;
	0E2F9  :   01010011;
	[0E2FA..0E2FB]  :   01010100;
	0E2FC  :   01010011;
	0E2FD  :   01010100;
	0E2FE  :   01010101;
	[0E2FF..0E300]  :   01010111;
	[0E301..0E302]  :   01010110;
	0E303  :   01011000;
	0E304  :   01010110;
	0E305  :   01001111;
	0E306  :   01001010;
	0E307  :   01001001;
	0E308  :   01001111;
	0E309  :   01010011;
	[0E30A..0E30B]  :   01010110;
	0E30C  :   01011000;
	0E30D  :   01011010;
	0E30E  :   01011100;
	0E30F  :   01011101;
	[0E310..0E311]  :   01011010;
	0E312  :   01011001;
	0E313  :   01010111;
	0E314  :   01011000;
	0E315  :   01011011;
	0E316  :   01011100;
	0E317  :   01011011;
	0E318  :   01011101;
	0E319  :   01011110;
	0E31A  :   01100000;
	0E31B  :   01100001;
	0E31C  :   01100010;
	0E31D  :   01100001;
	0E31E  :   01011110;
	0E31F  :   01011010;
	0E320  :   01100000;
	0E321  :   01011110;
	[0E322..0E323]  :   01011101;
	0E324  :   01011100;
	0E325  :   01011000;
	0E326  :   01010011;
	0E327  :   01001111;
	0E328  :   01010101;
	0E329  :   01010110;
	0E32A  :   01011010;
	0E32B  :   01011111;
	0E32C  :   01100010;
	0E32D  :   01100011;
	0E32E  :   01100110;
	0E32F  :   01101000;
	0E330  :   01100110;
	[0E331..0E332]  :   01101000;
	0E333  :   01100111;
	0E334  :   01100110;
	0E335  :   01100101;
	0E336  :   01100010;
	0E337  :   01011110;
	0E338  :   01011111;
	0E339  :   01100010;
	[0E33A..0E33B]  :   01100011;
	0E33C  :   01100000;
	0E33D  :   01011110;
	0E33E  :   01100000;
	0E33F  :   01100110;
	0E340  :   01101001;
	[0E341..0E342]  :   01101000;
	0E343  :   01101100;
	0E344  :   01110001;
	0E345  :   01110100;
	[0E346..0E347]  :   01110101;
	0E348  :   01110011;
	[0E349..0E34A]  :   01110100;
	0E34B  :   01110000;
	[0E34C..0E34D]  :   01101101;
	0E34E  :   01110001;
	0E34F  :   01110110;
	0E350  :   01110011;
	0E351  :   01110010;
	0E352  :   01110100;
	[0E353..0E355]  :   01110111;
	0E356  :   01110110;
	0E357  :   01110100;
	[0E358..0E359]  :   01110101;
	0E35A  :   01110010;
	[0E35B..0E35E]  :   01101110;
	0E35F  :   01110001;
	0E360  :   01110100;
	0E361  :   01110000;
	0E362  :   01101111;
	0E363  :   01110001;
	0E364  :   01110100;
	[0E365..0E366]  :   01110111;
	0E367  :   01110100;
	[0E368..0E36A]  :   01110101;
	0E36B  :   01110011;
	0E36C  :   01110010;
	0E36D  :   01110011;
	[0E36E..0E36F]  :   01110100;
	0E370  :   01110101;
	[0E371..0E372]  :   01110111;
	0E373  :   01111000;
	0E374  :   01111011;
	0E375  :   01111100;
	0E376  :   01111011;
	0E377  :   01111010;
	[0E378..0E379]  :   01111001;
	0E37A  :   01111000;
	0E37B  :   01110101;
	0E37C  :   01110010;
	0E37D  :   01110001;
	0E37E  :   01110011;
	0E37F  :   01110101;
	0E380  :   01100001;
	0E381  :   01011111;
	0E382  :   01011110;
	[0E383..0E384]  :   01100000;
	0E385  :   01011110;
	[0E386..0E388]  :   01011101;
	0E389  :   01011110;
	0E38A  :   01100000;
	0E38B  :   01100010;
	0E38C  :   01100101;
	0E38D  :   01100111;
	0E38E  :   01101000;
	0E38F  :   01101001;
	0E390  :   01101010;
	[0E391..0E392]  :   01101000;
	0E393  :   01101001;
	0E394  :   01100111;
	0E395  :   01101000;
	0E396  :   01101011;
	0E397  :   01101010;
	0E398  :   01101000;
	0E399  :   01101011;
	0E39A  :   01101101;
	0E39B  :   01101011;
	0E39C  :   01101000;
	0E39D  :   01101001;
	0E39E  :   01101100;
	0E39F  :   01101111;
	0E3A0  :   01101110;
	0E3A1  :   01101111;
	[0E3A2..0E3A3]  :   01110000;
	[0E3A4..0E3A5]  :   01101111;
	0E3A6  :   01101110;
	0E3A7  :   01101111;
	0E3A8  :   01101101;
	[0E3A9..0E3AA]  :   01101010;
	0E3AB  :   01101001;
	0E3AC  :   01101000;
	0E3AD  :   01101001;
	0E3AE  :   01101010;
	0E3AF  :   01101001;
	0E3B0  :   01100110;
	0E3B1  :   01100100;
	0E3B2  :   01100011;
	0E3B3  :   01100100;
	0E3B4  :   01100110;
	0E3B5  :   01100111;
	[0E3B6..0E3B9]  :   01100110;
	0E3BA  :   01100111;
	[0E3BB..0E3BD]  :   01101000;
	0E3BE  :   01101010;
	0E3BF  :   01101100;
	0E3C0  :   01101010;
	[0E3C1..0E3C4]  :   01101000;
	0E3C5  :   01100111;
	0E3C6  :   01100100;
	0E3C7  :   01100011;
	0E3C8  :   01100010;
	0E3C9  :   01100011;
	0E3CA  :   01100010;
	[0E3CB..0E3CC]  :   01100000;
	[0E3CD..0E3CE]  :   01011111;
	0E3CF  :   01100011;
	[0E3D0..0E3D1]  :   01100001;
	0E3D2  :   01100000;
	0E3D3  :   01011101;
	0E3D4  :   01011010;
	0E3D5  :   01011011;
	0E3D6  :   01011110;
	0E3D7  :   01100000;
	[0E3D8..0E3D9]  :   01100010;
	0E3DA  :   01100001;
	0E3DB  :   01100010;
	0E3DC  :   01100011;
	0E3DD  :   01100100;
	0E3DE  :   01100011;
	0E3DF  :   01100010;
	0E3E0  :   01100000;
	[0E3E1..0E3E2]  :   01011110;
	0E3E3  :   01100001;
	0E3E4  :   01011111;
	0E3E5  :   01011010;
	0E3E6  :   01011001;
	0E3E7  :   01011100;
	0E3E8  :   01100010;
	[0E3E9..0E3EC]  :   01100001;
	0E3ED  :   01100010;
	0E3EE  :   01100011;
	0E3EF  :   01100100;
	0E3F0  :   01011111;
	[0E3F1..0E3F3]  :   01011110;
	0E3F4  :   01011101;
	[0E3F5..0E3F7]  :   01011011;
	0E3F8  :   01011010;
	0E3F9  :   01011000;
	0E3FA  :   01010111;
	0E3FB  :   01010110;
	0E3FC  :   01010100;
	0E3FD  :   01010011;
	0E3FE  :   01010101;
	0E3FF  :   01010111;
	0E400  :   01010101;
	0E401  :   01010011;
	0E402  :   01010010;
	0E403  :   01010011;
	0E404  :   01010100;
	0E405  :   01010010;
	[0E406..0E407]  :   01010000;
	0E408  :   01001110;
	0E409  :   01001100;
	0E40A  :   01001001;
	0E40B  :   01001000;
	0E40C  :   01001011;
	0E40D  :   01001110;
	0E40E  :   01010001;
	0E40F  :   01010011;
	[0E410..0E411]  :   01010100;
	0E412  :   01010010;
	0E413  :   01010001;
	0E414  :   01010000;
	0E415  :   01001101;
	0E416  :   01001001;
	0E417  :   01001010;
	0E418  :   01001011;
	0E419  :   01000110;
	[0E41A..0E41B]  :   01000001;
	0E41C  :   01000011;
	[0E41D..0E41E]  :   01000110;
	0E41F  :   01000101;
	[0E420..0E422]  :   01000100;
	0E423  :   01000110;
	0E424  :   01001001;
	0E425  :   01001100;
	[0E426..0E42B]  :   01001101;
	0E42C  :   01001110;
	0E42D  :   01010000;
	0E42E  :   01001111;
	0E42F  :   01001101;
	0E430  :   01010000;
	[0E431..0E433]  :   01010010;
	0E434  :   01010011;
	0E435  :   01010010;
	[0E436..0E437]  :   01010001;
	0E438  :   01010010;
	[0E439..0E43A]  :   01010011;
	0E43B  :   01010010;
	[0E43C..0E43D]  :   01010001;
	0E43E  :   01010011;
	0E43F  :   01010100;
	0E440  :   01010110;
	0E441  :   01010101;
	[0E442..0E443]  :   01010110;
	0E444  :   01010100;
	0E445  :   01001110;
	0E446  :   01001001;
	0E447  :   01000111;
	0E448  :   01001010;
	0E449  :   01001110;
	0E44A  :   01010001;
	0E44B  :   01010100;
	[0E44C..0E44D]  :   01010111;
	0E44E  :   01011000;
	[0E44F..0E451]  :   01011010;
	0E452  :   01011001;
	[0E453..0E454]  :   01011000;
	[0E455..0E456]  :   01011001;
	0E457  :   01011000;
	[0E458..0E459]  :   01011001;
	0E45A  :   01011010;
	[0E45B..0E45D]  :   01011011;
	0E45E  :   01011001;
	0E45F  :   01010111;
	0E460  :   01011001;
	0E461  :   01010100;
	0E462  :   01010010;
	0E463  :   01010101;
	0E464  :   01010110;
	0E465  :   01010001;
	0E466  :   01001011;
	0E467  :   01000111;
	0E468  :   01001100;
	0E469  :   01001110;
	0E46A  :   01010010;
	0E46B  :   01010111;
	0E46C  :   01011101;
	0E46D  :   01100001;
	[0E46E..0E46F]  :   01100010;
	0E470  :   01011111;
	[0E471..0E473]  :   01100000;
	0E474  :   01100010;
	0E475  :   01100011;
	0E476  :   01100010;
	0E477  :   01100000;
	0E478  :   01011110;
	[0E479..0E47C]  :   01100000;
	0E47D  :   01011111;
	0E47E  :   01100011;
	[0E47F..0E480]  :   01101010;
	0E481  :   01100100;
	0E482  :   01100000;
	0E483  :   01100100;
	0E484  :   01101100;
	0E485  :   01110000;
	0E486  :   01101111;
	0E487  :   01101100;
	0E488  :   01101101;
	0E489  :   01101110;
	0E48A  :   01101111;
	0E48B  :   01101101;
	[0E48C..0E48D]  :   01101011;
	0E48E  :   01101110;
	0E48F  :   01110000;
	0E490  :   01101111;
	0E491  :   01101100;
	0E492  :   01101101;
	0E493  :   01110010;
	0E494  :   01110101;
	0E495  :   01110100;
	0E496  :   01101111;
	0E497  :   01101010;
	0E498  :   01101100;
	0E499  :   01101111;
	0E49A  :   01101110;
	[0E49B..0E49C]  :   01101010;
	[0E49D..0E49E]  :   01101011;
	0E49F  :   01101100;
	0E4A0  :   01101110;
	[0E4A1..0E4A2]  :   01101100;
	0E4A3  :   01101110;
	0E4A4  :   01110001;
	[0E4A5..0E4A6]  :   01110011;
	0E4A7  :   01110000;
	0E4A8  :   01101110;
	0E4A9  :   01101101;
	0E4AA  :   01101010;
	0E4AB  :   01101000;
	0E4AC  :   01100111;
	0E4AD  :   01101000;
	0E4AE  :   01101100;
	0E4AF  :   01110000;
	0E4B0  :   01110010;
	[0E4B1..0E4B3]  :   01110100;
	0E4B4  :   01110111;
	0E4B5  :   01111000;
	0E4B6  :   01110111;
	0E4B7  :   01110110;
	0E4B8  :   01110100;
	0E4B9  :   01110010;
	0E4BA  :   01101111;
	0E4BB  :   01101100;
	[0E4BC..0E4BE]  :   01101011;
	0E4BF  :   01101100;
	0E4C0  :   01010111;
	0E4C1  :   01010101;
	0E4C2  :   01010110;
	0E4C3  :   01011001;
	0E4C4  :   01011011;
	0E4C5  :   01011001;
	[0E4C6..0E4C7]  :   01011000;
	[0E4C8..0E4CA]  :   01010110;
	0E4CB  :   01010101;
	0E4CC  :   01010110;
	0E4CD  :   01011010;
	0E4CE  :   01011111;
	0E4CF  :   01100011;
	0E4D0  :   01100110;
	[0E4D1..0E4D2]  :   01100010;
	[0E4D3..0E4D4]  :   01100011;
	0E4D5  :   01100110;
	[0E4D6..0E4D7]  :   01101011;
	0E4D8  :   01101100;
	0E4D9  :   01101110;
	0E4DA  :   01101111;
	0E4DB  :   01101100;
	0E4DC  :   01101001;
	0E4DD  :   01101000;
	0E4DE  :   01101010;
	0E4DF  :   01101011;
	[0E4E0..0E4E1]  :   01101001;
	0E4E2  :   01101010;
	0E4E3  :   01101011;
	[0E4E4..0E4E5]  :   01101100;
	[0E4E6..0E4E8]  :   01101011;
	[0E4E9..0E4EB]  :   01101001;
	0E4EC  :   01100111;
	0E4ED  :   01100110;
	0E4EE  :   01100101;
	0E4EF  :   01100011;
	0E4F0  :   01100001;
	0E4F1  :   01011110;
	0E4F2  :   01011100;
	0E4F3  :   01011111;
	0E4F4  :   01100011;
	[0E4F5..0E4F6]  :   01100101;
	[0E4F7..0E4F8]  :   01100100;
	[0E4F9..0E4FA]  :   01100011;
	[0E4FB..0E4FC]  :   01100100;
	0E4FD  :   01100101;
	0E4FE  :   01100110;
	0E4FF  :   01101000;
	0E500  :   01100111;
	0E501  :   01100101;
	[0E502..0E503]  :   01100100;
	[0E504..0E505]  :   01100101;
	0E506  :   01100100;
	0E507  :   01100011;
	0E508  :   01100010;
	0E509  :   01100001;
	[0E50A..0E50B]  :   01011111;
	0E50C  :   01100010;
	0E50D  :   01100001;
	[0E50E..0E510]  :   01011110;
	[0E511..0E512]  :   01100000;
	0E513  :   01011101;
	0E514  :   01011010;
	0E515  :   01011001;
	0E516  :   01011010;
	0E517  :   01011011;
	0E518  :   01011100;
	[0E519..0E51A]  :   01011101;
	0E51B  :   01011110;
	0E51C  :   01100000;
	0E51D  :   01100010;
	0E51E  :   01100000;
	0E51F  :   01011101;
	0E520  :   01011010;
	0E521  :   01011001;
	0E522  :   01011010;
	0E523  :   01011100;
	0E524  :   01010101;
	[0E525..0E526]  :   01001100;
	0E527  :   01010010;
	0E528  :   01011101;
	0E529  :   01011100;
	0E52A  :   01011011;
	[0E52B..0E52E]  :   01011100;
	0E52F  :   01011101;
	0E530  :   01011010;
	0E531  :   01011011;
	0E532  :   01011100;
	0E533  :   01011011;
	0E534  :   01011000;
	0E535  :   01010101;
	0E536  :   01010100;
	0E537  :   01010101;
	0E538  :   01010011;
	0E539  :   01001111;
	[0E53A..0E53B]  :   01001101;
	0E53C  :   01001010;
	0E53D  :   01000111;
	0E53E  :   01001001;
	[0E53F..0E540]  :   01001111;
	0E541  :   01001101;
	0E542  :   01001100;
	0E543  :   01001110;
	0E544  :   01001111;
	0E545  :   01001101;
	[0E546..0E547]  :   01001100;
	0E548  :   01001000;
	0E549  :   01000111;
	0E54A  :   01000101;
	0E54B  :   01000110;
	0E54C  :   01001011;
	0E54D  :   01010000;
	[0E54E..0E54F]  :   01010011;
	0E550  :   01011000;
	0E551  :   01010100;
	0E552  :   01001101;
	[0E553..0E554]  :   01001001;
	0E555  :   01000111;
	[0E556..0E557]  :   01000110;
	0E558  :   01000011;
	0E559  :   01000010;
	0E55A  :   00111110;
	0E55B  :   00111100;
	0E55C  :   01000000;
	0E55D  :   01000011;
	0E55E  :   01000010;
	[0E55F..0E560]  :   01000000;
	0E561  :   00111110;
	0E562  :   00111111;
	0E563  :   01000010;
	0E564  :   01000101;
	0E565  :   01000110;
	0E566  :   01001000;
	[0E567..0E568]  :   01001100;
	0E569  :   01001110;
	0E56A  :   01001111;
	0E56B  :   01001110;
	0E56C  :   01010001;
	0E56D  :   01010110;
	0E56E  :   01010101;
	0E56F  :   01010001;
	0E570  :   01010010;
	0E571  :   01010101;
	0E572  :   01010100;
	0E573  :   01010010;
	0E574  :   01010011;
	0E575  :   01010010;
	0E576  :   01010000;
	0E577  :   01010001;
	[0E578..0E579]  :   01010010;
	[0E57A..0E57D]  :   01010011;
	0E57E  :   01010100;
	[0E57F..0E581]  :   01010101;
	[0E582..0E584]  :   01010110;
	0E585  :   01010101;
	0E586  :   01010010;
	0E587  :   01001111;
	0E588  :   01010001;
	0E589  :   01010010;
	0E58A  :   01010100;
	0E58B  :   01010111;
	0E58C  :   01011000;
	0E58D  :   01010101;
	0E58E  :   01010100;
	0E58F  :   01010111;
	0E590  :   01011000;
	0E591  :   01011001;
	0E592  :   01011000;
	[0E593..0E594]  :   01010111;
	0E595  :   01011001;
	0E596  :   01011010;
	0E597  :   01011001;
	[0E598..0E599]  :   01011000;
	[0E59A..0E59B]  :   01010111;
	0E59C  :   01011000;
	0E59D  :   01011010;
	[0E59E..0E59F]  :   01011011;
	0E5A0  :   01011000;
	0E5A1  :   01010011;
	0E5A2  :   01010010;
	0E5A3  :   01010110;
	0E5A4  :   01011000;
	0E5A5  :   01010100;
	[0E5A6..0E5A7]  :   01010000;
	0E5A8  :   01001111;
	0E5A9  :   01010000;
	0E5AA  :   01010010;
	0E5AB  :   01010110;
	0E5AC  :   01011100;
	0E5AD  :   01011111;
	0E5AE  :   01011110;
	0E5AF  :   01011010;
	0E5B0  :   01011100;
	[0E5B1..0E5B2]  :   01011011;
	0E5B3  :   01011100;
	0E5B4  :   01011110;
	0E5B5  :   01100000;
	0E5B6  :   01100001;
	0E5B7  :   01100000;
	0E5B8  :   01100001;
	[0E5B9..0E5BA]  :   01100010;
	[0E5BB..0E5BC]  :   01100011;
	0E5BD  :   01100010;
	0E5BE  :   01100101;
	[0E5BF..0E5C0]  :   01101011;
	0E5C1  :   01100011;
	0E5C2  :   01011101;
	0E5C3  :   01100010;
	0E5C4  :   01101100;
	0E5C5  :   01110000;
	0E5C6  :   01101101;
	0E5C7  :   01100111;
	0E5C8  :   01100101;
	0E5C9  :   01100111;
	0E5CA  :   01101010;
	[0E5CB..0E5CD]  :   01101100;
	[0E5CE..0E5D0]  :   01101011;
	[0E5D1..0E5D2]  :   01100111;
	0E5D3  :   01101101;
	0E5D4  :   01110000;
	0E5D5  :   01101110;
	0E5D6  :   01100111;
	0E5D7  :   01011111;
	0E5D8  :   01100110;
	0E5D9  :   01101101;
	0E5DA  :   01110000;
	0E5DB  :   01101110;
	0E5DC  :   01101111;
	0E5DD  :   01110001;
	[0E5DE..0E5DF]  :   01110000;
	[0E5E0..0E5E1]  :   01110010;
	[0E5E2..0E5E3]  :   01110011;
	0E5E4  :   01110001;
	[0E5E5..0E5E6]  :   01110000;
	0E5E7  :   01101111;
	0E5E8  :   01101011;
	0E5E9  :   01101010;
	0E5EA  :   01101001;
	0E5EB  :   01101000;
	[0E5EC..0E5ED]  :   01100111;
	0E5EE  :   01101011;
	0E5EF  :   01110000;
	0E5F0  :   01101111;
	0E5F1  :   01110000;
	0E5F2  :   01101111;
	0E5F3  :   01101110;
	0E5F4  :   01101111;
	0E5F5  :   01101110;
	0E5F6  :   01101011;
	[0E5F7..0E5F8]  :   01101010;
	0E5F9  :   01101011;
	0E5FA  :   01101100;
	0E5FB  :   01101001;
	0E5FC  :   01100101;
	0E5FD  :   01100011;
	0E5FE  :   01100101;
	0E5FF  :   01101000;
	0E600  :   01010100;
	0E601  :   01010011;
	0E602  :   01010000;
	0E603  :   01001110;
	0E604  :   01010001;
	0E605  :   01010101;
	0E606  :   01010110;
	0E607  :   01010100;
	0E608  :   01010010;
	[0E609..0E60A]  :   01010011;
	0E60B  :   01010010;
	0E60C  :   01010100;
	0E60D  :   01010111;
	0E60E  :   01011001;
	0E60F  :   01011011;
	0E610  :   01011010;
	0E611  :   01011110;
	0E612  :   01100011;
	0E613  :   01100100;
	0E614  :   01100011;
	0E615  :   01100111;
	0E616  :   01101010;
	0E617  :   01101011;
	[0E618..0E619]  :   01101101;
	0E61A  :   01101110;
	0E61B  :   01101100;
	0E61C  :   01101010;
	0E61D  :   01101001;
	0E61E  :   01100101;
	[0E61F..0E621]  :   01011110;
	0E622  :   01100000;
	0E623  :   01100010;
	0E624  :   01100111;
	0E625  :   01101001;
	0E626  :   01101000;
	0E627  :   01100110;
	0E628  :   01100111;
	0E629  :   01101001;
	0E62A  :   01101011;
	0E62B  :   01101000;
	0E62C  :   01100100;
	0E62D  :   01100011;
	0E62E  :   01100010;
	0E62F  :   01011111;
	0E630  :   01011011;
	0E631  :   01011001;
	0E632  :   01011010;
	0E633  :   01011110;
	0E634  :   01100010;
	0E635  :   01100101;
	0E636  :   01100100;
	0E637  :   01100001;
	[0E638..0E639]  :   01100000;
	[0E63A..0E63D]  :   01100001;
	0E63E  :   01100011;
	0E63F  :   01100101;
	0E640  :   01100110;
	0E641  :   01100011;
	[0E642..0E643]  :   01100000;
	0E644  :   01100001;
	0E645  :   01100010;
	0E646  :   01100001;
	0E647  :   01011111;
	0E648  :   01011101;
	0E649  :   01011111;
	[0E64A..0E64B]  :   01100010;
	[0E64C..0E64D]  :   01100000;
	0E64E  :   01011110;
	0E64F  :   01011000;
	0E650  :   01011100;
	0E651  :   01011011;
	0E652  :   01011001;
	0E653  :   01010111;
	0E654  :   01010101;
	0E655  :   01010011;
	0E656  :   01010100;
	0E657  :   01010101;
	0E658  :   01011001;
	0E659  :   01011010;
	0E65A  :   01011011;
	0E65B  :   01011100;
	0E65C  :   01011110;
	0E65D  :   01011111;
	0E65E  :   01011110;
	0E65F  :   01011011;
	0E660  :   01010111;
	0E661  :   01010110;
	0E662  :   01011011;
	0E663  :   01011001;
	0E664  :   01010001;
	0E665  :   01000110;
	0E666  :   01000010;
	0E667  :   01001110;
	0E668  :   01011000;
	0E669  :   01010101;
	0E66A  :   01011000;
	0E66B  :   01011010;
	0E66C  :   01011011;
	0E66D  :   01010101;
	[0E66E..0E66F]  :   01010011;
	0E670  :   01010100;
	0E671  :   01010111;
	0E672  :   01011001;
	0E673  :   01011000;
	0E674  :   01010101;
	0E675  :   01010010;
	[0E676..0E677]  :   01010001;
	0E678  :   01010011;
	0E679  :   01001101;
	0E67A  :   01001000;
	0E67B  :   01000111;
	0E67C  :   01000110;
	[0E67D..0E67E]  :   01000101;
	0E67F  :   01000110;
	0E680  :   01001011;
	0E681  :   01001001;
	0E682  :   01000110;
	0E683  :   01001001;
	0E684  :   01001100;
	0E685  :   01001000;
	0E686  :   01000110;
	0E687  :   01001001;
	0E688  :   01001000;
	0E689  :   01000111;
	0E68A  :   01000101;
	0E68B  :   01000110;
	0E68C  :   01001100;
	0E68D  :   01010011;
	0E68E  :   01010100;
	0E68F  :   01010010;
	0E690  :   01010000;
	0E691  :   01001100;
	[0E692..0E693]  :   01001001;
	[0E694..0E695]  :   01001010;
	[0E696..0E697]  :   01001001;
	0E698  :   01000111;
	0E699  :   01000011;
	[0E69A..0E69B]  :   00111111;
	0E69C  :   01000010;
	0E69D  :   01000100;
	0E69E  :   01000010;
	0E69F  :   00111111;
	[0E6A0..0E6A1]  :   00111100;
	0E6A2  :   01000000;
	0E6A3  :   01000111;
	0E6A4  :   01001011;
	0E6A5  :   01001010;
	0E6A6  :   01001011;
	0E6A7  :   01001110;
	[0E6A8..0E6A9]  :   01010001;
	0E6AA  :   01010011;
	0E6AB  :   01010100;
	[0E6AC..0E6AE]  :   01010011;
	0E6AF  :   01010001;
	0E6B0  :   01010100;
	0E6B1  :   01010101;
	[0E6B2..0E6B3]  :   01010111;
	0E6B4  :   01010110;
	[0E6B5..0E6B7]  :   01010101;
	0E6B8  :   01010100;
	0E6B9  :   01010011;
	0E6BA  :   01010010;
	0E6BB  :   01010001;
	0E6BC  :   01010011;
	0E6BD  :   01010111;
	0E6BE  :   01011000;
	0E6BF  :   01010110;
	0E6C0  :   01010111;
	[0E6C1..0E6C3]  :   01010110;
	0E6C4  :   01010111;
	0E6C5  :   01011000;
	0E6C6  :   01010110;
	0E6C7  :   01010100;
	0E6C8  :   01010111;
	0E6C9  :   01010110;
	0E6CA  :   01011000;
	0E6CB  :   01011010;
	0E6CC  :   01011001;
	0E6CD  :   01010111;
	0E6CE  :   01010110;
	0E6CF  :   01011000;
	0E6D0  :   01011011;
	[0E6D1..0E6D5]  :   01011010;
	[0E6D6..0E6D7]  :   01011001;
	[0E6D8..0E6D9]  :   01011011;
	0E6DA  :   01011001;
	0E6DB  :   01010111;
	0E6DC  :   01011010;
	0E6DD  :   01011101;
	0E6DE  :   01011110;
	[0E6DF..0E6E0]  :   01011011;
	0E6E1  :   01011001;
	0E6E2  :   01011011;
	0E6E3  :   01011001;
	0E6E4  :   01011100;
	[0E6E5..0E6E6]  :   01011011;
	0E6E7  :   01010111;
	0E6E8  :   01011000;
	[0E6E9..0E6EA]  :   01011001;
	0E6EB  :   01011010;
	0E6EC  :   01011100;
	0E6ED  :   01011011;
	0E6EE  :   01011010;
	0E6EF  :   01011100;
	0E6F0  :   01011101;
	0E6F1  :   01100000;
	0E6F2  :   01100001;
	0E6F3  :   01011111;
	0E6F4  :   01011011;
	0E6F5  :   01011010;
	0E6F6  :   01011100;
	0E6F7  :   01011110;
	0E6F8  :   01011111;
	0E6F9  :   01100000;
	0E6FA  :   01100011;
	[0E6FB..0E6FC]  :   01100101;
	0E6FD  :   01100011;
	[0E6FE..0E6FF]  :   01100010;
	0E700  :   01100110;
	0E701  :   01101000;
	[0E702..0E703]  :   01100111;
	0E704  :   01101010;
	0E705  :   01101001;
	0E706  :   01100110;
	[0E707..0E70A]  :   01100011;
	0E70B  :   01100110;
	[0E70C..0E70D]  :   01101010;
	0E70E  :   01101000;
	0E70F  :   01101001;
	0E710  :   01100111;
	0E711  :   01011110;
	0E712  :   01010001;
	0E713  :   01011101;
	0E714  :   01100110;
	0E715  :   01101101;
	0E716  :   01100010;
	0E717  :   01100000;
	0E718  :   01100111;
	0E719  :   01101101;
	0E71A  :   01110000;
	0E71B  :   01101110;
	0E71C  :   01101101;
	[0E71D..0E71E]  :   01101111;
	0E71F  :   01101101;
	0E720  :   01101110;
	[0E721..0E724]  :   01110001;
	0E725  :   01110000;
	0E726  :   01101110;
	0E727  :   01101111;
	0E728  :   01110000;
	0E729  :   01101111;
	[0E72A..0E72B]  :   01101101;
	0E72C  :   01101010;
	0E72D  :   01101001;
	0E72E  :   01110000;
	0E72F  :   01110010;
	0E730  :   01110001;
	0E731  :   01101100;
	[0E732..0E733]  :   01100101;
	0E734  :   01101000;
	0E735  :   01100010;
	0E736  :   01011000;
	0E737  :   01010101;
	0E738  :   01011010;
	0E739  :   01100101;
	0E73A  :   01101001;
	0E73B  :   01100110;
	[0E73C..0E73D]  :   01100100;
	0E73E  :   01100011;
	0E73F  :   01100101;
	[0E740..0E741]  :   01001100;
	0E742  :   01001011;
	0E743  :   01001001;
	0E744  :   01001011;
	0E745  :   01001111;
	0E746  :   01010011;
	0E747  :   01010100;
	0E748  :   01010001;
	0E749  :   01010100;
	0E74A  :   01010111;
	0E74B  :   01011001;
	0E74C  :   01011011;
	0E74D  :   01011101;
	0E74E  :   01011110;
	[0E74F..0E750]  :   01011101;
	0E751  :   01100001;
	0E752  :   01100110;
	0E753  :   01101000;
	0E754  :   01100110;
	[0E755..0E756]  :   01100111;
	[0E757..0E758]  :   01100101;
	0E759  :   01100100;
	[0E75A..0E75B]  :   01100101;
	0E75C  :   01100001;
	0E75D  :   01011110;
	0E75E  :   01011011;
	0E75F  :   01011000;
	0E760  :   01011011;
	0E761  :   01011100;
	0E762  :   01011110;
	0E763  :   01100000;
	0E764  :   01100001;
	0E765  :   01100100;
	0E766  :   01100110;
	0E767  :   01100111;
	0E768  :   01100011;
	[0E769..0E76C]  :   01100010;
	0E76D  :   01100100;
	0E76E  :   01100010;
	0E76F  :   01011100;
	0E770  :   01010101;
	0E771  :   01010100;
	0E772  :   01010101;
	0E773  :   01010111;
	0E774  :   01011001;
	0E775  :   01011101;
	0E776  :   01100000;
	0E777  :   01011111;
	[0E778..0E779]  :   01011110;
	0E77A  :   01011101;
	[0E77B..0E77C]  :   01011100;
	0E77D  :   01011101;
	0E77E  :   01011111;
	0E77F  :   01100000;
	0E780  :   01011111;
	0E781  :   01011110;
	[0E782..0E783]  :   01011100;
	[0E784..0E785]  :   01011101;
	0E786  :   01011100;
	[0E787..0E788]  :   01011011;
	0E789  :   01011101;
	0E78A  :   01100000;
	0E78B  :   01011111;
	0E78C  :   01011101;
	0E78D  :   01011100;
	0E78E  :   01011011;
	0E78F  :   01010111;
	0E790  :   01011001;
	[0E791..0E792]  :   01011000;
	0E793  :   01010111;
	0E794  :   01010110;
	0E795  :   01010101;
	0E796  :   01010110;
	0E797  :   01011000;
	[0E798..0E799]  :   01011001;
	0E79A  :   01010111;
	0E79B  :   01010110;
	0E79C  :   01011000;
	[0E79D..0E79E]  :   01011010;
	0E79F  :   01011001;
	0E7A0  :   01010110;
	0E7A1  :   01010101;
	0E7A2  :   01010111;
	0E7A3  :   01010101;
	0E7A4  :   01010010;
	0E7A5  :   01001110;
	0E7A6  :   01001001;
	0E7A7  :   01001110;
	0E7A8  :   01010000;
	0E7A9  :   01010010;
	0E7AA  :   01010110;
	0E7AB  :   01010100;
	0E7AC  :   01010101;
	0E7AD  :   01010011;
	0E7AE  :   01010100;
	[0E7AF..0E7B2]  :   01010010;
	0E7B3  :   01010001;
	0E7B4  :   01010000;
	0E7B5  :   01010010;
	[0E7B6..0E7B7]  :   01010011;
	0E7B8  :   01010001;
	0E7B9  :   01010000;
	0E7BA  :   01001101;
	0E7BB  :   01001100;
	[0E7BC..0E7BE]  :   01001011;
	0E7BF  :   01001001;
	0E7C0  :   01001100;
	0E7C1  :   01001011;
	0E7C2  :   01000111;
	0E7C3  :   01000100;
	0E7C4  :   01000111;
	0E7C5  :   01001010;
	0E7C6  :   01001011;
	[0E7C7..0E7C8]  :   01001010;
	[0E7C9..0E7CA]  :   01001000;
	0E7CB  :   01001010;
	0E7CC  :   01001110;
	0E7CD  :   01001111;
	0E7CE  :   01001110;
	0E7CF  :   01001100;
	0E7D0  :   01001011;
	[0E7D1..0E7D2]  :   01001010;
	[0E7D3..0E7D4]  :   01001011;
	0E7D5  :   01001001;
	0E7D6  :   01000111;
	0E7D7  :   01000110;
	0E7D8  :   01001000;
	0E7D9  :   01000110;
	0E7DA  :   01000100;
	0E7DB  :   01000101;
	0E7DC  :   01000110;
	0E7DD  :   01000011;
	0E7DE  :   00111110;
	0E7DF  :   00111001;
	0E7E0  :   00110111;
	0E7E1  :   00111000;
	0E7E2  :   00111101;
	0E7E3  :   01000111;
	0E7E4  :   01001101;
	0E7E5  :   01001111;
	0E7E6  :   01010001;
	0E7E7  :   01010011;
	[0E7E8..0E7E9]  :   01010100;
	0E7EA  :   01010101;
	0E7EB  :   01010110;
	0E7EC  :   01010101;
	0E7ED  :   01010110;
	0E7EE  :   01010111;
	0E7EF  :   01010101;
	0E7F0  :   01010110;
	[0E7F1..0E7F2]  :   01010111;
	0E7F3  :   01010110;
	0E7F4  :   01010101;
	[0E7F5..0E7F6]  :   01010100;
	[0E7F7..0E7F8]  :   01010101;
	0E7F9  :   01010011;
	0E7FA  :   01010000;
	0E7FB  :   01001111;
	0E7FC  :   01010001;
	0E7FD  :   01010011;
	0E7FE  :   01010101;
	0E7FF  :   01010110;
	[0E800..0E801]  :   01010111;
	0E802  :   01010110;
	[0E803..0E804]  :   01010101;
	0E805  :   01010100;
	0E806  :   01010011;
	0E807  :   01010010;
	0E808  :   01010011;
	0E809  :   01010101;
	[0E80A..0E80B]  :   01011000;
	0E80C  :   01010101;
	[0E80D..0E80E]  :   01010011;
	[0E80F..0E810]  :   01010100;
	0E811  :   01010111;
	[0E812..0E815]  :   01011010;
	0E816  :   01011100;
	0E817  :   01011110;
	0E818  :   01011010;
	[0E819..0E81A]  :   01011000;
	0E81B  :   01011100;
	0E81C  :   01011110;
	0E81D  :   01011100;
	0E81E  :   01011011;
	0E81F  :   01011100;
	0E820  :   01011000;
	0E821  :   01010111;
	0E822  :   01100001;
	0E823  :   01100000;
	0E824  :   01011101;
	0E825  :   01011001;
	0E826  :   01011000;
	0E827  :   01010110;
	0E828  :   01011001;
	0E829  :   01011010;
	0E82A  :   01011001;
	0E82B  :   01011000;
	0E82C  :   01011001;
	[0E82D..0E82F]  :   01011010;
	0E830  :   01011001;
	0E831  :   01011011;
	[0E832..0E833]  :   01011100;
	[0E834..0E835]  :   01011010;
	0E836  :   01011100;
	0E837  :   01011111;
	0E838  :   01011101;
	0E839  :   01011111;
	0E83A  :   01100000;
	0E83B  :   01100001;
	[0E83C..0E83D]  :   01100000;
	0E83E  :   01100010;
	[0E83F..0E840]  :   01100101;
	0E841  :   01100010;
	0E842  :   01100001;
	0E843  :   01100011;
	0E844  :   01100010;
	0E845  :   01011111;
	0E846  :   01011101;
	0E847  :   01011100;
	[0E848..0E849]  :   01011101;
	0E84A  :   01011111;
	0E84B  :   01100010;
	0E84C  :   01100101;
	[0E84D..0E84E]  :   01100111;
	0E84F  :   01100101;
	0E850  :   01100000;
	0E851  :   01001011;
	0E852  :   00111011;
	0E853  :   01001100;
	0E854  :   01011101;
	0E855  :   01100100;
	0E856  :   01011010;
	0E857  :   01010111;
	0E858  :   01100011;
	0E859  :   01100111;
	0E85A  :   01101010;
	0E85B  :   01100111;
	0E85C  :   01100011;
	0E85D  :   01100100;
	[0E85E..0E85F]  :   01100101;
	0E860  :   01100110;
	0E861  :   01100111;
	0E862  :   01100110;
	0E863  :   01100101;
	0E864  :   01100111;
	0E865  :   01101000;
	0E866  :   01101001;
	0E867  :   01101010;
	0E868  :   01101100;
	0E869  :   01101101;
	0E86A  :   01101011;
	0E86B  :   01101010;
	[0E86C..0E86D]  :   01100111;
	0E86E  :   01101100;
	0E86F  :   01101011;
	0E870  :   01100110;
	0E871  :   01100100;
	0E872  :   01100000;
	0E873  :   01011010;
	0E874  :   01010101;
	0E875  :   01001110;
	0E876  :   01001000;
	0E877  :   01000111;
	0E878  :   01001111;
	0E879  :   01010110;
	0E87A  :   01011011;
	0E87B  :   01011101;
	0E87C  :   01100000;
	[0E87D..0E87E]  :   01100010;
	0E87F  :   01100101;
	0E880  :   01001001;
	0E881  :   01001011;
	[0E882..0E883]  :   01001100;
	0E884  :   01001101;
	0E885  :   01010000;
	0E886  :   01010101;
	0E887  :   01011000;
	0E888  :   01010101;
	0E889  :   01011000;
	0E88A  :   01011011;
	0E88B  :   01011110;
	0E88C  :   01100000;
	[0E88D..0E88E]  :   01100001;
	[0E88F..0E891]  :   01100000;
	0E892  :   01100010;
	0E893  :   01100001;
	0E894  :   01100000;
	0E895  :   01100001;
	0E896  :   01100010;
	0E897  :   01100000;
	0E898  :   01100001;
	0E899  :   01100000;
	0E89A  :   01100010;
	0E89B  :   01100011;
	0E89C  :   01100000;
	0E89D  :   01011101;
	[0E89E..0E89F]  :   01011100;
	0E8A0  :   01010111;
	0E8A1  :   01011001;
	0E8A2  :   01011011;
	[0E8A3..0E8A4]  :   01011101;
	0E8A5  :   01011110;
	0E8A6  :   01100000;
	[0E8A7..0E8A8]  :   01100010;
	0E8A9  :   01011111;
	0E8AA  :   01011110;
	0E8AB  :   01011111;
	0E8AC  :   01100000;
	0E8AD  :   01100001;
	0E8AE  :   01011111;
	0E8AF  :   01011010;
	0E8B0  :   01001100;
	0E8B1  :   01001011;
	0E8B2  :   01001100;
	0E8B3  :   01001101;
	0E8B4  :   01001110;
	0E8B5  :   01010010;
	0E8B6  :   01011000;
	0E8B7  :   01011010;
	0E8B8  :   01011011;
	0E8B9  :   01011010;
	0E8BA  :   01011001;
	[0E8BB..0E8BC]  :   01011000;
	0E8BD  :   01011010;
	0E8BE  :   01011100;
	0E8BF  :   01011101;
	[0E8C0..0E8C1]  :   01011010;
	[0E8C2..0E8C3]  :   01011001;
	[0E8C4..0E8C5]  :   01011010;
	0E8C6  :   01011001;
	0E8C7  :   01011000;
	[0E8C8..0E8C9]  :   01011010;
	[0E8CA..0E8CB]  :   01011011;
	0E8CC  :   01011000;
	0E8CD  :   01010111;
	0E8CE  :   01011000;
	0E8CF  :   01010111;
	[0E8D0..0E8D2]  :   01010100;
	[0E8D3..0E8D6]  :   01010101;
	0E8D7  :   01010110;
	0E8D8  :   01010101;
	0E8D9  :   01010100;
	0E8DA  :   01010000;
	0E8DB  :   01001110;
	0E8DC  :   01001111;
	0E8DD  :   01010001;
	0E8DE  :   01010010;
	0E8DF  :   01010001;
	[0E8E0..0E8E1]  :   01010010;
	0E8E2  :   01010001;
	[0E8E3..0E8E4]  :   01001101;
	0E8E5  :   01001111;
	0E8E6  :   01001010;
	0E8E7  :   01001001;
	0E8E8  :   01001000;
	0E8E9  :   01001011;
	0E8EA  :   01001111;
	0E8EB  :   01001100;
	0E8EC  :   01001110;
	0E8ED  :   01001101;
	0E8EE  :   01010000;
	[0E8EF..0E8F0]  :   01001111;
	0E8F1  :   01001101;
	0E8F2  :   01001010;
	[0E8F3..0E8F4]  :   01001000;
	0E8F5  :   01001001;
	[0E8F6..0E8F7]  :   01001011;
	0E8F8  :   01001101;
	0E8F9  :   01001110;
	0E8FA  :   01001101;
	0E8FB  :   01001010;
	0E8FC  :   01001001;
	0E8FD  :   01001010;
	0E8FE  :   01001001;
	0E8FF  :   01000111;
	0E900  :   01001101;
	0E901  :   01001010;
	0E902  :   01000110;
	0E903  :   01000011;
	0E904  :   01000101;
	0E905  :   01001010;
	0E906  :   01001100;
	0E907  :   01001001;
	0E908  :   01001100;
	[0E909..0E90A]  :   01001010;
	0E90B  :   01001101;
	0E90C  :   01001111;
	0E90D  :   01001100;
	0E90E  :   01001001;
	[0E90F..0E911]  :   01000111;
	[0E912..0E913]  :   01001000;
	0E914  :   01000110;
	[0E915..0E916]  :   01000101;
	0E917  :   01000110;
	0E918  :   01000100;
	0E919  :   01000011;
	0E91A  :   01000100;
	0E91B  :   01001000;
	0E91C  :   01001001;
	0E91D  :   01000111;
	0E91E  :   01000011;
	0E91F  :   01000001;
	[0E920..0E921]  :   01000100;
	0E922  :   01001000;
	0E923  :   01001111;
	[0E924..0E926]  :   01010011;
	0E927  :   01010100;
	[0E928..0E929]  :   01010011;
	0E92A  :   01010101;
	0E92B  :   01010110;
	0E92C  :   01010101;
	[0E92D..0E92E]  :   01010110;
	0E92F  :   01010100;
	[0E930..0E932]  :   01010101;
	0E933  :   01010100;
	[0E934..0E938]  :   01010011;
	0E939  :   01010001;
	0E93A  :   01010000;
	0E93B  :   01010001;
	[0E93C..0E93E]  :   01010010;
	0E93F  :   01010100;
	0E940  :   01010101;
	[0E941..0E942]  :   01010110;
	0E943  :   01010100;
	0E944  :   01010010;
	0E945  :   01010001;
	0E946  :   01010000;
	[0E947..0E949]  :   01010001;
	0E94A  :   01010000;
	0E94B  :   01001100;
	0E94C  :   01001011;
	0E94D  :   01001100;
	[0E94E..0E94F]  :   01001110;
	0E950  :   01001010;
	0E951  :   01001100;
	[0E952..0E953]  :   01001101;
	0E954  :   01001100;
	0E955  :   01001101;
	0E956  :   01001111;
	[0E957..0E958]  :   01010010;
	0E959  :   01010000;
	0E95A  :   01010010;
	0E95B  :   01011000;
	0E95C  :   01011010;
	0E95D  :   01011000;
	0E95E  :   01010111;
	0E95F  :   01011001;
	0E960  :   01010010;
	0E961  :   01001011;
	0E962  :   01100010;
	0E963  :   01101101;
	0E964  :   01100101;
	0E965  :   01010111;
	0E966  :   01010000;
	0E967  :   01010011;
	0E968  :   01010101;
	[0E969..0E96A]  :   01011000;
	[0E96B..0E96C]  :   01010110;
	0E96D  :   01010111;
	0E96E  :   01010110;
	0E96F  :   01010011;
	0E970  :   01010100;
	0E971  :   01010101;
	[0E972..0E974]  :   01010111;
	0E975  :   01011000;
	0E976  :   01011010;
	0E977  :   01011011;
	0E978  :   01011000;
	0E979  :   01011010;
	0E97A  :   01011100;
	[0E97B..0E97D]  :   01011101;
	0E97E  :   01011110;
	0E97F  :   01011111;
	0E980  :   01100001;
	[0E981..0E982]  :   01011110;
	0E983  :   01011111;
	[0E984..0E985]  :   01011100;
	0E986  :   01011101;
	[0E987..0E988]  :   01011011;
	0E989  :   01011010;
	0E98A  :   01011100;
	0E98B  :   01011101;
	0E98C  :   01011011;
	0E98D  :   01011100;
	0E98E  :   01011011;
	0E98F  :   01010110;
	0E990  :   01010100;
	0E991  :   01001001;
	0E992  :   01000100;
	0E993  :   01001010;
	0E994  :   01001111;
	0E995  :   01010001;
	0E996  :   01001110;
	0E997  :   01001011;
	0E998  :   01010100;
	0E999  :   01011001;
	[0E99A..0E99B]  :   01011111;
	0E99C  :   01011101;
	0E99D  :   01011100;
	0E99E  :   01011110;
	0E99F  :   01011111;
	0E9A0  :   01011011;
	0E9A1  :   01011101;
	[0E9A2..0E9A3]  :   01011011;
	0E9A4  :   01011111;
	0E9A5  :   01100100;
	0E9A6  :   01100101;
	0E9A7  :   01100110;
	0E9A8  :   01100101;
	0E9A9  :   01101001;
	0E9AA  :   01101010;
	0E9AB  :   01101001;
	0E9AC  :   01100101;
	0E9AD  :   01100100;
	0E9AE  :   01100011;
	[0E9AF..0E9B0]  :   01011101;
	0E9B1  :   01011111;
	0E9B2  :   01100000;
	0E9B3  :   01011010;
	0E9B4  :   01010011;
	0E9B5  :   01010010;
	0E9B6  :   01010100;
	[0E9B7..0E9BA]  :   01010010;
	0E9BB  :   01010110;
	0E9BC  :   01011011;
	[0E9BD..0E9BE]  :   01011100;
	0E9BF  :   01100000;
	0E9C0  :   01001100;
	0E9C1  :   01001110;
	0E9C2  :   01010000;
	0E9C3  :   01010010;
	0E9C4  :   01010100;
	0E9C5  :   01010101;
	0E9C6  :   01011000;
	[0E9C7..0E9CB]  :   01011001;
	0E9CC  :   01011010;
	0E9CD  :   01011100;
	[0E9CE..0E9CF]  :   01011110;
	0E9D0  :   01011100;
	[0E9D1..0E9D2]  :   01011010;
	[0E9D3..0E9D4]  :   01011001;
	0E9D5  :   01011100;
	[0E9D6..0E9D7]  :   01011111;
	0E9D8  :   01011100;
	0E9D9  :   01011101;
	[0E9DA..0E9DB]  :   01100000;
	0E9DC  :   01011110;
	0E9DD  :   01011100;
	[0E9DE..0E9DF]  :   01011101;
	0E9E0  :   01010110;
	0E9E1  :   01010111;
	0E9E2  :   01011000;
	0E9E3  :   01011011;
	0E9E4  :   01011101;
	0E9E5  :   01011100;
	0E9E6  :   01011001;
	0E9E7  :   01011000;
	[0E9E8..0E9EA]  :   01011010;
	0E9EB  :   01011001;
	[0E9EC..0E9EE]  :   01011000;
	0E9EF  :   01010110;
	0E9F0  :   01001111;
	[0E9F1..0E9F2]  :   01001101;
	[0E9F3..0E9F4]  :   01001110;
	0E9F5  :   01010001;
	0E9F6  :   01010110;
	[0E9F7..0E9F8]  :   01010111;
	[0E9F9..0E9FC]  :   01010110;
	[0E9FD..0EA01]  :   01010111;
	[0EA02..0EA05]  :   01011000;
	[0EA06..0EA07]  :   01010111;
	0EA08  :   01011010;
	[0EA09..0EA0B]  :   01010111;
	0EA0C  :   01010100;
	0EA0D  :   01010010;
	0EA0E  :   01010100;
	0EA0F  :   01010101;
	[0EA10..0EA12]  :   01001111;
	[0EA13..0EA14]  :   01010001;
	[0EA15..0EA19]  :   01010000;
	0EA1A  :   01001110;
	0EA1B  :   01001011;
	0EA1C  :   01001010;
	[0EA1D..0EA1E]  :   01001011;
	0EA1F  :   01001010;
	0EA20  :   01001100;
	0EA21  :   01001111;
	0EA22  :   01001110;
	[0EA23..0EA24]  :   01001001;
	0EA25  :   01001100;
	0EA26  :   01001011;
	0EA27  :   01001010;
	0EA28  :   01001000;
	0EA29  :   01000111;
	0EA2A  :   01001010;
	0EA2B  :   01001001;
	0EA2C  :   01001010;
	0EA2D  :   01000110;
	0EA2E  :   01001001;
	0EA2F  :   01001100;
	0EA30  :   01000101;
	[0EA31..0EA32]  :   01000110;
	[0EA33..0EA34]  :   01000101;
	0EA35  :   01000110;
	[0EA36..0EA37]  :   01000111;
	[0EA38..0EA39]  :   01001001;
	0EA3A  :   01000111;
	[0EA3B..0EA3C]  :   01000110;
	0EA3D  :   01000111;
	0EA3E  :   01000110;
	0EA3F  :   01000101;
	0EA40  :   01000111;
	[0EA41..0EA42]  :   01000000;
	0EA43  :   01000110;
	0EA44  :   01000111;
	0EA45  :   01000110;
	0EA46  :   01000111;
	0EA47  :   01000110;
	0EA48  :   01000111;
	[0EA49..0EA4A]  :   01000110;
	0EA4B  :   01001000;
	0EA4C  :   01001001;
	0EA4D  :   01001000;
	0EA4E  :   01000110;
	0EA4F  :   01000100;
	[0EA50..0EA51]  :   01000110;
	0EA52  :   01000111;
	[0EA53..0EA55]  :   01000110;
	0EA56  :   01000111;
	0EA57  :   01001001;
	0EA58  :   01001000;
	0EA59  :   01000110;
	0EA5A  :   01000101;
	0EA5B  :   01001000;
	[0EA5C..0EA5D]  :   01001010;
	[0EA5E..0EA5F]  :   01001000;
	[0EA60..0EA61]  :   01001100;
	0EA62  :   01001101;
	0EA63  :   01010001;
	0EA64  :   01010010;
	0EA65  :   01010000;
	0EA66  :   01001111;
	0EA67  :   01010000;
	0EA68  :   01001101;
	0EA69  :   01001110;
	0EA6A  :   01010001;
	[0EA6B..0EA6D]  :   01010010;
	0EA6E  :   01010001;
	0EA6F  :   01001110;
	[0EA70..0EA72]  :   01010000;
	0EA73  :   01010001;
	[0EA74..0EA75]  :   01010010;
	0EA76  :   01010000;
	0EA77  :   01001110;
	0EA78  :   01001100;
	0EA79  :   01001101;
	0EA7A  :   01010000;
	[0EA7B..0EA7D]  :   01010010;
	[0EA7E..0EA7F]  :   01010001;
	[0EA80..0EA82]  :   01010011;
	0EA83  :   01010010;
	0EA84  :   01010001;
	0EA85  :   01010000;
	0EA86  :   01010001;
	[0EA87..0EA88]  :   01010010;
	0EA89  :   01001101;
	0EA8A  :   01001000;
	0EA8B  :   01000101;
	0EA8C  :   01000110;
	0EA8D  :   01001010;
	[0EA8E..0EA90]  :   01001011;
	0EA91  :   01001000;
	0EA92  :   01000011;
	0EA93  :   01000010;
	0EA94  :   01000011;
	0EA95  :   01000101;
	[0EA96..0EA97]  :   01000110;
	0EA98  :   01001001;
	0EA99  :   01001010;
	0EA9A  :   01001011;
	0EA9B  :   01001101;
	0EA9C  :   01001111;
	0EA9D  :   01010010;
	0EA9E  :   01010011;
	0EA9F  :   01010100;
	0EAA0  :   01010011;
	0EAA1  :   01001111;
	0EAA2  :   01101110;
	0EAA3  :   01110111;
	0EAA4  :   01101001;
	0EAA5  :   01011000;
	0EAA6  :   01001111;
	0EAA7  :   01010001;
	0EAA8  :   01010000;
	0EAA9  :   01010001;
	[0EAAA..0EAAC]  :   01010010;
	0EAAD  :   01010100;
	0EAAE  :   01010101;
	0EAAF  :   01010010;
	0EAB0  :   01010100;
	0EAB1  :   01010101;
	0EAB2  :   01010110;
	0EAB3  :   01010111;
	0EAB4  :   01011000;
	[0EAB5..0EAB6]  :   01011001;
	0EAB7  :   01011000;
	[0EAB8..0EABA]  :   01011001;
	[0EABB..0EABF]  :   01011010;
	0EAC0  :   01011110;
	0EAC1  :   01011101;
	0EAC2  :   01011110;
	0EAC3  :   01011001;
	0EAC4  :   01010101;
	0EAC5  :   01011001;
	0EAC6  :   01011100;
	0EAC7  :   01010110;
	[0EAC8..0EAC9]  :   01011001;
	0EACA  :   01011011;
	0EACB  :   01011001;
	[0EACC..0EACD]  :   01010011;
	0EACE  :   01010001;
	0EACF  :   01001000;
	0EAD0  :   01000011;
	0EAD1  :   00111111;
	0EAD2  :   01000010;
	0EAD3  :   01000011;
	[0EAD4..0EAD5]  :   01000110;
	0EAD6  :   01001001;
	0EAD7  :   01000101;
	0EAD8  :   01000100;
	0EAD9  :   01001011;
	0EADA  :   01010100;
	[0EADB..0EADC]  :   01011010;
	[0EADD..0EADE]  :   01011001;
	[0EADF..0EAE0]  :   01011010;
	0EAE1  :   01011101;
	0EAE2  :   01011100;
	0EAE3  :   01011011;
	0EAE4  :   01011101;
	0EAE5  :   01011111;
	0EAE6  :   01011110;
	0EAE7  :   01011100;
	0EAE8  :   01011001;
	0EAE9  :   01011101;
	0EAEA  :   01100000;
	[0EAEB..0EAEC]  :   01100010;
	[0EAED..0EAEE]  :   01100001;
	0EAEF  :   01011100;
	0EAF0  :   01011010;
	0EAF1  :   01011100;
	0EAF2  :   01011110;
	0EAF3  :   01011010;
	0EAF4  :   01010111;
	0EAF5  :   01011011;
	0EAF6  :   01011110;
	0EAF7  :   01011010;
	0EAF8  :   01011100;
	0EAF9  :   01010111;
	0EAFA  :   01010100;
	0EAFB  :   01010101;
	[0EAFC..0EAFD]  :   01010111;
	0EAFE  :   01011000;
	0EAFF  :   01011010;
	0EB00  :   01001101;
	0EB01  :   01001110;
	0EB02  :   01001111;
	0EB03  :   01010001;
	0EB04  :   01010100;
	[0EB05..0EB06]  :   01010101;
	[0EB07..0EB09]  :   01010100;
	0EB0A  :   01010011;
	[0EB0B..0EB0C]  :   01010010;
	0EB0D  :   01010100;
	0EB0E  :   01010110;
	0EB0F  :   01010111;
	0EB10  :   01010101;
	0EB11  :   01010100;
	0EB12  :   01010101;
	0EB13  :   01010111;
	0EB14  :   01011000;
	0EB15  :   01011011;
	0EB16  :   01011110;
	0EB17  :   01011101;
	0EB18  :   01011000;
	0EB19  :   01011010;
	0EB1A  :   01011100;
	0EB1B  :   01011011;
	0EB1C  :   01011000;
	[0EB1D..0EB1E]  :   01011001;
	0EB1F  :   01010110;
	0EB20  :   01010101;
	0EB21  :   01010110;
	0EB22  :   01010111;
	0EB23  :   01011010;
	0EB24  :   01011011;
	0EB25  :   01011000;
	0EB26  :   01010100;
	0EB27  :   01010010;
	[0EB28..0EB29]  :   01010100;
	0EB2A  :   01010101;
	0EB2B  :   01010100;
	[0EB2C..0EB2D]  :   01010010;
	[0EB2E..0EB2F]  :   01010100;
	0EB30  :   01010011;
	0EB31  :   01010001;
	0EB32  :   01010010;
	[0EB33..0EB34]  :   01010011;
	[0EB35..0EB36]  :   01010100;
	[0EB37..0EB39]  :   01010011;
	0EB3A  :   01010100;
	[0EB3B..0EB3D]  :   01010101;
	0EB3E  :   01010011;
	0EB3F  :   01010001;
	[0EB40..0EB41]  :   01010100;
	[0EB42..0EB47]  :   01010101;
	0EB48  :   01010110;
	0EB49  :   01010011;
	0EB4A  :   01010010;
	0EB4B  :   01010011;
	0EB4C  :   01010001;
	[0EB4D..0EB4E]  :   01001111;
	0EB4F  :   01001110;
	[0EB50..0EB52]  :   01001100;
	[0EB53..0EB54]  :   01001101;
	0EB55  :   01001011;
	[0EB56..0EB58]  :   01001010;
	[0EB59..0EB5A]  :   01001011;
	0EB5B  :   01001000;
	[0EB5C..0EB60]  :   01000110;
	0EB61  :   01001001;
	0EB62  :   01000111;
	0EB63  :   01000110;
	0EB64  :   01001000;
	0EB65  :   01001001;
	0EB66  :   01001010;
	[0EB67..0EB68]  :   01001011;
	0EB69  :   01001000;
	0EB6A  :   01001001;
	0EB6B  :   01001000;
	0EB6C  :   01001001;
	0EB6D  :   01000101;
	0EB6E  :   01000111;
	0EB6F  :   01001001;
	0EB70  :   01000011;
	0EB71  :   01000110;
	[0EB72..0EB73]  :   01001001;
	0EB74  :   01000111;
	0EB75  :   01000110;
	0EB76  :   01001000;
	0EB77  :   01001001;
	0EB78  :   01001000;
	0EB79  :   01000110;
	0EB7A  :   01000101;
	0EB7B  :   01000110;
	[0EB7C..0EB7D]  :   01000111;
	[0EB7E..0EB7F]  :   01000110;
	0EB80  :   00111111;
	0EB81  :   00111000;
	0EB82  :   00111011;
	0EB83  :   01000101;
	0EB84  :   01000111;
	[0EB85..0EB87]  :   01000011;
	0EB88  :   01000010;
	0EB89  :   01000011;
	[0EB8A..0EB8B]  :   01000101;
	0EB8C  :   01000111;
	0EB8D  :   01001000;
	0EB8E  :   01000111;
	0EB8F  :   01000101;
	0EB90  :   01000001;
	0EB91  :   01000011;
	0EB92  :   01000100;
	0EB93  :   01000101;
	[0EB94..0EB95]  :   01000110;
	[0EB96..0EB97]  :   01000101;
	0EB98  :   01001010;
	0EB99  :   01000111;
	0EB9A  :   01000110;
	0EB9B  :   01001000;
	[0EB9C..0EB9D]  :   01001010;
	0EB9E  :   01001000;
	0EB9F  :   01000111;
	[0EBA0..0EBA1]  :   01001010;
	0EBA2  :   01001100;
	0EBA3  :   01001101;
	0EBA4  :   01001100;
	[0EBA5..0EBA6]  :   01001001;
	0EBA7  :   01001011;
	[0EBA8..0EBA9]  :   01001010;
	0EBAA  :   01001100;
	0EBAB  :   01001110;
	[0EBAC..0EBAE]  :   01001101;
	[0EBAF..0EBB1]  :   01001010;
	0EBB2  :   01001011;
	0EBB3  :   01001101;
	0EBB4  :   01010000;
	0EBB5  :   01001111;
	0EBB6  :   01001011;
	0EBB7  :   01001000;
	0EBB8  :   01000111;
	[0EBB9..0EBBA]  :   01001010;
	0EBBB  :   01001000;
	0EBBC  :   01001001;
	0EBBD  :   01001101;
	[0EBBE..0EBC0]  :   01001111;
	[0EBC1..0EBC2]  :   01001110;
	[0EBC3..0EBC4]  :   01001111;
	0EBC5  :   01010000;
	0EBC6  :   01010001;
	0EBC7  :   01010011;
	0EBC8  :   01010100;
	0EBC9  :   01001110;
	[0EBCA..0EBCB]  :   01001010;
	0EBCC  :   01001011;
	[0EBCD..0EBCF]  :   01001100;
	0EBD0  :   01001110;
	0EBD1  :   01001010;
	0EBD2  :   01000101;
	0EBD3  :   01000011;
	0EBD4  :   01000110;
	0EBD5  :   01001001;
	0EBD6  :   01001010;
	[0EBD7..0EBD8]  :   01001001;
	[0EBD9..0EBDB]  :   01001010;
	0EBDC  :   01001011;
	0EBDD  :   01001101;
	0EBDE  :   01001110;
	0EBDF  :   01001111;
	0EBE0  :   01001011;
	0EBE1  :   01001101;
	0EBE2  :   01100010;
	0EBE3  :   01011001;
	[0EBE4..0EBE5]  :   01001011;
	0EBE6  :   01001001;
	0EBE7  :   01000110;
	0EBE8  :   01001101;
	0EBE9  :   01001010;
	0EBEA  :   01001011;
	[0EBEB..0EBEC]  :   01001101;
	0EBED  :   01010000;
	[0EBEE..0EBF0]  :   01010011;
	0EBF1  :   01010100;
	0EBF2  :   01010101;
	[0EBF3..0EBF5]  :   01010111;
	0EBF6  :   01010110;
	0EBF7  :   01010101;
	0EBF8  :   01011010;
	0EBF9  :   01011001;
	0EBFA  :   01010110;
	0EBFB  :   01010100;
	[0EBFC..0EBFD]  :   01010001;
	0EBFE  :   01010100;
	0EBFF  :   01010111;
	[0EC00..0EC01]  :   01011001;
	0EC02  :   01011010;
	0EC03  :   01010110;
	0EC04  :   01010001;
	0EC05  :   01010111;
	0EC06  :   01011011;
	0EC07  :   01010110;
	0EC08  :   01010011;
	0EC09  :   01010100;
	0EC0A  :   01011000;
	0EC0B  :   01010110;
	0EC0C  :   01010001;
	[0EC0D..0EC0E]  :   01010010;
	0EC0F  :   01001010;
	0EC10  :   00111100;
	0EC11  :   00101010;
	0EC12  :   00100111;
	0EC13  :   00110011;
	0EC14  :   01001000;
	0EC15  :   01001111;
	0EC16  :   01010010;
	0EC17  :   01001100;
	0EC18  :   01000111;
	0EC19  :   01001010;
	0EC1A  :   01010001;
	0EC1B  :   01010111;
	0EC1C  :   01011000;
	0EC1D  :   01010110;
	0EC1E  :   01010101;
	0EC1F  :   01010110;
	0EC20  :   01011010;
	[0EC21..0EC22]  :   01011110;
	[0EC23..0EC25]  :   01011101;
	0EC26  :   01011011;
	0EC27  :   01011010;
	0EC28  :   01011100;
	0EC29  :   01011010;
	0EC2A  :   01011000;
	0EC2B  :   01011001;
	[0EC2C..0EC2D]  :   01011000;
	0EC2E  :   01011100;
	0EC2F  :   01011010;
	0EC30  :   01010100;
	0EC31  :   01010110;
	0EC32  :   01011000;
	0EC33  :   01010100;
	0EC34  :   01010001;
	0EC35  :   01010111;
	0EC36  :   01011001;
	0EC37  :   01010011;
	0EC38  :   01010110;
	0EC39  :   01010100;
	0EC3A  :   01010001;
	[0EC3B..0EC3C]  :   01010000;
	0EC3D  :   01010001;
	0EC3E  :   01010010;
	0EC3F  :   01010001;
	0EC40  :   01001011;
	[0EC41..0EC43]  :   01001100;
	0EC44  :   01001110;
	[0EC45..0EC46]  :   01010001;
	0EC47  :   01001110;
	0EC48  :   01001011;
	0EC49  :   01001101;
	[0EC4A..0EC4B]  :   01001111;
	[0EC4C..0EC4D]  :   01010000;
	[0EC4E..0EC4F]  :   01010001;
	0EC50  :   01010010;
	0EC51  :   01010000;
	[0EC52..0EC54]  :   01010001;
	0EC55  :   01010010;
	[0EC56..0EC57]  :   01010100;
	0EC58  :   01010101;
	0EC59  :   01010111;
	0EC5A  :   01011001;
	0EC5B  :   01010111;
	0EC5C  :   01010101;
	[0EC5D..0EC5E]  :   01010110;
	0EC5F  :   01010011;
	0EC60  :   01010001;
	0EC61  :   01010010;
	0EC62  :   01010101;
	0EC63  :   01010111;
	0EC64  :   01010101;
	0EC65  :   01010010;
	[0EC66..0EC67]  :   01010000;
	0EC68  :   01010010;
	[0EC69..0EC6B]  :   01010000;
	0EC6C  :   01001110;
	0EC6D  :   01001111;
	[0EC6E..0EC6F]  :   01010000;
	0EC70  :   01001110;
	0EC71  :   01001100;
	0EC72  :   01001110;
	0EC73  :   01010001;
	[0EC74..0EC76]  :   01010010;
	[0EC77..0EC78]  :   01001111;
	0EC79  :   01010000;
	0EC7A  :   01010011;
	0EC7B  :   01010101;
	0EC7C  :   01010110;
	0EC7D  :   01010101;
	0EC7E  :   01010011;
	0EC7F  :   01010010;
	0EC80  :   01010001;
	[0EC81..0EC85]  :   01010010;
	[0EC86..0EC87]  :   01010011;
	0EC88  :   01001111;
	0EC89  :   01001101;
	0EC8A  :   01001110;
	0EC8B  :   01001111;
	0EC8C  :   01001101;
	0EC8D  :   01001010;
	0EC8E  :   01001001;
	0EC8F  :   01001000;
	0EC90  :   01001001;
	0EC91  :   01001010;
	[0EC92..0EC94]  :   01001011;
	0EC95  :   01001001;
	[0EC96..0EC97]  :   01000111;
	0EC98  :   01001001;
	0EC99  :   01001010;
	0EC9A  :   01001001;
	0EC9B  :   01000111;
	0EC9C  :   01000101;
	[0EC9D..0EC9E]  :   01000110;
	0EC9F  :   01000101;
	[0ECA0..0ECA1]  :   01000110;
	0ECA2  :   01000010;
	0ECA3  :   01000100;
	[0ECA4..0ECA7]  :   01000111;
	0ECA8  :   01001000;
	[0ECA9..0ECAA]  :   01000111;
	0ECAB  :   01000001;
	0ECAC  :   01000011;
	0ECAD  :   01000100;
	0ECAE  :   01000110;
	0ECAF  :   01000011;
	0ECB0  :   01000100;
	0ECB1  :   01000111;
	0ECB2  :   01001001;
	0ECB3  :   01001000;
	0ECB4  :   01000101;
	0ECB5  :   01000100;
	0ECB6  :   01000101;
	[0ECB7..0ECB8]  :   01000111;
	0ECB9  :   01000101;
	0ECBA  :   01000100;
	[0ECBB..0ECBC]  :   01000110;
	0ECBD  :   01000011;
	[0ECBE..0ECBF]  :   01000001;
	0ECC0  :   00111111;
	0ECC1  :   00111101;
	0ECC2  :   00111111;
	[0ECC3..0ECC4]  :   01000011;
	0ECC5  :   01000010;
	0ECC6  :   01000001;
	0ECC7  :   01000000;
	0ECC8  :   01000001;
	0ECC9  :   01000011;
	[0ECCA..0ECCB]  :   01000101;
	0ECCC  :   01000111;
	0ECCD  :   01001001;
	0ECCE  :   01000111;
	0ECCF  :   01000100;
	[0ECD0..0ECD1]  :   01000000;
	[0ECD2..0ECD3]  :   00111111;
	0ECD4  :   01000001;
	[0ECD5..0ECD6]  :   01000010;
	0ECD7  :   01000001;
	0ECD8  :   01000011;
	0ECD9  :   01000010;
	0ECDA  :   01000011;
	0ECDB  :   01000110;
	[0ECDC..0ECDD]  :   01001000;
	0ECDE  :   01000101;
	0ECDF  :   01000010;
	0ECE0  :   01000011;
	0ECE1  :   01000100;
	0ECE2  :   01000110;
	0ECE3  :   01001000;
	0ECE4  :   01000111;
	0ECE5  :   01000110;
	0ECE6  :   01001000;
	0ECE7  :   01001011;
	0ECE8  :   01001100;
	0ECE9  :   01001010;
	0ECEA  :   01001001;
	0ECEB  :   01001000;
	0ECEC  :   01000110;
	0ECED  :   01000111;
	0ECEE  :   01000110;
	0ECEF  :   01000100;
	0ECF0  :   01000101;
	0ECF1  :   01000110;
	0ECF2  :   01000111;
	0ECF3  :   01001001;
	0ECF4  :   01001010;
	0ECF5  :   01001001;
	0ECF6  :   01000101;
	0ECF7  :   01000010;
	[0ECF8..0ECF9]  :   01000111;
	0ECFA  :   01000010;
	[0ECFB..0ECFC]  :   00111100;
	0ECFD  :   01000100;
	0ECFE  :   01001011;
	0ECFF  :   01001101;
	0ED00  :   01001010;
	[0ED01..0ED02]  :   01001001;
	0ED03  :   01001011;
	[0ED04..0ED05]  :   01001101;
	0ED06  :   01001110;
	0ED07  :   01001111;
	0ED08  :   01010100;
	0ED09  :   01010000;
	0ED0A  :   01001110;
	0ED0B  :   01001101;
	0ED0C  :   01001011;
	0ED0D  :   01001001;
	0ED0E  :   01001100;
	0ED0F  :   01010000;
	0ED10  :   01001100;
	0ED11  :   01001011;
	[0ED12..0ED14]  :   01001010;
	0ED15  :   01001011;
	[0ED16..0ED17]  :   01001100;
	0ED18  :   01001101;
	0ED19  :   01001011;
	0ED1A  :   01001100;
	0ED1B  :   01001101;
	0ED1C  :   01001100;
	0ED1D  :   01001001;
	0ED1E  :   01001000;
	0ED1F  :   01001001;
	0ED20  :   01000010;
	0ED21  :   00111001;
	0ED22  :   00111000;
	0ED23  :   00101101;
	0ED24  :   00110001;
	0ED25  :   01000010;
	0ED26  :   01001010;
	0ED27  :   01001001;
	0ED28  :   01001101;
	0ED29  :   01001001;
	0ED2A  :   01001100;
	[0ED2B..0ED2C]  :   01001111;
	0ED2D  :   01010000;
	0ED2E  :   01010010;
	[0ED2F..0ED30]  :   01010000;
	0ED31  :   01010001;
	0ED32  :   01010010;
	0ED33  :   01010011;
	[0ED34..0ED36]  :   01010100;
	0ED37  :   01010011;
	0ED38  :   01010101;
	[0ED39..0ED3A]  :   01010110;
	0ED3B  :   01010010;
	0ED3C  :   01001101;
	0ED3D  :   01001100;
	0ED3E  :   01010000;
	0ED3F  :   01010101;
	0ED40  :   01010110;
	0ED41  :   01010011;
	0ED42  :   01010100;
	0ED43  :   01010011;
	0ED44  :   01010000;
	0ED45  :   01010001;
	[0ED46..0ED47]  :   01010100;
	0ED48  :   01010001;
	0ED49  :   01010011;
	0ED4A  :   01010110;
	0ED4B  :   01010100;
	0ED4C  :   01010000;
	0ED4D  :   01010010;
	0ED4E  :   01010100;
	0ED4F  :   01010000;
	0ED50  :   01001001;
	0ED51  :   00111011;
	0ED52  :   00110110;
	0ED53  :   00111101;
	0ED54  :   01010001;
	0ED55  :   01011001;
	0ED56  :   01011011;
	[0ED57..0ED59]  :   01010101;
	0ED5A  :   01010110;
	0ED5B  :   01011000;
	0ED5C  :   01011001;
	0ED5D  :   01011000;
	[0ED5E..0ED5F]  :   01011001;
	0ED60  :   01011000;
	0ED61  :   01011011;
	[0ED62..0ED63]  :   01011100;
	[0ED64..0ED65]  :   01011110;
	0ED66  :   01011111;
	0ED67  :   01100000;
	0ED68  :   01100010;
	0ED69  :   01011101;
	0ED6A  :   01011000;
	0ED6B  :   01010111;
	0ED6C  :   01010100;
	0ED6D  :   01010001;
	0ED6E  :   01010100;
	0ED6F  :   01010011;
	0ED70  :   01010010;
	0ED71  :   01010110;
	0ED72  :   01010111;
	0ED73  :   01010011;
	0ED74  :   01001111;
	0ED75  :   01010001;
	0ED76  :   01010011;
	0ED77  :   01010000;
	0ED78  :   01001110;
	0ED79  :   01010000;
	0ED7A  :   01010001;
	0ED7B  :   01001111;
	0ED7C  :   01001011;
	[0ED7D..0ED7E]  :   01001100;
	0ED7F  :   01001010;
	0ED80  :   01000100;
	0ED81  :   01000111;
	0ED82  :   01001001;
	0ED83  :   01000111;
	0ED84  :   01001000;
	0ED85  :   01001011;
	0ED86  :   01001100;
	0ED87  :   01001001;
	0ED88  :   01000111;
	0ED89  :   01001010;
	0ED8A  :   01001100;
	0ED8B  :   01001101;
	[0ED8C..0ED8D]  :   01001100;
	0ED8E  :   01001011;
	0ED8F  :   01001010;
	0ED90  :   01001100;
	0ED91  :   01001010;
	0ED92  :   01001011;
	0ED93  :   01001100;
	0ED94  :   01001010;
	0ED95  :   01001011;
	[0ED96..0ED97]  :   01001101;
	0ED98  :   01001111;
	0ED99  :   01010000;
	0ED9A  :   01010010;
	0ED9B  :   01010000;
	[0ED9C..0ED9D]  :   01001101;
	0ED9E  :   01001110;
	0ED9F  :   01001101;
	[0EDA0..0EDA1]  :   01001011;
	0EDA2  :   01001110;
	0EDA3  :   01010000;
	0EDA4  :   01001111;
	0EDA5  :   01001100;
	[0EDA6..0EDA8]  :   01001011;
	0EDA9  :   01001001;
	[0EDAA..0EDAB]  :   01001000;
	0EDAC  :   01000110;
	0EDAD  :   01000111;
	[0EDAE..0EDAF]  :   01001001;
	[0EDB0..0EDB1]  :   01001011;
	0EDB2  :   01001101;
	0EDB3  :   01001111;
	0EDB4  :   01001110;
	0EDB5  :   01001111;
	0EDB6  :   01010000;
	0EDB7  :   01001111;
	0EDB8  :   01001101;
	0EDB9  :   01001110;
	0EDBA  :   01010000;
	0EDBB  :   01010010;
	0EDBC  :   01010011;
	0EDBD  :   01010010;
	0EDBE  :   01010001;
	0EDBF  :   01010000;
	0EDC0  :   01001110;
	[0EDC1..0EDC4]  :   01001111;
	[0EDC5..0EDC6]  :   01001110;
	0EDC7  :   01001101;
	0EDC8  :   01001001;
	0EDC9  :   01001000;
	[0EDCA..0EDCB]  :   01001001;
	0EDCC  :   01000110;
	0EDCD  :   01000100;
	[0EDCE..0EDCF]  :   01000101;
	0EDD0  :   01000111;
	0EDD1  :   01001000;
	0EDD2  :   01001001;
	0EDD3  :   01001010;
	0EDD4  :   01001001;
	0EDD5  :   01000111;
	[0EDD6..0EDD7]  :   01000110;
	[0EDD8..0EDD9]  :   01001010;
	0EDDA  :   01001001;
	[0EDDB..0EDDD]  :   01000111;
	0EDDE  :   01000101;
	0EDDF  :   01000011;
	0EDE0  :   01000111;
	0EDE1  :   01000110;
	0EDE2  :   01000001;
	0EDE3  :   01000100;
	0EDE4  :   01000111;
	0EDE5  :   01000100;
	0EDE6  :   01000101;
	0EDE7  :   01000100;
	[0EDE8..0EDE9]  :   01000010;
	0EDEA  :   01000001;
	0EDEB  :   00111011;
	0EDEC  :   00111101;
	0EDED  :   00111111;
	0EDEE  :   01000011;
	0EDEF  :   01000000;
	0EDF0  :   00111110;
	0EDF1  :   01000000;
	0EDF2  :   01000001;
	[0EDF3..0EDF4]  :   01000000;
	0EDF5  :   01000001;
	[0EDF6..0EDFA]  :   01000011;
	0EDFB  :   01000001;
	0EDFC  :   00111111;
	0EDFD  :   00111101;
	[0EDFE..0EDFF]  :   00111100;
	0EE00  :   01000010;
	0EE01  :   01000011;
	0EE02  :   01000001;
	0EE03  :   00111110;
	0EE04  :   00111111;
	[0EE05..0EE06]  :   01000000;
	0EE07  :   01000001;
	0EE08  :   01000000;
	[0EE09..0EE0A]  :   01000001;
	0EE0B  :   01000010;
	[0EE0C..0EE0D]  :   01000011;
	0EE0E  :   01000001;
	0EE0F  :   00111111;
	0EE10  :   01000010;
	0EE11  :   01000000;
	0EE12  :   00111110;
	0EE13  :   00111101;
	0EE14  :   00111111;
	0EE15  :   01000010;
	0EE16  :   01000011;
	0EE17  :   01000010;
	0EE18  :   01000000;
	0EE19  :   01000010;
	[0EE1A..0EE1B]  :   01000011;
	[0EE1C..0EE1D]  :   01000100;
	0EE1E  :   01000001;
	[0EE1F..0EE20]  :   00111100;
	0EE21  :   00111101;
	0EE22  :   01000000;
	[0EE23..0EE24]  :   01000010;
	0EE25  :   01000011;
	0EE26  :   01000101;
	0EE27  :   01001000;
	0EE28  :   01001001;
	0EE29  :   01000110;
	0EE2A  :   01000100;
	0EE2B  :   01000010;
	0EE2C  :   01000001;
	[0EE2D..0EE2E]  :   01000010;
	0EE2F  :   01000000;
	0EE30  :   01000011;
	[0EE31..0EE33]  :   01000100;
	0EE34  :   01000011;
	0EE35  :   01000010;
	[0EE36..0EE37]  :   01000001;
	0EE38  :   01000110;
	0EE39  :   01000101;
	0EE3A  :   01000001;
	[0EE3B..0EE3C]  :   00111011;
	0EE3D  :   01000001;
	0EE3E  :   01000111;
	0EE3F  :   01001001;
	0EE40  :   01000110;
	0EE41  :   01000101;
	0EE42  :   01000110;
	0EE43  :   01001001;
	[0EE44..0EE46]  :   01001010;
	0EE47  :   01001011;
	0EE48  :   01001111;
	0EE49  :   01001110;
	0EE4A  :   01001100;
	0EE4B  :   01001010;
	0EE4C  :   01000111;
	0EE4D  :   01000110;
	0EE4E  :   01001001;
	0EE4F  :   01001110;
	0EE50  :   01001001;
	0EE51  :   01001010;
	[0EE52..0EE53]  :   01001011;
	0EE54  :   01001010;
	0EE55  :   01001000;
	[0EE56..0EE57]  :   01000111;
	[0EE58..0EE59]  :   01001000;
	0EE5A  :   01001001;
	0EE5B  :   01001010;
	0EE5C  :   01001000;
	0EE5D  :   01000110;
	0EE5E  :   01000010;
	0EE5F  :   01000001;
	0EE60  :   00111010;
	0EE61  :   00100101;
	0EE62  :   00010110;
	0EE63  :   00010011;
	0EE64  :   00101010;
	0EE65  :   00111100;
	0EE66  :   01000010;
	[0EE67..0EE68]  :   01000011;
	0EE69  :   01000001;
	0EE6A  :   01000101;
	0EE6B  :   01001010;
	0EE6C  :   01001011;
	0EE6D  :   01001110;
	0EE6E  :   01010001;
	0EE6F  :   01001110;
	0EE70  :   01001111;
	[0EE71..0EE72]  :   01010000;
	0EE73  :   01010001;
	[0EE74..0EE75]  :   01010010;
	0EE76  :   01010011;
	0EE77  :   01010100;
	[0EE78..0EE7B]  :   01010010;
	0EE7C  :   01010000;
	0EE7D  :   01001111;
	0EE7E  :   01010000;
	0EE7F  :   01010001;
	0EE80  :   01010011;
	0EE81  :   01010001;
	[0EE82..0EE83]  :   01001111;
	0EE84  :   01001101;
	[0EE85..0EE86]  :   01001010;
	0EE87  :   01001100;
	0EE88  :   01010001;
	0EE89  :   01010100;
	0EE8A  :   01010101;
	0EE8B  :   01010001;
	0EE8C  :   01001110;
	0EE8D  :   01010000;
	0EE8E  :   01010011;
	0EE8F  :   01010100;
	0EE90  :   01011000;
	0EE91  :   01011001;
	0EE92  :   01011000;
	0EE93  :   01010011;
	0EE94  :   01010101;
	0EE95  :   01010110;
	[0EE96..0EE97]  :   01011000;
	0EE98  :   01011010;
	[0EE99..0EE9B]  :   01011001;
	0EE9C  :   01011010;
	0EE9D  :   01011011;
	[0EE9E..0EE9F]  :   01011100;
	[0EEA0..0EEA1]  :   01011011;
	[0EEA2..0EEA3]  :   01011010;
	0EEA4  :   01011011;
	0EEA5  :   01011010;
	0EEA6  :   01011001;
	[0EEA7..0EEA8]  :   01011011;
	0EEA9  :   01011001;
	[0EEAA..0EEAB]  :   01010111;
	0EEAC  :   01010100;
	0EEAD  :   01010011;
	0EEAE  :   01010110;
	0EEAF  :   01010011;
	0EEB0  :   01010100;
	[0EEB1..0EEB2]  :   01011001;
	0EEB3  :   01010100;
	0EEB4  :   01010000;
	[0EEB5..0EEB6]  :   01001101;
	0EEB7  :   01001110;
	0EEB8  :   01001111;
	0EEB9  :   01010001;
	0EEBA  :   01010101;
	0EEBB  :   01010011;
	0EEBC  :   01001110;
	0EEBD  :   01001101;
	0EEBE  :   01001111;
	0EEBF  :   01001101;
	0EEC0  :   00111011;
	0EEC1  :   01000010;
	0EEC2  :   01000110;
	[0EEC3..0EEC4]  :   01000011;
	0EEC5  :   01000110;
	0EEC6  :   01000111;
	0EEC7  :   01000100;
	0EEC8  :   01000110;
	0EEC9  :   01001000;
	0EECA  :   01001001;
	0EECB  :   01001000;
	0EECC  :   01000101;
	[0EECD..0EECE]  :   01000100;
	0EECF  :   01000101;
	0EED0  :   01000010;
	0EED1  :   01000100;
	0EED2  :   01001010;
	[0EED3..0EED4]  :   01001111;
	0EED5  :   01001110;
	0EED6  :   01001111;
	0EED7  :   01001110;
	0EED8  :   01001101;
	0EED9  :   01001100;
	0EEDA  :   01001101;
	0EEDB  :   01001100;
	0EEDC  :   01000111;
	0EEDD  :   01000100;
	0EEDE  :   01000110;
	0EEDF  :   01000111;
	0EEE0  :   01000110;
	0EEE1  :   01000100;
	0EEE2  :   01000110;
	0EEE3  :   01001010;
	0EEE4  :   01001100;
	0EEE5  :   01001010;
	0EEE6  :   01000110;
	[0EEE7..0EEE9]  :   01000100;
	[0EEEA..0EEEB]  :   01000101;
	0EEEC  :   01000010;
	0EEED  :   01000011;
	0EEEE  :   01000111;
	0EEEF  :   01001010;
	[0EEF0..0EEF1]  :   01001101;
	0EEF2  :   01001111;
	0EEF3  :   01001110;
	[0EEF4..0EEF5]  :   01001010;
	0EEF6  :   01001100;
	0EEF7  :   01001101;
	[0EEF8..0EEF9]  :   01001110;
	0EEFA  :   01001101;
	0EEFB  :   01001100;
	0EEFC  :   01001011;
	[0EEFD..0EEFE]  :   01001010;
	0EEFF  :   01001001;
	0EF00  :   01001010;
	[0EF01..0EF03]  :   01001011;
	0EF04  :   01001010;
	0EF05  :   01001000;
	0EF06  :   01000111;
	0EF07  :   01000110;
	0EF08  :   01000111;
	0EF09  :   01000110;
	0EF0A  :   01000111;
	0EF0B  :   01000100;
	[0EF0C..0EF0D]  :   01000000;
	0EF0E  :   01000101;
	0EF0F  :   01000111;
	0EF10  :   01000101;
	0EF11  :   01000110;
	0EF12  :   01001000;
	0EF13  :   01001001;
	0EF14  :   01001000;
	0EF15  :   01000110;
	[0EF16..0EF17]  :   01000101;
	0EF18  :   01000110;
	0EF19  :   01000101;
	0EF1A  :   01000100;
	0EF1B  :   01000011;
	0EF1C  :   01000100;
	0EF1D  :   01000011;
	0EF1E  :   00111110;
	0EF1F  :   00111001;
	0EF20  :   00111110;
	0EF21  :   01000001;
	0EF22  :   00111110;
	0EF23  :   01000000;
	0EF24  :   01000001;
	0EF25  :   00111110;
	[0EF26..0EF28]  :   01000000;
	0EF29  :   00111101;
	0EF2A  :   00111100;
	0EF2B  :   00111001;
	[0EF2C..0EF2D]  :   00111011;
	0EF2E  :   01000000;
	0EF2F  :   01000010;
	[0EF30..0EF31]  :   00111111;
	[0EF32..0EF33]  :   00111101;
	[0EF34..0EF35]  :   00111110;
	0EF36  :   00111101;
	0EF37  :   00111011;
	0EF38  :   01000001;
	0EF39  :   01000011;
	0EF3A  :   01000010;
	0EF3B  :   00111110;
	0EF3C  :   00111100;
	0EF3D  :   00111101;
	0EF3E  :   00111111;
	0EF3F  :   01000000;
	0EF40  :   00111110;
	0EF41  :   01000000;
	0EF42  :   00111101;
	0EF43  :   00111010;
	0EF44  :   00111011;
	0EF45  :   00111100;
	0EF46  :   00111110;
	0EF47  :   01000010;
	0EF48  :   01000101;
	0EF49  :   01000010;
	0EF4A  :   01000000;
	0EF4B  :   01000001;
	0EF4C  :   01000010;
	0EF4D  :   01000000;
	[0EF4E..0EF4F]  :   00111111;
	0EF50  :   00111011;
	0EF51  :   00111100;
	[0EF52..0EF53]  :   00111101;
	0EF54  :   00111110;
	[0EF55..0EF56]  :   01000000;
	0EF57  :   00111110;
	0EF58  :   01000000;
	[0EF59..0EF5A]  :   01000011;
	[0EF5B..0EF5C]  :   01000001;
	[0EF5D..0EF5E]  :   01000011;
	0EF5F  :   01000001;
	[0EF60..0EF61]  :   01000010;
	0EF62  :   01000011;
	0EF63  :   01000010;
	0EF64  :   01000001;
	0EF65  :   00111111;
	0EF66  :   00111110;
	0EF67  :   00111111;
	0EF68  :   01000001;
	[0EF69..0EF6C]  :   00111111;
	0EF6D  :   01000010;
	0EF6E  :   01000011;
	[0EF6F..0EF70]  :   01000010;
	[0EF71..0EF72]  :   01000100;
	0EF73  :   01000010;
	[0EF74..0EF75]  :   00111111;
	0EF76  :   01000000;
	[0EF77..0EF78]  :   01000011;
	[0EF79..0EF7B]  :   01000100;
	0EF7C  :   01000011;
	[0EF7D..0EF7F]  :   01000100;
	0EF80  :   01000010;
	0EF81  :   01000011;
	0EF82  :   01000101;
	0EF83  :   01001000;
	0EF84  :   01001001;
	[0EF85..0EF86]  :   01001000;
	0EF87  :   01001001;
	0EF88  :   01000111;
	[0EF89..0EF8A]  :   01001001;
	0EF8B  :   01001000;
	[0EF8C..0EF8E]  :   01000111;
	0EF8F  :   01000110;
	0EF90  :   01000101;
	[0EF91..0EF93]  :   01000110;
	0EF94  :   01000100;
	0EF95  :   01000010;
	0EF96  :   01000000;
	[0EF97..0EF98]  :   00111110;
	0EF99  :   01000011;
	0EF9A  :   01000101;
	[0EF9B..0EF9C]  :   01000010;
	0EF9D  :   01000100;
	0EF9E  :   01000001;
	0EF9F  :   00111011;
	0EFA0  :   00110110;
	0EFA1  :   00100111;
	0EFA2  :   00010101;
	0EFA3  :   00010010;
	0EFA4  :   00101010;
	0EFA5  :   00110100;
	0EFA6  :   00110011;
	0EFA7  :   00110010;
	0EFA8  :   00101110;
	0EFA9  :   00101100;
	0EFAA  :   00110000;
	0EFAB  :   00110100;
	0EFAC  :   00111000;
	0EFAD  :   01000011;
	0EFAE  :   01001101;
	0EFAF  :   01001011;
	[0EFB0..0EFB4]  :   01001100;
	0EFB5  :   01001101;
	0EFB6  :   01001110;
	0EFB7  :   01010000;
	0EFB8  :   01001110;
	0EFB9  :   01001010;
	0EFBA  :   01000110;
	0EFBB  :   01001000;
	0EFBC  :   01001011;
	0EFBD  :   01001110;
	0EFBE  :   01001101;
	0EFBF  :   01001100;
	0EFC0  :   01001011;
	[0EFC1..0EFC2]  :   01001110;
	0EFC3  :   01001101;
	0EFC4  :   01001110;
	[0EFC5..0EFC6]  :   01010000;
	0EFC7  :   01010001;
	0EFC8  :   01010000;
	0EFC9  :   01010100;
	0EFCA  :   01010011;
	0EFCB  :   01001111;
	0EFCC  :   01001110;
	0EFCD  :   01010000;
	0EFCE  :   01010101;
	0EFCF  :   01011010;
	0EFD0  :   01011001;
	0EFD1  :   01010111;
	0EFD2  :   01010100;
	0EFD3  :   01010011;
	0EFD4  :   01010100;
	[0EFD5..0EFD6]  :   01010001;
	0EFD7  :   01010110;
	0EFD8  :   01010011;
	0EFD9  :   01010101;
	[0EFDA..0EFDB]  :   01010111;
	0EFDC  :   01011000;
	0EFDD  :   01011001;
	0EFDE  :   01011000;
	[0EFDF..0EFE0]  :   01010111;
	0EFE1  :   01010101;
	0EFE2  :   01010100;
	0EFE3  :   01010110;
	0EFE4  :   01010111;
	0EFE5  :   01010101;
	0EFE6  :   01010011;
	0EFE7  :   01010101;
	[0EFE8..0EFE9]  :   01010110;
	0EFEA  :   01010100;
	0EFEB  :   01010011;
	0EFEC  :   01010010;
	0EFED  :   01010100;
	0EFEE  :   01011000;
	0EFEF  :   01010101;
	0EFF0  :   01010010;
	0EFF1  :   01010110;
	0EFF2  :   01010101;
	0EFF3  :   01010011;
	0EFF4  :   01010010;
	0EFF5  :   01001111;
	0EFF6  :   01001110;
	0EFF7  :   01010001;
	0EFF8  :   01001011;
	0EFF9  :   01001100;
	[0EFFA..0EFFB]  :   01010000;
	0EFFC  :   01001100;
	0EFFD  :   01001101;
	0EFFE  :   01010010;
	0EFFF  :   01010011;
	0F000  :   00111011;
	0F001  :   00111100;
	0F002  :   00111101;
	0F003  :   00111111;
	[0F004..0F005]  :   01000000;
	0F006  :   01000001;
	0F007  :   01000010;
	0F008  :   01000000;
	0F009  :   01000100;
	0F00A  :   01000101;
	0F00B  :   01000010;
	0F00C  :   01000000;
	0F00D  :   01000011;
	0F00E  :   01001000;
	0F00F  :   01001100;
	[0F010..0F011]  :   01001010;
	[0F012..0F013]  :   01001100;
	0F014  :   01001001;
	0F015  :   01001010;
	0F016  :   01001011;
	0F017  :   01001010;
	0F018  :   01000110;
	0F019  :   01000111;
	0F01A  :   01000101;
	0F01B  :   01000010;
	0F01C  :   01000000;
	0F01D  :   01000001;
	0F01E  :   01000011;
	0F01F  :   01000100;
	0F020  :   01000111;
	0F021  :   01000100;
	0F022  :   01000010;
	0F023  :   01000100;
	0F024  :   01000101;
	[0F025..0F026]  :   01000011;
	0F027  :   01000100;
	0F028  :   01000101;
	0F029  :   01000011;
	0F02A  :   01000010;
	0F02B  :   01000100;
	0F02C  :   01000101;
	0F02D  :   01001001;
	0F02E  :   01001100;
	0F02F  :   01001011;
	0F030  :   01001000;
	0F031  :   01001010;
	0F032  :   01001110;
	0F033  :   01001011;
	0F034  :   01001001;
	0F035  :   01001000;
	[0F036..0F037]  :   01000101;
	[0F038..0F039]  :   01000110;
	0F03A  :   01001000;
	0F03B  :   01000101;
	[0F03C..0F03E]  :   01000100;
	[0F03F..0F040]  :   01000111;
	0F041  :   01000011;
	0F042  :   01000101;
	0F043  :   01001000;
	0F044  :   01000100;
	0F045  :   01000001;
	0F046  :   01000010;
	0F047  :   01000100;
	0F048  :   01000001;
	0F049  :   00111111;
	0F04A  :   01000011;
	0F04B  :   01000100;
	[0F04C..0F04E]  :   01000010;
	0F04F  :   01000100;
	0F050  :   01000000;
	[0F051..0F052]  :   01000001;
	0F053  :   00111110;
	0F054  :   00110110;
	0F055  :   00101111;
	0F056  :   00101110;
	0F057  :   00110000;
	0F058  :   00110010;
	0F059  :   00110100;
	0F05A  :   00110110;
	0F05B  :   00111011;
	0F05C  :   01000000;
	0F05D  :   00111101;
	0F05E  :   00111010;
	0F05F  :   00111101;
	0F060  :   00111011;
	0F061  :   00110101;
	0F062  :   00110001;
	0F063  :   00110101;
	0F064  :   00111010;
	0F065  :   00111101;
	0F066  :   01000000;
	0F067  :   01000001;
	0F068  :   01000010;
	0F069  :   00111111;
	[0F06A..0F06B]  :   00111101;
	0F06C  :   00111110;
	0F06D  :   00111101;
	[0F06E..0F06F]  :   00111011;
	0F070  :   00111110;
	0F071  :   00111100;
	0F072  :   00111101;
	[0F073..0F074]  :   00111111;
	0F075  :   00111100;
	0F076  :   00111011;
	0F077  :   00111100;
	0F078  :   00111101;
	0F079  :   00111100;
	[0F07A..0F07C]  :   00111110;
	0F07D  :   00111010;
	0F07E  :   00111001;
	0F07F  :   00111111;
	0F080  :   00111110;
	0F081  :   00111111;
	0F082  :   00111011;
	0F083  :   00111001;
	0F084  :   00111011;
	0F085  :   00111100;
	0F086  :   00111011;
	0F087  :   00111100;
	0F088  :   00111010;
	0F089  :   00111011;
	0F08A  :   00111100;
	0F08B  :   00111101;
	0F08C  :   00111011;
	0F08D  :   00111010;
	0F08E  :   00111001;
	[0F08F..0F091]  :   00111010;
	[0F092..0F094]  :   00111011;
	0F095  :   00111100;
	[0F096..0F097]  :   00111101;
	0F098  :   00111010;
	0F099  :   00111001;
	0F09A  :   00111011;
	0F09B  :   00111101;
	0F09C  :   00111110;
	0F09D  :   00111101;
	0F09E  :   00111110;
	0F09F  :   01000000;
	0F0A0  :   00111101;
	0F0A1  :   00111111;
	0F0A2  :   01000001;
	0F0A3  :   01000000;
	[0F0A4..0F0A5]  :   01000001;
	[0F0A6..0F0A7]  :   00111101;
	0F0A8  :   00111100;
	0F0A9  :   00111010;
	[0F0AA..0F0AB]  :   00111011;
	0F0AC  :   00111100;
	0F0AD  :   01000011;
	0F0AE  :   01000101;
	0F0AF  :   00111100;
	0F0B0  :   00111011;
	0F0B1  :   01000011;
	0F0B2  :   01000110;
	[0F0B3..0F0B4]  :   01000100;
	0F0B5  :   01000010;
	0F0B6  :   01000001;
	0F0B7  :   01000100;
	0F0B8  :   01000101;
	[0F0B9..0F0BA]  :   01000011;
	0F0BB  :   01000110;
	0F0BC  :   01001000;
	0F0BD  :   01000100;
	0F0BE  :   01000001;
	0F0BF  :   01000000;
	0F0C0  :   01000010;
	0F0C1  :   01000001;
	0F0C2  :   01000010;
	0F0C3  :   01000100;
	[0F0C4..0F0C6]  :   01000110;
	0F0C7  :   01000101;
	0F0C8  :   01000001;
	0F0C9  :   01000010;
	0F0CA  :   01000101;
	0F0CB  :   01001000;
	0F0CC  :   01001001;
	0F0CD  :   01000101;
	[0F0CE..0F0CF]  :   01000011;
	0F0D0  :   00111111;
	0F0D1  :   00111001;
	0F0D2  :   00111110;
	0F0D3  :   01000001;
	0F0D4  :   01000000;
	[0F0D5..0F0D6]  :   01000010;
	0F0D7  :   00111111;
	[0F0D8..0F0D9]  :   01000010;
	0F0DA  :   01000011;
	0F0DB  :   01000100;
	0F0DC  :   01000011;
	0F0DD  :   01000000;
	0F0DE  :   00111110;
	0F0DF  :   00111101;
	0F0E0  :   00111001;
	0F0E1  :   00101111;
	0F0E2  :   00100101;
	0F0E3  :   00100100;
	0F0E4  :   00101001;
	[0F0E5..0F0E6]  :   00101101;
	0F0E7  :   00101011;
	0F0E8  :   00101000;
	0F0E9  :   00100110;
	0F0EA  :   00100101;
	0F0EB  :   00100110;
	0F0EC  :   00101110;
	0F0ED  :   00111011;
	0F0EE  :   01000011;
	0F0EF  :   01001001;
	0F0F0  :   01000111;
	0F0F1  :   01001001;
	0F0F2  :   01000111;
	0F0F3  :   01001011;
	0F0F4  :   01001000;
	0F0F5  :   01000110;
	0F0F6  :   01000111;
	[0F0F7..0F0F8]  :   01001010;
	0F0F9  :   01000111;
	0F0FA  :   01000101;
	0F0FB  :   01000111;
	0F0FC  :   01001100;
	0F0FD  :   01001110;
	0F0FE  :   01001101;
	0F0FF  :   01001100;
	0F100  :   01001000;
	0F101  :   01000111;
	0F102  :   01001000;
	0F103  :   01001010;
	[0F104..0F106]  :   01001100;
	0F107  :   01001101;
	0F108  :   01001100;
	0F109  :   01001111;
	[0F10A..0F10B]  :   01010001;
	0F10C  :   01010010;
	0F10D  :   01010001;
	0F10E  :   01010010;
	[0F10F..0F110]  :   01010101;
	0F111  :   01010100;
	0F112  :   01010010;
	[0F113..0F114]  :   01010100;
	0F115  :   01010011;
	0F116  :   01010110;
	0F117  :   01011000;
	0F118  :   01010110;
	0F119  :   01010100;
	[0F11A..0F11B]  :   01010111;
	0F11C  :   01010101;
	0F11D  :   01001111;
	0F11E  :   01010001;
	0F11F  :   01010011;
	0F120  :   01010001;
	0F121  :   01010100;
	0F122  :   01010011;
	0F123  :   01010001;
	0F124  :   01010010;
	[0F125..0F127]  :   01010011;
	0F128  :   01010100;
	0F129  :   01010011;
	0F12A  :   01010010;
	0F12B  :   01010000;
	0F12C  :   01010001;
	0F12D  :   01010011;
	[0F12E..0F12F]  :   01010101;
	0F130  :   01010011;
	0F131  :   01001011;
	0F132  :   01001010;
	[0F133..0F134]  :   01001110;
	0F135  :   01001111;
	[0F136..0F137]  :   01010001;
	0F138  :   01001101;
	0F139  :   01001001;
	0F13A  :   01001011;
	0F13B  :   01001110;
	[0F13C..0F13D]  :   01001101;
	[0F13E..0F13F]  :   01010000;
	0F140  :   00110111;
	0F141  :   00111001;
	[0F142..0F143]  :   00111100;
	0F144  :   00111011;
	0F145  :   00111010;
	[0F146..0F147]  :   00111001;
	0F148  :   00111011;
	0F149  :   00111111;
	[0F14A..0F14B]  :   01000001;
	0F14C  :   01000000;
	0F14D  :   01000011;
	0F14E  :   01000110;
	0F14F  :   01000111;
	0F150  :   01000110;
	0F151  :   01000101;
	[0F152..0F153]  :   01000100;
	0F154  :   01000010;
	0F155  :   01000100;
	0F156  :   01000101;
	0F157  :   01000100;
	0F158  :   00111110;
	0F159  :   00111111;
	0F15A  :   01000000;
	[0F15B..0F15C]  :   01000001;
	0F15D  :   01000010;
	0F15E  :   01000001;
	0F15F  :   01000000;
	0F160  :   01000001;
	[0F161..0F162]  :   01000000;
	0F163  :   00111111;
	0F164  :   00111101;
	0F165  :   00111100;
	0F166  :   00111110;
	0F167  :   01000001;
	0F168  :   01000110;
	0F169  :   01000011;
	0F16A  :   01000100;
	[0F16B..0F16D]  :   01000111;
	[0F16E..0F16F]  :   01001001;
	0F170  :   01000111;
	0F171  :   01000110;
	0F172  :   01000111;
	0F173  :   01000100;
	0F174  :   01000011;
	0F175  :   01000101;
	[0F176..0F177]  :   01000011;
	0F178  :   01000001;
	0F179  :   01000000;
	0F17A  :   01000010;
	0F17B  :   01000001;
	0F17C  :   01000010;
	0F17D  :   01000011;
	0F17E  :   01000010;
	[0F17F..0F180]  :   01000100;
	0F181  :   01000011;
	0F182  :   01000101;
	0F183  :   01000100;
	[0F184..0F185]  :   00111111;
	0F186  :   01000001;
	0F187  :   01000000;
	0F188  :   00111100;
	0F189  :   00111001;
	0F18A  :   00111100;
	[0F18B..0F18C]  :   00111101;
	[0F18D..0F18E]  :   00111111;
	0F18F  :   01000001;
	0F190  :   00111111;
	0F191  :   00111010;
	0F192  :   00110011;
	0F193  :   00101110;
	[0F194..0F195]  :   00101011;
	0F196  :   00101111;
	0F197  :   00110011;
	0F198  :   00110100;
	0F199  :   00110101;
	0F19A  :   00110110;
	0F19B  :   00111010;
	0F19C  :   00111110;
	0F19D  :   00111011;
	0F19E  :   00111000;
	0F19F  :   00111010;
	0F1A0  :   00111000;
	0F1A1  :   00110100;
	0F1A2  :   00110010;
	0F1A3  :   00110011;
	0F1A4  :   00111000;
	0F1A5  :   00111011;
	0F1A6  :   00111101;
	0F1A7  :   00111111;
	0F1A8  :   00111110;
	0F1A9  :   00111100;
	[0F1AA..0F1AC]  :   00111011;
	0F1AD  :   00111001;
	0F1AE  :   00111000;
	0F1AF  :   00111001;
	0F1B0  :   00110111;
	0F1B1  :   00111001;
	0F1B2  :   00111100;
	0F1B3  :   00111111;
	0F1B4  :   00111110;
	0F1B5  :   00111011;
	0F1B6  :   00111000;
	0F1B7  :   00110101;
	0F1B8  :   00110110;
	0F1B9  :   00111000;
	0F1BA  :   00111010;
	[0F1BB..0F1BC]  :   00111000;
	0F1BD  :   00111001;
	0F1BE  :   00110111;
	0F1BF  :   00111001;
	[0F1C0..0F1C1]  :   00111101;
	0F1C2  :   00111000;
	0F1C3  :   00110101;
	0F1C4  :   00110111;
	[0F1C5..0F1C6]  :   00111000;
	0F1C7  :   00111010;
	[0F1C8..0F1CA]  :   00111011;
	0F1CB  :   00111001;
	0F1CC  :   00110101;
	0F1CD  :   00110011;
	0F1CE  :   00110100;
	0F1CF  :   00110110;
	0F1D0  :   00110100;
	0F1D1  :   00110101;
	0F1D2  :   00110110;
	0F1D3  :   00110111;
	[0F1D4..0F1D5]  :   00111000;
	[0F1D6..0F1D7]  :   00111001;
	0F1D8  :   00111010;
	0F1D9  :   00111001;
	0F1DA  :   00111011;
	[0F1DB..0F1DC]  :   00111101;
	[0F1DD..0F1DE]  :   00111001;
	0F1DF  :   00111011;
	[0F1E0..0F1E2]  :   00111100;
	[0F1E3..0F1E4]  :   00111010;
	0F1E5  :   00111011;
	0F1E6  :   00111010;
	0F1E7  :   00111110;
	0F1E8  :   00111010;
	0F1E9  :   00110111;
	0F1EA  :   00111000;
	[0F1EB..0F1EC]  :   00110111;
	0F1ED  :   00111110;
	0F1EE  :   01000001;
	0F1EF  :   00111011;
	0F1F0  :   00111000;
	0F1F1  :   00111101;
	[0F1F2..0F1F3]  :   01000000;
	0F1F4  :   00111111;
	0F1F5  :   00111101;
	0F1F6  :   00111110;
	0F1F7  :   01000011;
	0F1F8  :   01000000;
	[0F1F9..0F1FA]  :   00111100;
	0F1FB  :   01000000;
	[0F1FC..0F1FD]  :   01000011;
	0F1FE  :   01000001;
	0F1FF  :   01000010;
	0F200  :   01000100;
	[0F201..0F202]  :   01000011;
	0F203  :   01000100;
	0F204  :   01000101;
	0F205  :   01000110;
	0F206  :   01000111;
	0F207  :   01000110;
	[0F208..0F209]  :   01000010;
	0F20A  :   01000011;
	0F20B  :   01000101;
	0F20C  :   01000100;
	0F20D  :   01000010;
	[0F20E..0F20F]  :   01000001;
	0F210  :   00111101;
	0F211  :   00111001;
	0F212  :   00111101;
	0F213  :   00111111;
	0F214  :   00111101;
	0F215  :   00111110;
	0F216  :   00111100;
	0F217  :   00111001;
	0F218  :   00111011;
	0F219  :   00111100;
	0F21A  :   00111101;
	0F21B  :   00111111;
	0F21C  :   01000000;
	0F21D  :   00111111;
	0F21E  :   00111101;
	0F21F  :   00111100;
	0F220  :   00111110;
	0F221  :   00111010;
	0F222  :   00110110;
	0F223  :   00110100;
	0F224  :   00110101;
	0F225  :   00111000;
	0F226  :   00111011;
	0F227  :   00111110;
	0F228  :   00111000;
	0F229  :   00110010;
	0F22A  :   00110011;
	0F22B  :   00111001;
	0F22C  :   00111111;
	0F22D  :   01000000;
	0F22E  :   00111111;
	0F22F  :   01000010;
	0F230  :   01000101;
	0F231  :   01000110;
	0F232  :   01000010;
	0F233  :   01000101;
	0F234  :   01000100;
	0F235  :   01000101;
	[0F236..0F237]  :   01000110;
	0F238  :   01000100;
	0F239  :   01000101;
	0F23A  :   01001000;
	0F23B  :   01000111;
	[0F23C..0F23D]  :   01000100;
	0F23E  :   01000111;
	[0F23F..0F240]  :   01001001;
	0F241  :   01001000;
	0F242  :   01000111;
	0F243  :   01001001;
	0F244  :   01001100;
	0F245  :   01001110;
	0F246  :   01001101;
	0F247  :   01001100;
	0F248  :   01001101;
	0F249  :   01001011;
	0F24A  :   01001010;
	0F24B  :   01001111;
	0F24C  :   01010100;
	0F24D  :   01010010;
	0F24E  :   01001111;
	0F24F  :   01010000;
	0F250  :   01001111;
	0F251  :   01010001;
	[0F252..0F253]  :   01001110;
	0F254  :   01010000;
	0F255  :   01010001;
	0F256  :   01010101;
	0F257  :   01010111;
	0F258  :   01010000;
	[0F259..0F25A]  :   01010001;
	0F25B  :   01001110;
	0F25C  :   01010001;
	[0F25D..0F25F]  :   01001110;
	0F260  :   01010001;
	0F261  :   01010011;
	0F262  :   01010010;
	0F263  :   01001111;
	0F264  :   01010000;
	0F265  :   01010001;
	0F266  :   01010010;
	[0F267..0F268]  :   01010011;
	0F269  :   01010001;
	[0F26A..0F26B]  :   01001110;
	0F26C  :   01001111;
	[0F26D..0F26E]  :   01010000;
	0F26F  :   01001111;
	0F270  :   01010000;
	0F271  :   01001011;
	0F272  :   01001010;
	0F273  :   01001100;
	0F274  :   01001010;
	0F275  :   01001011;
	0F276  :   01001110;
	0F277  :   01001111;
	0F278  :   01001101;
	[0F279..0F27A]  :   01001000;
	0F27B  :   01001010;
	0F27C  :   01001001;
	0F27D  :   01001011;
	0F27E  :   01001111;
	0F27F  :   01010000;
	0F280  :   00101111;
	0F281  :   00110100;
	0F282  :   00110110;
	0F283  :   00110101;
	0F284  :   00110011;
	[0F285..0F286]  :   00110010;
	0F287  :   00110001;
	0F288  :   00111000;
	0F289  :   00111011;
	[0F28A..0F28C]  :   00111101;
	[0F28D..0F28E]  :   00111110;
	[0F28F..0F290]  :   00111101;
	0F291  :   00111100;
	0F292  :   00111101;
	[0F293..0F294]  :   00111111;
	[0F295..0F296]  :   01000000;
	0F297  :   00111110;
	[0F298..0F299]  :   00111011;
	0F29A  :   00111100;
	0F29B  :   00111111;
	[0F29C..0F29D]  :   01000010;
	0F29E  :   00111111;
	0F29F  :   00111100;
	[0F2A0..0F2A1]  :   00111110;
	0F2A2  :   00111101;
	0F2A3  :   00111010;
	0F2A4  :   00111000;
	0F2A5  :   00111001;
	0F2A6  :   00111100;
	0F2A7  :   00111111;
	0F2A8  :   01000001;
	0F2A9  :   00111111;
	0F2AA  :   01000000;
	0F2AB  :   01000011;
	0F2AC  :   01000010;
	[0F2AD..0F2AE]  :   00111111;
	[0F2AF..0F2B0]  :   01000000;
	0F2B1  :   00111111;
	0F2B2  :   01000000;
	0F2B3  :   00111110;
	0F2B4  :   00111111;
	0F2B5  :   01000010;
	[0F2B6..0F2B7]  :   01000001;
	0F2B8  :   01000000;
	0F2B9  :   00111110;
	[0F2BA..0F2BB]  :   00111111;
	0F2BC  :   01000000;
	0F2BD  :   01000001;
	[0F2BE..0F2BF]  :   00111110;
	0F2C0  :   01000000;
	[0F2C1..0F2C2]  :   01000011;
	0F2C3  :   00111111;
	0F2C4  :   00111011;
	[0F2C5..0F2C6]  :   00111101;
	0F2C7  :   00111001;
	0F2C8  :   00110110;
	0F2C9  :   00110100;
	0F2CA  :   00111000;
	[0F2CB..0F2CC]  :   00111001;
	[0F2CD..0F2CE]  :   00111100;
	0F2CF  :   00111101;
	0F2D0  :   00111010;
	0F2D1  :   00110110;
	0F2D2  :   00110010;
	0F2D3  :   00110001;
	[0F2D4..0F2D5]  :   00110011;
	0F2D6  :   00110001;
	[0F2D7..0F2D8]  :   00110000;
	0F2D9  :   00110011;
	0F2DA  :   00110101;
	0F2DB  :   00110110;
	0F2DC  :   00111001;
	0F2DD  :   00111000;
	[0F2DE..0F2DF]  :   00110110;
	0F2E0  :   00110111;
	0F2E1  :   00110110;
	[0F2E2..0F2E3]  :   00110101;
	0F2E4  :   00110110;
	0F2E5  :   00110111;
	[0F2E6..0F2E7]  :   00111000;
	0F2E8  :   00110011;
	0F2E9  :   00110001;
	0F2EA  :   00110010;
	0F2EB  :   00110101;
	0F2EC  :   00111000;
	0F2ED  :   00111001;
	0F2EE  :   00111010;
	0F2EF  :   00111011;
	0F2F0  :   00111000;
	[0F2F1..0F2F2]  :   00111001;
	0F2F3  :   00110111;
	[0F2F4..0F2F5]  :   00110110;
	0F2F6  :   00110101;
	0F2F7  :   00110100;
	0F2F8  :   00110010;
	[0F2F9..0F2FA]  :   00110101;
	0F2FB  :   00110000;
	0F2FC  :   00110011;
	0F2FD  :   00111001;
	0F2FE  :   00110111;
	0F2FF  :   00110101;
	0F300  :   00110100;
	[0F301..0F303]  :   00110110;
	[0F304..0F305]  :   00111001;
	0F306  :   00110111;
	0F307  :   00110110;
	[0F308..0F309]  :   00111010;
	0F30A  :   00111001;
	0F30B  :   00110110;
	0F30C  :   00110010;
	0F30D  :   00110000;
	0F30E  :   00110001;
	0F30F  :   00110100;
	0F310  :   00110010;
	0F311  :   00110011;
	0F312  :   00110100;
	0F313  :   00110110;
	0F314  :   00110111;
	[0F315..0F316]  :   00111000;
	0F317  :   00111001;
	0F318  :   00111010;
	0F319  :   00111001;
	0F31A  :   00111010;
	0F31B  :   00111100;
	0F31C  :   00111010;
	0F31D  :   00110110;
	0F31E  :   00110101;
	0F31F  :   00110111;
	[0F320..0F321]  :   00111010;
	0F322  :   00111100;
	0F323  :   00111011;
	[0F324..0F325]  :   00111010;
	0F326  :   00111000;
	0F327  :   00111010;
	0F328  :   00110111;
	0F329  :   00110101;
	0F32A  :   00110111;
	0F32B  :   00111001;
	0F32C  :   00110111;
	0F32D  :   00111001;
	0F32E  :   00111000;
	[0F32F..0F330]  :   00110010;
	0F331  :   00110111;
	0F332  :   00111010;
	[0F333..0F334]  :   00111001;
	0F335  :   00111000;
	0F336  :   00111010;
	0F337  :   00111101;
	0F338  :   00111100;
	0F339  :   00111010;
	0F33A  :   00111011;
	0F33B  :   00111111;
	0F33C  :   01000011;
	0F33D  :   01000001;
	0F33E  :   00111110;
	[0F33F..0F340]  :   00111100;
	0F341  :   00111101;
	0F342  :   00111110;
	0F343  :   00111111;
	0F344  :   01000000;
	[0F345..0F346]  :   01000001;
	0F347  :   01000000;
	0F348  :   01000001;
	[0F349..0F34B]  :   01000000;
	0F34C  :   00111111;
	[0F34D..0F34F]  :   00111100;
	0F350  :   01000001;
	0F351  :   00111101;
	0F352  :   01000000;
	0F353  :   00111111;
	[0F354..0F355]  :   00111011;
	0F356  :   00110111;
	0F357  :   00110010;
	0F358  :   00111000;
	0F359  :   00111001;
	0F35A  :   00111010;
	0F35B  :   00111011;
	[0F35C..0F35E]  :   00111100;
	0F35F  :   00111011;
	0F360  :   00111101;
	[0F361..0F362]  :   00111100;
	0F363  :   00111011;
	0F364  :   00111001;
	0F365  :   00111010;
	0F366  :   00111110;
	0F367  :   01000010;
	0F368  :   00111111;
	0F369  :   00111101;
	0F36A  :   00111110;
	0F36B  :   00111111;
	[0F36C..0F36D]  :   01000001;
	0F36E  :   00111100;
	0F36F  :   00111001;
	0F370  :   00111101;
	0F371  :   00111110;
	0F372  :   00111001;
	0F373  :   00111101;
	0F374  :   00111111;
	0F375  :   01000100;
	0F376  :   01000101;
	0F377  :   01000011;
	0F378  :   00111111;
	0F379  :   00111110;
	0F37A  :   01000001;
	0F37B  :   01000010;
	0F37C  :   00111111;
	0F37D  :   01000000;
	[0F37E..0F37F]  :   01000100;
	[0F380..0F382]  :   01000110;
	[0F383..0F384]  :   01000101;
	[0F385..0F386]  :   01000111;
	0F387  :   01000110;
	[0F388..0F389]  :   01000010;
	0F38A  :   01000000;
	0F38B  :   00111101;
	0F38C  :   00111000;
	0F38D  :   00110011;
	0F38E  :   00110110;
	0F38F  :   00111110;
	0F390  :   01000110;
	0F391  :   01001001;
	0F392  :   01000011;
	0F393  :   01000000;
	0F394  :   01000101;
	0F395  :   01000110;
	0F396  :   01001000;
	[0F397..0F398]  :   01001010;
	0F399  :   01001101;
	0F39A  :   01001100;
	0F39B  :   01001000;
	0F39C  :   01001110;
	0F39D  :   01001101;
	0F39E  :   01001100;
	0F39F  :   01001011;
	0F3A0  :   01001110;
	0F3A1  :   01010000;
	0F3A2  :   01001111;
	0F3A3  :   01001100;
	0F3A4  :   01001011;
	0F3A5  :   01001100;
	0F3A6  :   01001110;
	[0F3A7..0F3A8]  :   01010000;
	0F3A9  :   01001011;
	0F3AA  :   01001000;
	0F3AB  :   01001001;
	[0F3AC..0F3AD]  :   01001100;
	[0F3AE..0F3B1]  :   01001011;
	[0F3B2..0F3B3]  :   01001101;
	0F3B4  :   01001010;
	0F3B5  :   01001001;
	[0F3B6..0F3B7]  :   01001011;
	0F3B8  :   01001010;
	0F3B9  :   01000110;
	[0F3BA..0F3BC]  :   01000100;
	0F3BD  :   01000101;
	0F3BE  :   01001000;
	0F3BF  :   01001001;
	0F3C0  :   00101111;
	0F3C1  :   00110100;
	0F3C2  :   00110101;
	0F3C3  :   00110011;
	0F3C4  :   00110001;
	0F3C5  :   00110010;
	0F3C6  :   00110011;
	0F3C7  :   00110010;
	0F3C8  :   00110111;
	[0F3C9..0F3CA]  :   00111000;
	0F3CB  :   00110111;
	0F3CC  :   00110110;
	[0F3CD..0F3CE]  :   00110111;
	0F3CF  :   00110110;
	0F3D0  :   00111000;
	0F3D1  :   00110111;
	0F3D2  :   00111001;
	[0F3D3..0F3D6]  :   00111100;
	0F3D7  :   00111010;
	0F3D8  :   00111101;
	0F3D9  :   00111010;
	0F3DA  :   00111001;
	0F3DB  :   00111100;
	0F3DC  :   00111110;
	0F3DD  :   00111101;
	0F3DE  :   00111001;
	0F3DF  :   00110111;
	[0F3E0..0F3E1]  :   00110110;
	0F3E2  :   00110100;
	0F3E3  :   00110011;
	0F3E4  :   00110100;
	0F3E5  :   00111000;
	[0F3E6..0F3E7]  :   00111010;
	0F3E8  :   00110111;
	0F3E9  :   00110110;
	0F3EA  :   00111001;
	[0F3EB..0F3ED]  :   00111011;
	0F3EE  :   00111100;
	0F3EF  :   00111010;
	0F3F0  :   00111001;
	0F3F1  :   00111011;
	[0F3F2..0F3F4]  :   00111111;
	0F3F5  :   01000001;
	0F3F6  :   00111111;
	0F3F7  :   00111110;
	0F3F8  :   00111101;
	0F3F9  :   00111011;
	[0F3FA..0F3FB]  :   00111100;
	0F3FC  :   00111101;
	0F3FD  :   00111110;
	[0F3FE..0F3FF]  :   00111010;
	0F400  :   00111011;
	[0F401..0F402]  :   00111111;
	0F403  :   00111010;
	0F404  :   00111000;
	0F405  :   00111001;
	0F406  :   00110111;
	0F407  :   00110010;
	0F408  :   00110000;
	0F409  :   00110001;
	0F40A  :   00110110;
	0F40B  :   00110111;
	0F40C  :   00110101;
	[0F40D..0F40E]  :   00110110;
	0F40F  :   00110111;
	0F410  :   00111001;
	0F411  :   00110101;
	0F412  :   00110001;
	0F413  :   00110010;
	0F414  :   00110100;
	0F415  :   00110101;
	0F416  :   00110010;
	0F417  :   00101111;
	0F418  :   00101101;
	0F419  :   00110001;
	[0F41A..0F41D]  :   00110100;
	0F41E  :   00110011;
	0F41F  :   00110010;
	0F420  :   00110100;
	0F421  :   00110110;
	0F422  :   00110111;
	0F423  :   00110101;
	0F424  :   00110011;
	0F425  :   00110100;
	0F426  :   00110011;
	0F427  :   00110001;
	0F428  :   00110010;
	0F429  :   00101111;
	0F42A  :   00101101;
	0F42B  :   00110001;
	0F42C  :   00110101;
	0F42D  :   00110111;
	0F42E  :   00111000;
	0F42F  :   00110111;
	0F430  :   00110110;
	0F431  :   00110111;
	0F432  :   00110110;
	0F433  :   00110101;
	0F434  :   00110011;
	0F435  :   00110010;
	0F436  :   00110000;
	0F437  :   00101110;
	0F438  :   00110010;
	0F439  :   00110100;
	0F43A  :   00110010;
	0F43B  :   00101100;
	0F43C  :   00110000;
	0F43D  :   00111000;
	0F43E  :   00110111;
	0F43F  :   00110101;
	[0F440..0F441]  :   00110111;
	0F442  :   00110100;
	[0F443..0F444]  :   00110010;
	[0F445..0F447]  :   00110011;
	[0F448..0F44A]  :   00110110;
	0F44B  :   00110101;
	0F44C  :   00110011;
	0F44D  :   00110010;
	0F44E  :   00110011;
	0F44F  :   00110101;
	[0F450..0F451]  :   00110100;
	[0F452..0F453]  :   00110101;
	0F454  :   00110111;
	0F455  :   00111000;
	0F456  :   00111001;
	0F457  :   00111010;
	[0F458..0F459]  :   00111001;
	[0F45A..0F45B]  :   00111000;
	0F45C  :   00110111;
	[0F45D..0F45F]  :   00110110;
	[0F460..0F461]  :   00111001;
	0F462  :   00111100;
	0F463  :   00111001;
	0F464  :   00111000;
	0F465  :   00111001;
	0F466  :   00110110;
	0F467  :   00110100;
	0F468  :   00110101;
	0F469  :   00110011;
	0F46A  :   00110110;
	0F46B  :   00111001;
	0F46C  :   00111000;
	0F46D  :   00110110;
	0F46E  :   00110011;
	0F46F  :   00101101;
	0F470  :   00101110;
	0F471  :   00110011;
	0F472  :   00110110;
	[0F473..0F474]  :   00110101;
	0F475  :   00110111;
	0F476  :   00111000;
	0F477  :   00110111;
	0F478  :   00111011;
	0F479  :   00111001;
	0F47A  :   00111010;
	0F47B  :   00111110;
	0F47C  :   01000001;
	0F47D  :   00111111;
	0F47E  :   00111010;
	0F47F  :   00110110;
	0F480  :   00110111;
	[0F481..0F484]  :   00111000;
	0F485  :   00111001;
	[0F486..0F487]  :   00111010;
	0F488  :   00110111;
	0F489  :   00111000;
	[0F48A..0F48B]  :   00111001;
	0F48C  :   00110110;
	0F48D  :   00110100;
	0F48E  :   00110010;
	0F48F  :   00110001;
	0F490  :   00111001;
	0F491  :   00110110;
	[0F492..0F494]  :   00111000;
	0F495  :   00111010;
	0F496  :   00111001;
	0F497  :   00110111;
	[0F498..0F49A]  :   00111001;
	0F49B  :   00111000;
	0F49C  :   00110111;
	0F49D  :   00111000;
	0F49E  :   00111001;
	[0F49F..0F4A0]  :   00111010;
	0F4A1  :   00111001;
	[0F4A2..0F4A3]  :   00111000;
	0F4A4  :   00111001;
	0F4A5  :   00111010;
	0F4A6  :   00111011;
	[0F4A7..0F4A8]  :   00111100;
	0F4A9  :   00111110;
	0F4AA  :   01000010;
	0F4AB  :   00111111;
	0F4AC  :   00111110;
	0F4AD  :   00111111;
	0F4AE  :   00111101;
	0F4AF  :   00111100;
	[0F4B0..0F4B1]  :   00111110;
	0F4B2  :   00111000;
	0F4B3  :   00111100;
	0F4B4  :   00111110;
	[0F4B5..0F4B6]  :   01000010;
	[0F4B7..0F4B8]  :   01000000;
	0F4B9  :   00111011;
	0F4BA  :   00111100;
	0F4BB  :   00111110;
	0F4BC  :   00111101;
	0F4BD  :   00111110;
	0F4BE  :   01000001;
	0F4BF  :   00111110;
	0F4C0  :   01000001;
	[0F4C1..0F4C2]  :   01000101;
	0F4C3  :   01000010;
	0F4C4  :   00111111;
	0F4C5  :   01000001;
	[0F4C6..0F4C7]  :   01000011;
	[0F4C8..0F4C9]  :   01000000;
	0F4CA  :   00111100;
	0F4CB  :   00110001;
	0F4CC  :   00100110;
	0F4CD  :   00011111;
	0F4CE  :   00100011;
	0F4CF  :   00101100;
	0F4D0  :   00110010;
	0F4D1  :   00111011;
	0F4D2  :   00111010;
	0F4D3  :   00111001;
	0F4D4  :   00111011;
	0F4D5  :   00110101;
	0F4D6  :   00110011;
	0F4D7  :   00110111;
	0F4D8  :   01000001;
	0F4D9  :   01000011;
	0F4DA  :   01000111;
	[0F4DB..0F4DC]  :   01000100;
	0F4DD  :   01000010;
	0F4DE  :   01000100;
	0F4DF  :   01000011;
	0F4E0  :   01000101;
	[0F4E1..0F4E2]  :   01001000;
	[0F4E3..0F4E4]  :   01000110;
	0F4E5  :   01000101;
	0F4E6  :   01000110;
	0F4E7  :   01001001;
	0F4E8  :   01001011;
	0F4E9  :   01000110;
	0F4EA  :   01000011;
	0F4EB  :   01000101;
	[0F4EC..0F4F0]  :   01000111;
	0F4F1  :   01001010;
	0F4F2  :   01001011;
	0F4F3  :   01001001;
	[0F4F4..0F4F5]  :   01000111;
	0F4F6  :   01001000;
	0F4F7  :   01000111;
	0F4F8  :   01000100;
	0F4F9  :   01000001;
	[0F4FA..0F4FB]  :   00111111;
	0F4FC  :   00111101;
	[0F4FD..0F4FE]  :   00111100;
	0F4FF  :   00111110;
	0F500  :   00101110;
	0F501  :   00110010;
	0F502  :   00110011;
	0F503  :   00110001;
	0F504  :   00110000;
	0F505  :   00110010;
	0F506  :   00110011;
	0F507  :   00110001;
	0F508  :   00110011;
	0F509  :   00110100;
	0F50A  :   00110101;
	[0F50B..0F50C]  :   00110100;
	0F50D  :   00110101;
	0F50E  :   00110110;
	0F50F  :   00110111;
	0F510  :   00111000;
	0F511  :   00110110;
	0F512  :   00110111;
	0F513  :   00111000;
	[0F514..0F515]  :   00110110;
	0F516  :   00111000;
	0F517  :   00111001;
	0F518  :   00111100;
	0F519  :   00111000;
	0F51A  :   00110110;
	[0F51B..0F51C]  :   00110111;
	0F51D  :   00110101;
	0F51E  :   00110010;
	0F51F  :   00110001;
	0F520  :   00101110;
	0F521  :   00110000;
	[0F522..0F523]  :   00110001;
	0F524  :   00110011;
	0F525  :   00111000;
	0F526  :   00111010;
	0F527  :   00111001;
	0F528  :   00110110;
	0F529  :   00110111;
	0F52A  :   00111000;
	[0F52B..0F52C]  :   00110110;
	[0F52D..0F52E]  :   00111000;
	0F52F  :   00110011;
	0F530  :   00101111;
	0F531  :   00110100;
	[0F532..0F533]  :   00111011;
	[0F534..0F535]  :   00111001;
	[0F536..0F537]  :   00110111;
	[0F538..0F539]  :   00110101;
	[0F53A..0F53C]  :   00110111;
	0F53D  :   00111001;
	0F53E  :   00110111;
	[0F53F..0F540]  :   00111000;
	0F541  :   00111001;
	0F542  :   00111000;
	[0F543..0F545]  :   00110101;
	0F546  :   00110011;
	0F547  :   00110000;
	0F548  :   00101111;
	0F549  :   00110001;
	0F54A  :   00110110;
	0F54B  :   00110100;
	[0F54C..0F54D]  :   00101111;
	0F54E  :   00110000;
	0F54F  :   00110011;
	0F550  :   00110101;
	0F551  :   00110011;
	[0F552..0F553]  :   00110000;
	0F554  :   00110001;
	0F555  :   00110010;
	0F556  :   00110001;
	0F557  :   00110000;
	0F558  :   00101101;
	0F559  :   00110001;
	0F55A  :   00110100;
	0F55B  :   00110011;
	[0F55C..0F55E]  :   00110001;
	[0F55F..0F560]  :   00110000;
	0F561  :   00110011;
	0F562  :   00110100;
	0F563  :   00110000;
	0F564  :   00101110;
	0F565  :   00110000;
	0F566  :   00110001;
	0F567  :   00110000;
	0F568  :   00110011;
	0F569  :   00110000;
	0F56A  :   00101111;
	0F56B  :   00110000;
	0F56C  :   00110010;
	[0F56D..0F56E]  :   00110011;
	[0F56F..0F570]  :   00110100;
	[0F571..0F572]  :   00110010;
	0F573  :   00110011;
	0F574  :   00110001;
	0F575  :   00101111;
	0F576  :   00101101;
	0F577  :   00101110;
	0F578  :   00110001;
	0F579  :   00110000;
	0F57A  :   00101111;
	0F57B  :   00101101;
	0F57C  :   00110001;
	0F57D  :   00110111;
	0F57E  :   00110101;
	0F57F  :   00110100;
	0F580  :   00110110;
	0F581  :   00110100;
	0F582  :   00110001;
	[0F583..0F584]  :   00101111;
	0F585  :   00110000;
	[0F586..0F587]  :   00110010;
	0F588  :   00110100;
	0F589  :   00110011;
	[0F58A..0F58B]  :   00110010;
	[0F58C..0F58D]  :   00110011;
	0F58E  :   00110100;
	[0F58F..0F590]  :   00110101;
	0F591  :   00110100;
	[0F592..0F594]  :   00110010;
	0F595  :   00110100;
	0F596  :   00110110;
	[0F597..0F599]  :   00110111;
	0F59A  :   00110101;
	[0F59B..0F59C]  :   00110010;
	0F59D  :   00110110;
	0F59E  :   00110111;
	0F59F  :   00110110;
	0F5A0  :   00110111;
	[0F5A1..0F5A2]  :   00111000;
	0F5A3  :   00101111;
	0F5A4  :   00101011;
	0F5A5  :   00110001;
	[0F5A6..0F5A8]  :   00110101;
	0F5A9  :   00110001;
	0F5AA  :   00101111;
	0F5AB  :   00110001;
	0F5AC  :   00110010;
	[0F5AD..0F5AE]  :   00110011;
	0F5AF  :   00110001;
	0F5B0  :   00101111;
	0F5B1  :   00101110;
	0F5B2  :   00101111;
	0F5B3  :   00110010;
	0F5B4  :   00110100;
	[0F5B5..0F5B7]  :   00110101;
	0F5B8  :   00110110;
	0F5B9  :   00110100;
	0F5BA  :   00110010;
	0F5BB  :   00110101;
	0F5BC  :   00111001;
	0F5BD  :   00111010;
	0F5BE  :   00111000;
	[0F5BF..0F5C1]  :   00110110;
	0F5C2  :   00110100;
	0F5C3  :   00110000;
	0F5C4  :   00101111;
	0F5C5  :   00110010;
	0F5C6  :   00110100;
	0F5C7  :   00110101;
	0F5C8  :   00110001;
	0F5C9  :   00110100;
	0F5CA  :   00110110;
	0F5CB  :   00110101;
	0F5CC  :   00110011;
	0F5CD  :   00110010;
	0F5CE  :   00110001;
	0F5CF  :   00110000;
	0F5D0  :   00110001;
	0F5D1  :   00101110;
	[0F5D2..0F5D3]  :   00101111;
	0F5D4  :   00110010;
	0F5D5  :   00110111;
	0F5D6  :   00111000;
	[0F5D7..0F5D8]  :   00111001;
	[0F5D9..0F5DA]  :   00111011;
	0F5DB  :   00111001;
	[0F5DC..0F5DD]  :   00110110;
	0F5DE  :   00111000;
	[0F5DF..0F5E0]  :   00111001;
	[0F5E1..0F5E2]  :   00111000;
	0F5E3  :   00111001;
	0F5E4  :   00111011;
	[0F5E5..0F5E6]  :   00111101;
	0F5E7  :   00111011;
	[0F5E8..0F5E9]  :   00110111;
	0F5EA  :   00111101;
	0F5EB  :   01000001;
	0F5EC  :   00111111;
	0F5ED  :   00111100;
	0F5EE  :   00111010;
	0F5EF  :   00111110;
	0F5F0  :   00111111;
	0F5F1  :   00111101;
	0F5F2  :   00111001;
	0F5F3  :   00111111;
	0F5F4  :   01000000;
	[0F5F5..0F5F6]  :   01000010;
	0F5F7  :   01000011;
	0F5F8  :   01000101;
	[0F5F9..0F5FA]  :   01000011;
	0F5FB  :   01000010;
	[0F5FC..0F5FD]  :   00111101;
	0F5FE  :   01000000;
	0F5FF  :   01000001;
	0F600  :   01000010;
	[0F601..0F602]  :   01000101;
	0F603  :   01000010;
	0F604  :   01000000;
	0F605  :   01000001;
	[0F606..0F608]  :   01000010;
	0F609  :   00111111;
	0F60A  :   00110110;
	0F60B  :   00110000;
	0F60C  :   00101111;
	0F60D  :   00101101;
	0F60E  :   00100111;
	0F60F  :   00100010;
	0F610  :   00100111;
	0F611  :   00110001;
	[0F612..0F613]  :   00110010;
	0F614  :   00101111;
	0F615  :   00100111;
	0F616  :   00101010;
	0F617  :   00110101;
	[0F618..0F619]  :   00111000;
	0F61A  :   01000001;
	0F61B  :   00111111;
	0F61C  :   00110110;
	0F61D  :   00110100;
	0F61E  :   00111101;
	0F61F  :   00111110;
	0F620  :   00111100;
	0F621  :   01000000;
	[0F622..0F624]  :   01000001;
	[0F625..0F626]  :   00111111;
	0F627  :   01000001;
	0F628  :   01000011;
	0F629  :   00111111;
	0F62A  :   00111110;
	0F62B  :   01000000;
	0F62C  :   01000010;
	0F62D  :   01000000;
	0F62E  :   00111111;
	0F62F  :   01000000;
	0F630  :   01000010;
	0F631  :   01000100;
	0F632  :   01000010;
	0F633  :   00111110;
	0F634  :   00111111;
	0F635  :   01000010;
	[0F636..0F637]  :   01000011;
	0F638  :   00111110;
	0F639  :   00111101;
	[0F63A..0F63B]  :   00111100;
	0F63C  :   00111010;
	[0F63D..0F63E]  :   00110111;
	0F63F  :   00111001;
	0F640  :   00100111;
	0F641  :   00101011;
	[0F642..0F644]  :   00101101;
	[0F645..0F648]  :   00101111;
	0F649  :   00110001;
	[0F64A..0F64D]  :   00110011;
	0F64E  :   00110100;
	0F64F  :   00110101;
	[0F650..0F651]  :   00110010;
	0F652  :   00110101;
	0F653  :   00110111;
	[0F654..0F655]  :   00110101;
	0F656  :   00110111;
	0F657  :   00111000;
	0F658  :   00110111;
	0F659  :   00110101;
	0F65A  :   00110011;
	[0F65B..0F65C]  :   00110010;
	0F65D  :   00110000;
	0F65E  :   00101110;
	[0F65F..0F660]  :   00101101;
	0F661  :   00110001;
	0F662  :   00110100;
	0F663  :   00110011;
	0F664  :   00110001;
	0F665  :   00110010;
	[0F666..0F667]  :   00110100;
	0F668  :   00110011;
	0F669  :   00110101;
	0F66A  :   00110100;
	0F66B  :   00110000;
	0F66C  :   00101110;
	[0F66D..0F66E]  :   00110001;
	0F66F  :   00101011;
	0F670  :   00101010;
	0F671  :   00101110;
	0F672  :   00110100;
	0F673  :   00110101;
	0F674  :   00110100;
	0F675  :   00110110;
	0F676  :   00110101;
	0F677  :   00110111;
	[0F678..0F679]  :   00110100;
	0F67A  :   00110111;
	[0F67B..0F67C]  :   00110101;
	0F67D  :   00110110;
	0F67E  :   00110101;
	0F67F  :   00110111;
	0F680  :   00110110;
	0F681  :   00110101;
	0F682  :   00110010;
	0F683  :   00110001;
	0F684  :   00110011;
	0F685  :   00110010;
	0F686  :   00110001;
	0F687  :   00110100;
	0F688  :   00110011;
	0F689  :   00110100;
	0F68A  :   00110111;
	0F68B  :   00110011;
	0F68C  :   00101101;
	0F68D  :   00101110;
	0F68E  :   00110000;
	0F68F  :   00110100;
	0F690  :   00101110;
	0F691  :   00110000;
	[0F692..0F694]  :   00110010;
	0F695  :   00110001;
	0F696  :   00110000;
	0F697  :   00101110;
	0F698  :   00101011;
	0F699  :   00101101;
	[0F69A..0F69B]  :   00110010;
	0F69C  :   00101111;
	0F69D  :   00110000;
	0F69E  :   00110010;
	[0F69F..0F6A0]  :   00110000;
	0F6A1  :   00110010;
	0F6A2  :   00110001;
	0F6A3  :   00101101;
	0F6A4  :   00101010;
	0F6A5  :   00101011;
	0F6A6  :   00101101;
	0F6A7  :   00101110;
	0F6A8  :   00101100;
	0F6A9  :   00101101;
	0F6AA  :   00101110;
	0F6AB  :   00101111;
	0F6AC  :   00101110;
	0F6AD  :   00101101;
	0F6AE  :   00110000;
	0F6AF  :   00110100;
	0F6B0  :   00110010;
	0F6B1  :   00101111;
	0F6B2  :   00101110;
	[0F6B3..0F6B4]  :   00110000;
	0F6B5  :   00101110;
	0F6B6  :   00101111;
	0F6B7  :   00110010;
	[0F6B8..0F6B9]  :   00101101;
	0F6BA  :   00101110;
	0F6BB  :   00110000;
	0F6BC  :   00110100;
	0F6BD  :   00110101;
	0F6BE  :   00110001;
	0F6BF  :   00110011;
	[0F6C0..0F6C1]  :   00101110;
	0F6C2  :   00101111;
	[0F6C3..0F6C4]  :   00110000;
	0F6C5  :   00110010;
	0F6C6  :   00110100;
	0F6C7  :   00110011;
	0F6C8  :   00110101;
	0F6C9  :   00110001;
	0F6CA  :   00101110;
	0F6CB  :   00101101;
	0F6CC  :   00101111;
	0F6CD  :   00110001;
	[0F6CE..0F6CF]  :   00110010;
	0F6D0  :   00110011;
	0F6D1  :   00110010;
	0F6D2  :   00101111;
	[0F6D3..0F6D4]  :   00101110;
	0F6D5  :   00101111;
	0F6D6  :   00110001;
	0F6D7  :   00110010;
	[0F6D8..0F6D9]  :   00110100;
	0F6DA  :   00110010;
	0F6DB  :   00101110;
	0F6DC  :   00101111;
	0F6DD  :   00110011;
	0F6DE  :   00110101;
	0F6DF  :   00110100;
	0F6E0  :   00110101;
	0F6E1  :   00110110;
	0F6E2  :   00110111;
	0F6E3  :   00101100;
	0F6E4  :   00100100;
	0F6E5  :   00101100;
	0F6E6  :   00110101;
	0F6E7  :   00111000;
	0F6E8  :   00110100;
	0F6E9  :   00110000;
	0F6EA  :   00101100;
	0F6EB  :   00101011;
	0F6EC  :   00101101;
	0F6ED  :   00101111;
	[0F6EE..0F6EF]  :   00110000;
	0F6F0  :   00101111;
	0F6F1  :   00100110;
	0F6F2  :   00100101;
	0F6F3  :   00101101;
	0F6F4  :   00101110;
	0F6F5  :   00101100;
	0F6F6  :   00101111;
	0F6F7  :   00110011;
	0F6F8  :   00110000;
	[0F6F9..0F6FA]  :   00101110;
	0F6FB  :   00110000;
	0F6FC  :   00110100;
	0F6FD  :   00110110;
	0F6FE  :   00110101;
	0F6FF  :   00110011;
	0F700  :   00101110;
	0F701  :   00110000;
	0F702  :   00110001;
	[0F703..0F704]  :   00110000;
	[0F705..0F706]  :   00110010;
	0F707  :   00110001;
	0F708  :   00110011;
	0F709  :   00110110;
	0F70A  :   00110111;
	0F70B  :   00110100;
	0F70C  :   00110011;
	0F70D  :   00110100;
	[0F70E..0F70F]  :   00110110;
	0F710  :   00111000;
	0F711  :   00110100;
	[0F712..0F713]  :   00110010;
	0F714  :   00110100;
	[0F715..0F716]  :   00110110;
	0F717  :   00111001;
	0F718  :   00111011;
	0F719  :   00111111;
	0F71A  :   01000001;
	0F71B  :   00111110;
	0F71C  :   00111011;
	0F71D  :   00111010;
	[0F71E..0F71F]  :   00111011;
	[0F720..0F722]  :   00111100;
	0F723  :   00111101;
	[0F724..0F726]  :   00111110;
	0F727  :   00111100;
	[0F728..0F729]  :   00110110;
	0F72A  :   00111010;
	[0F72B..0F72D]  :   00111011;
	0F72E  :   00111001;
	[0F72F..0F730]  :   00111011;
	0F731  :   00111010;
	0F732  :   00110111;
	0F733  :   00111101;
	0F734  :   00111100;
	0F735  :   00111011;
	0F736  :   00111100;
	0F737  :   00111101;
	[0F738..0F739]  :   00111111;
	0F73A  :   00111110;
	0F73B  :   00111100;
	0F73C  :   00111011;
	0F73D  :   00111010;
	0F73E  :   00111101;
	[0F73F..0F741]  :   01000001;
	0F742  :   00111111;
	[0F743..0F744]  :   00111101;
	0F745  :   00111110;
	0F746  :   00111011;
	0F747  :   00111001;
	0F748  :   01000000;
	0F749  :   00111111;
	0F74A  :   00111001;
	0F74B  :   00110110;
	0F74C  :   00111010;
	0F74D  :   00111100;
	0F74E  :   00110101;
	0F74F  :   00101101;
	0F750  :   00101011;
	0F751  :   00101110;
	0F752  :   00101011;
	[0F753..0F754]  :   00101100;
	0F755  :   00100110;
	0F756  :   00101001;
	0F757  :   00110010;
	[0F758..0F759]  :   00101011;
	0F75A  :   00110100;
	0F75B  :   00110011;
	0F75C  :   00101100;
	0F75D  :   00101011;
	0F75E  :   00110111;
	[0F75F..0F760]  :   00111010;
	[0F761..0F763]  :   00111100;
	0F764  :   00111011;
	0F765  :   00111000;
	0F766  :   00110110;
	0F767  :   00110111;
	0F768  :   00111000;
	0F769  :   00110111;
	0F76A  :   00111000;
	0F76B  :   00111010;
	0F76C  :   00111011;
	0F76D  :   00111010;
	[0F76E..0F770]  :   00111000;
	0F771  :   00111100;
	0F772  :   00111011;
	0F773  :   00111000;
	0F774  :   00111001;
	[0F775..0F776]  :   00111011;
	0F777  :   00111010;
	[0F778..0F779]  :   00111011;
	[0F77A..0F77B]  :   00111001;
	0F77C  :   00111010;
	[0F77D..0F77E]  :   00111000;
	0F77F  :   00111100;
	0F780  :   00100110;
	0F781  :   00101000;
	[0F782..0F785]  :   00101011;
	0F786  :   00101101;
	[0F787..0F789]  :   00101110;
	[0F78A..0F78B]  :   00101111;
	[0F78C..0F78E]  :   00101110;
	0F78F  :   00101111;
	0F790  :   00101010;
	0F791  :   00101100;
	0F792  :   00110010;
	0F793  :   00110111;
	0F794  :   00110110;
	[0F795..0F797]  :   00110101;
	0F798  :   00110010;
	0F799  :   00110001;
	0F79A  :   00101111;
	[0F79B..0F79D]  :   00101101;
	0F79E  :   00101100;
	[0F79F..0F7A0]  :   00101010;
	0F7A1  :   00101101;
	0F7A2  :   00101111;
	0F7A3  :   00101101;
	0F7A4  :   00101001;
	[0F7A5..0F7A7]  :   00101000;
	0F7A8  :   00100111;
	0F7A9  :   00101010;
	0F7AA  :   00101100;
	0F7AB  :   00101001;
	0F7AC  :   00101000;
	0F7AD  :   00101101;
	0F7AE  :   00110000;
	0F7AF  :   00101110;
	0F7B0  :   00101101;
	0F7B1  :   00101110;
	[0F7B2..0F7B3]  :   00110010;
	0F7B4  :   00110100;
	0F7B5  :   00111000;
	0F7B6  :   00110111;
	0F7B7  :   00111000;
	[0F7B8..0F7B9]  :   00110101;
	0F7BA  :   00110111;
	0F7BB  :   00110101;
	[0F7BC..0F7BD]  :   00110010;
	0F7BE  :   00110001;
	0F7BF  :   00110011;
	0F7C0  :   00110001;
	0F7C1  :   00110000;
	[0F7C2..0F7C3]  :   00101110;
	0F7C4  :   00101111;
	0F7C5  :   00101101;
	0F7C6  :   00101110;
	0F7C7  :   00110101;
	0F7C8  :   00110011;
	0F7C9  :   00110001;
	0F7CA  :   00110011;
	0F7CB  :   00110000;
	0F7CC  :   00101101;
	[0F7CD..0F7CE]  :   00110000;
	0F7CF  :   00110001;
	0F7D0  :   00101110;
	0F7D1  :   00101111;
	0F7D2  :   00101110;
	0F7D3  :   00101100;
	0F7D4  :   00101011;
	0F7D5  :   00101101;
	[0F7D6..0F7D7]  :   00101110;
	[0F7D8..0F7D9]  :   00101001;
	0F7DA  :   00101101;
	0F7DB  :   00101111;
	0F7DC  :   00101110;
	0F7DD  :   00101111;
	0F7DE  :   00110001;
	[0F7DF..0F7E0]  :   00101111;
	0F7E1  :   00110000;
	0F7E2  :   00101111;
	0F7E3  :   00101100;
	0F7E4  :   00101001;
	0F7E5  :   00101000;
	[0F7E6..0F7E8]  :   00101001;
	0F7E9  :   00101010;
	0F7EA  :   00101100;
	0F7EB  :   00101101;
	0F7EC  :   00101100;
	0F7ED  :   00101010;
	0F7EE  :   00101100;
	0F7EF  :   00101110;
	0F7F0  :   00101011;
	0F7F1  :   00101100;
	0F7F2  :   00101111;
	0F7F3  :   00110001;
	0F7F4  :   00110010;
	0F7F5  :   00110000;
	0F7F6  :   00101110;
	0F7F7  :   00101101;
	[0F7F8..0F7F9]  :   00101011;
	0F7FA  :   00101110;
	0F7FB  :   00110000;
	0F7FC  :   00110011;
	0F7FD  :   00110001;
	0F7FE  :   00101110;
	0F7FF  :   00110001;
	0F800  :   00110010;
	[0F801..0F802]  :   00101111;
	0F803  :   00101101;
	0F804  :   00101100;
	0F805  :   00101111;
	[0F806..0F808]  :   00110011;
	0F809  :   00101111;
	[0F80A..0F80B]  :   00101011;
	0F80C  :   00101101;
	0F80D  :   00101111;
	[0F80E..0F80F]  :   00110000;
	0F810  :   00101111;
	0F811  :   00101101;
	0F812  :   00101100;
	0F813  :   00101011;
	0F814  :   00101100;
	0F815  :   00101101;
	[0F816..0F817]  :   00101110;
	[0F818..0F81A]  :   00101111;
	[0F81B..0F81C]  :   00101110;
	0F81D  :   00101111;
	0F81E  :   00110001;
	0F81F  :   00110010;
	0F820  :   00110011;
	0F821  :   00110010;
	0F822  :   00110101;
	0F823  :   00110000;
	0F824  :   00101010;
	0F825  :   00101111;
	0F826  :   00110100;
	0F827  :   00110011;
	[0F828..0F829]  :   00110001;
	0F82A  :   00101110;
	[0F82B..0F82C]  :   00101011;
	[0F82D..0F82F]  :   00101100;
	0F830  :   00101111;
	0F831  :   00100101;
	0F832  :   00100100;
	[0F833..0F834]  :   00101001;
	0F835  :   00101000;
	0F836  :   00101100;
	0F837  :   00101111;
	0F838  :   00101101;
	0F839  :   00101100;
	0F83A  :   00101011;
	0F83B  :   00101110;
	0F83C  :   00110001;
	0F83D  :   00110010;
	0F83E  :   00110000;
	0F83F  :   00101110;
	0F840  :   00101010;
	0F841  :   00101110;
	0F842  :   00110010;
	0F843  :   00110011;
	[0F844..0F845]  :   00110100;
	0F846  :   00110010;
	[0F847..0F848]  :   00101111;
	0F849  :   00110010;
	0F84A  :   00110001;
	0F84B  :   00101100;
	0F84C  :   00101010;
	0F84D  :   00101110;
	0F84E  :   00110001;
	0F84F  :   00110011;
	0F850  :   00110110;
	0F851  :   00110011;
	0F852  :   00110100;
	0F853  :   00110111;
	[0F854..0F855]  :   00111011;
	0F856  :   00111001;
	0F857  :   00111110;
	0F858  :   00111100;
	0F859  :   00111111;
	0F85A  :   01000000;
	0F85B  :   00111110;
	[0F85C..0F85D]  :   00111011;
	[0F85E..0F860]  :   00111010;
	0F861  :   00111100;
	0F862  :   00111101;
	0F863  :   00111110;
	[0F864..0F865]  :   00111111;
	0F866  :   00111110;
	0F867  :   00111011;
	0F868  :   00111000;
	0F869  :   00111010;
	0F86A  :   00111101;
	0F86B  :   00111000;
	0F86C  :   00110111;
	[0F86D..0F86E]  :   00111011;
	[0F86F..0F870]  :   00111100;
	0F871  :   00111101;
	0F872  :   00111000;
	0F873  :   00111010;
	0F874  :   00110110;
	0F875  :   00110101;
	[0F876..0F877]  :   00110100;
	[0F878..0F879]  :   00110101;
	0F87A  :   00110000;
	0F87B  :   00101111;
	0F87C  :   00110100;
	0F87D  :   00110101;
	0F87E  :   00110100;
	0F87F  :   00110111;
	0F880  :   00111001;
	0F881  :   00111000;
	[0F882..0F884]  :   00110111;
	0F885  :   00110110;
	0F886  :   00110011;
	0F887  :   00110001;
	0F888  :   00110100;
	0F889  :   00111000;
	0F88A  :   00110111;
	[0F88B..0F88C]  :   00110011;
	[0F88D..0F88F]  :   00110100;
	0F890  :   00101101;
	0F891  :   00101110;
	0F892  :   00101100;
	0F893  :   00110010;
	0F894  :   00110101;
	0F895  :   00110000;
	0F896  :   00101011;
	0F897  :   00101001;
	0F898  :   00101111;
	0F899  :   00110010;
	0F89A  :   00110110;
	0F89B  :   00110011;
	[0F89C..0F89D]  :   00110101;
	0F89E  :   00111010;
	0F89F  :   00111100;
	[0F8A0..0F8A1]  :   00111000;
	0F8A2  :   00110110;
	[0F8A3..0F8A4]  :   00110101;
	0F8A5  :   00110011;
	0F8A6  :   00110010;
	0F8A7  :   00110011;
	0F8A8  :   00110100;
	[0F8A9..0F8AA]  :   00110011;
	0F8AB  :   00110100;
	[0F8AC..0F8AD]  :   00110101;
	0F8AE  :   00110011;
	0F8AF  :   00110001;
	0F8B0  :   00101111;
	[0F8B1..0F8B2]  :   00110101;
	[0F8B3..0F8B6]  :   00110010;
	0F8B7  :   00110011;
	0F8B8  :   00110110;
	0F8B9  :   00110101;
	0F8BA  :   00110011;
	0F8BB  :   00110100;
	0F8BC  :   00110111;
	0F8BD  :   00110110;
	0F8BE  :   00110101;
	0F8BF  :   00111000;
	0F8C0  :   00101000;
	0F8C1  :   00101001;
	0F8C2  :   00101010;
	0F8C3  :   00101000;
	0F8C4  :   00100101;
	0F8C5  :   00100100;
	0F8C6  :   00100110;
	0F8C7  :   00101010;
	0F8C8  :   00101100;
	0F8C9  :   00101011;
	[0F8CA..0F8CB]  :   00101001;
	[0F8CC..0F8CE]  :   00101000;
	0F8CF  :   00101001;
	[0F8D0..0F8D1]  :   00101011;
	0F8D2  :   00101111;
	0F8D3  :   00110011;
	0F8D4  :   00110010;
	0F8D5  :   00110001;
	[0F8D6..0F8D7]  :   00110010;
	0F8D8  :   00101110;
	0F8D9  :   00101101;
	0F8DA  :   00101010;
	0F8DB  :   00100111;
	0F8DC  :   00101000;
	[0F8DD..0F8DE]  :   00101001;
	0F8DF  :   00100111;
	[0F8E0..0F8E1]  :   00100110;
	0F8E2  :   00100111;
	0F8E3  :   00100110;
	0F8E4  :   00100101;
	0F8E5  :   00100100;
	0F8E6  :   00100011;
	0F8E7  :   00100010;
	0F8E8  :   00100110;
	0F8E9  :   00101000;
	0F8EA  :   00101011;
	0F8EB  :   00101001;
	0F8EC  :   00100111;
	0F8ED  :   00101011;
	0F8EE  :   00101111;
	0F8EF  :   00110000;
	0F8F0  :   00101111;
	[0F8F1..0F8F3]  :   00101101;
	0F8F4  :   00110000;
	0F8F5  :   00110011;
	0F8F6  :   00110000;
	0F8F7  :   00101110;
	[0F8F8..0F8F9]  :   00110010;
	0F8FA  :   00110100;
	0F8FB  :   00110001;
	0F8FC  :   00101111;
	0F8FD  :   00101110;
	0F8FE  :   00101100;
	0F8FF  :   00101101;
	0F900  :   00101010;
	[0F901..0F904]  :   00101100;
	[0F905..0F906]  :   00101001;
	0F907  :   00110000;
	0F908  :   00101100;
	0F909  :   00101010;
	0F90A  :   00101011;
	0F90B  :   00101010;
	0F90C  :   00101011;
	0F90D  :   00101110;
	0F90E  :   00101100;
	0F90F  :   00101010;
	[0F910..0F911]  :   00101111;
	0F912  :   00101101;
	[0F913..0F914]  :   00101010;
	[0F915..0F916]  :   00101011;
	0F917  :   00101010;
	0F918  :   00101100;
	0F919  :   00101001;
	0F91A  :   00101100;
	0F91B  :   00101110;
	[0F91C..0F91D]  :   00101101;
	0F91E  :   00101110;
	0F91F  :   00101010;
	0F920  :   00101001;
	0F921  :   00101011;
	0F922  :   00101101;
	0F923  :   00101100;
	0F924  :   00101010;
	0F925  :   00101000;
	[0F926..0F927]  :   00100110;
	0F928  :   00101000;
	0F929  :   00100111;
	0F92A  :   00101001;
	0F92B  :   00101100;
	0F92C  :   00101110;
	0F92D  :   00101101;
	[0F92E..0F930]  :   00101100;
	0F931  :   00101101;
	0F932  :   00101100;
	[0F933..0F934]  :   00101011;
	0F935  :   00101100;
	[0F936..0F937]  :   00101101;
	[0F938..0F939]  :   00101010;
	0F93A  :   00101101;
	0F93B  :   00101110;
	0F93C  :   00101111;
	0F93D  :   00101110;
	0F93E  :   00101011;
	0F93F  :   00101111;
	0F940  :   00101101;
	0F941  :   00101011;
	0F942  :   00101110;
	0F943  :   00101111;
	0F944  :   00101110;
	0F945  :   00110000;
	0F946  :   00110010;
	0F947  :   00101111;
	0F948  :   00101110;
	0F949  :   00101100;
	0F94A  :   00101010;
	0F94B  :   00101011;
	0F94C  :   00101110;
	[0F94D..0F94F]  :   00101111;
	[0F950..0F951]  :   00101001;
	0F952  :   00101000;
	0F953  :   00101001;
	0F954  :   00101010;
	[0F955..0F959]  :   00101100;
	0F95A  :   00101110;
	0F95B  :   00110000;
	0F95C  :   00101111;
	0F95D  :   00101100;
	0F95E  :   00101110;
	0F95F  :   00110001;
	0F960  :   00110010;
	0F961  :   00101100;
	0F962  :   00101111;
	0F963  :   00110001;
	0F964  :   00101111;
	0F965  :   00110001;
	0F966  :   00110000;
	0F967  :   00101100;
	0F968  :   00110000;
	0F969  :   00110001;
	0F96A  :   00101110;
	[0F96B..0F96C]  :   00101010;
	0F96D  :   00101011;
	0F96E  :   00101100;
	0F96F  :   00101101;
	0F970  :   00101111;
	0F971  :   00101011;
	[0F972..0F973]  :   00101010;
	0F974  :   00101001;
	0F975  :   00101011;
	0F976  :   00101110;
	[0F977..0F978]  :   00101101;
	0F979  :   00101010;
	[0F97A..0F97B]  :   00100111;
	0F97C  :   00101010;
	0F97D  :   00101100;
	[0F97E..0F97F]  :   00101101;
	0F980  :   00101100;
	0F981  :   00101110;
	0F982  :   00101111;
	[0F983..0F984]  :   00101110;
	0F985  :   00101111;
	0F986  :   00101110;
	[0F987..0F988]  :   00101011;
	0F989  :   00101110;
	0F98A  :   00101100;
	0F98B  :   00100111;
	0F98C  :   00100100;
	0F98D  :   00100111;
	0F98E  :   00101011;
	0F98F  :   00101100;
	0F990  :   00101101;
	0F991  :   00101011;
	0F992  :   00101111;
	0F993  :   00110110;
	[0F994..0F995]  :   00111011;
	0F996  :   00111000;
	0F997  :   00111100;
	0F998  :   00111010;
	0F999  :   00111011;
	0F99A  :   00111010;
	0F99B  :   00110110;
	[0F99C..0F99E]  :   00110100;
	0F99F  :   00110011;
	0F9A0  :   00110000;
	0F9A1  :   00110010;
	0F9A2  :   00110100;
	0F9A3  :   00110111;
	0F9A4  :   00111011;
	0F9A5  :   00111101;
	0F9A6  :   00111011;
	0F9A7  :   00111000;
	0F9A8  :   00110110;
	0F9A9  :   00110111;
	0F9AA  :   00111100;
	0F9AB  :   00111011;
	0F9AC  :   00110111;
	0F9AD  :   00110101;
	0F9AE  :   00110110;
	0F9AF  :   00111101;
	0F9B0  :   00111100;
	0F9B1  :   00111110;
	0F9B2  :   00111011;
	0F9B3  :   00111100;
	0F9B4  :   00111001;
	[0F9B5..0F9B6]  :   00111010;
	0F9B7  :   00111001;
	0F9B8  :   00111000;
	0F9B9  :   00111001;
	0F9BA  :   00110001;
	0F9BB  :   00101110;
	0F9BC  :   00110100;
	0F9BD  :   00110011;
	0F9BE  :   00101111;
	0F9BF  :   00110010;
	0F9C0  :   00101111;
	0F9C1  :   00110001;
	0F9C2  :   00110100;
	0F9C3  :   00110110;
	0F9C4  :   00110100;
	0F9C5  :   00110010;
	0F9C6  :   00110011;
	0F9C7  :   00110101;
	0F9C8  :   00110010;
	[0F9C9..0F9CA]  :   00110101;
	[0F9CB..0F9CC]  :   00110011;
	0F9CD  :   00110010;
	0F9CE  :   00110011;
	0F9CF  :   00110101;
	[0F9D0..0F9D1]  :   00110011;
	0F9D2  :   00110010;
	0F9D3  :   00110100;
	0F9D4  :   00110101;
	[0F9D5..0F9D6]  :   00110011;
	0F9D7  :   00110010;
	0F9D8  :   00110011;
	0F9D9  :   00111001;
	0F9DA  :   00110110;
	0F9DB  :   00110001;
	0F9DC  :   00111010;
	0F9DD  :   00111001;
	0F9DE  :   00110011;
	0F9DF  :   00110001;
	0F9E0  :   00110010;
	0F9E1  :   00110001;
	[0F9E2..0F9E3]  :   00101110;
	0F9E4  :   00110001;
	0F9E5  :   00110010;
	0F9E6  :   00110011;
	0F9E7  :   00110110;
	0F9E8  :   00111001;
	0F9E9  :   00110110;
	0F9EA  :   00110010;
	[0F9EB..0F9EC]  :   00101111;
	0F9ED  :   00110000;
	0F9EE  :   00101111;
	[0F9EF..0F9F0]  :   00101100;
	0F9F1  :   00110001;
	0F9F2  :   00101110;
	0F9F3  :   00101000;
	[0F9F4..0F9F5]  :   00100111;
	0F9F6  :   00101011;
	0F9F7  :   00110001;
	0F9F8  :   00110000;
	0F9F9  :   00101110;
	0F9FA  :   00101011;
	0F9FB  :   00101101;
	0F9FC  :   00110011;
	0F9FD  :   00110001;
	0F9FE  :   00101101;
	0F9FF  :   00101110;
	0FA00  :   00100110;
	[0FA01..0FA06]  :   00100100;
	0FA07  :   00100110;
	0FA08  :   00101010;
	0FA09  :   00101000;
	0FA0A  :   00100101;
	[0FA0B..0FA0C]  :   00100100;
	0FA0D  :   00100011;
	0FA0E  :   00100100;
	0FA0F  :   00100110;
	0FA10  :   00101001;
	[0FA11..0FA12]  :   00101100;
	0FA13  :   00101001;
	0FA14  :   00101000;
	0FA15  :   00101011;
	0FA16  :   00101100;
	0FA17  :   00101010;
	0FA18  :   00101001;
	0FA19  :   00100111;
	0FA1A  :   00100101;
	[0FA1B..0FA1C]  :   00100111;
	0FA1D  :   00100110;
	0FA1E  :   00100011;
	0FA1F  :   00100010;
	0FA20  :   00100011;
	[0FA21..0FA25]  :   00100010;
	0FA26  :   00100100;
	0FA27  :   00100110;
	0FA28  :   00101000;
	0FA29  :   00101001;
	[0FA2A..0FA2B]  :   00101011;
	0FA2C  :   00101010;
	0FA2D  :   00101100;
	0FA2E  :   00101101;
	0FA2F  :   00101011;
	[0FA30..0FA31]  :   00101100;
	0FA32  :   00101011;
	0FA33  :   00101100;
	[0FA34..0FA35]  :   00101101;
	0FA36  :   00101011;
	0FA37  :   00101010;
	[0FA38..0FA39]  :   00110001;
	0FA3A  :   00101110;
	0FA3B  :   00101010;
	0FA3C  :   00100111;
	0FA3D  :   00100101;
	0FA3E  :   00100011;
	0FA3F  :   00100010;
	0FA40  :   00100101;
	0FA41  :   00101000;
	[0FA42..0FA43]  :   00101011;
	0FA44  :   00100111;
	0FA45  :   00100100;
	0FA46  :   00100101;
	0FA47  :   00100111;
	0FA48  :   00101011;
	0FA49  :   00100111;
	0FA4A  :   00100101;
	0FA4B  :   00101001;
	[0FA4C..0FA4D]  :   00101101;
	0FA4E  :   00100111;
	0FA4F  :   00100010;
	0FA50  :   00100100;
	0FA51  :   00101001;
	0FA52  :   00101010;
	0FA53  :   00100111;
	0FA54  :   00100110;
	0FA55  :   00101001;
	0FA56  :   00101010;
	0FA57  :   00101001;
	0FA58  :   00101011;
	0FA59  :   00101000;
	0FA5A  :   00100110;
	0FA5B  :   00101000;
	0FA5C  :   00101010;
	0FA5D  :   00101011;
	[0FA5E..0FA5F]  :   00101010;
	[0FA60..0FA61]  :   00101000;
	0FA62  :   00101001;
	[0FA63..0FA64]  :   00101010;
	0FA65  :   00101001;
	0FA66  :   00100111;
	0FA67  :   00100101;
	0FA68  :   00100100;
	0FA69  :   00100110;
	0FA6A  :   00101010;
	0FA6B  :   00101101;
	0FA6C  :   00101110;
	0FA6D  :   00101001;
	0FA6E  :   00100111;
	0FA6F  :   00101010;
	0FA70  :   00101001;
	0FA71  :   00101011;
	[0FA72..0FA73]  :   00101100;
	0FA74  :   00101010;
	0FA75  :   00101001;
	0FA76  :   00101010;
	0FA77  :   00101011;
	0FA78  :   00101001;
	[0FA79..0FA7A]  :   00101101;
	0FA7B  :   00101011;
	[0FA7C..0FA7E]  :   00101001;
	0FA7F  :   00101010;
	0FA80  :   00100101;
	0FA81  :   00101000;
	0FA82  :   00101010;
	[0FA83..0FA84]  :   00101011;
	0FA85  :   00101100;
	0FA86  :   00101011;
	0FA87  :   00101010;
	0FA88  :   00100110;
	0FA89  :   00101001;
	0FA8A  :   00101011;
	[0FA8B..0FA8F]  :   00101100;
	0FA90  :   00100110;
	0FA91  :   00101001;
	0FA92  :   00101100;
	0FA93  :   00101110;
	0FA94  :   00101100;
	[0FA95..0FA96]  :   00101001;
	0FA97  :   00101011;
	0FA98  :   00101010;
	0FA99  :   00101100;
	0FA9A  :   00101110;
	[0FA9B..0FA9C]  :   00101111;
	0FA9D  :   00101110;
	0FA9E  :   00101111;
	0FA9F  :   00110000;
	0FAA0  :   00101110;
	[0FAA1..0FAA2]  :   00101101;
	0FAA3  :   00101110;
	0FAA4  :   00101101;
	0FAA5  :   00101011;
	0FAA6  :   00101010;
	0FAA7  :   00101011;
	0FAA8  :   00110000;
	0FAA9  :   00101100;
	[0FAAA..0FAAB]  :   00101011;
	0FAAC  :   00101000;
	0FAAD  :   00100110;
	0FAAE  :   00101000;
	[0FAAF..0FAB0]  :   00101001;
	0FAB1  :   00101101;
	0FAB2  :   00110000;
	0FAB3  :   00101111;
	0FAB4  :   00101011;
	0FAB5  :   00101010;
	0FAB6  :   00101011;
	0FAB7  :   00101101;
	0FAB8  :   00101010;
	0FAB9  :   00101000;
	0FABA  :   00100111;
	0FABB  :   00101001;
	0FABC  :   00101100;
	0FABD  :   00101101;
	0FABE  :   00101100;
	0FABF  :   00101010;
	0FAC0  :   00100101;
	0FAC1  :   00100110;
	0FAC2  :   00101000;
	0FAC3  :   00101010;
	0FAC4  :   00101000;
	0FAC5  :   00100110;
	0FAC6  :   00100111;
	0FAC7  :   00101010;
	0FAC8  :   00101000;
	0FAC9  :   00100111;
	0FACA  :   00101001;
	0FACB  :   00101010;
	0FACC  :   00101001;
	0FACD  :   00101010;
	0FACE  :   00101110;
	0FACF  :   00101111;
	[0FAD0..0FAD1]  :   00101100;
	0FAD2  :   00101111;
	0FAD3  :   00110010;
	0FAD4  :   00110011;
	[0FAD5..0FAD6]  :   00110111;
	0FAD7  :   00110010;
	0FAD8  :   00110011;
	0FAD9  :   00110101;
	0FADA  :   00110100;
	0FADB  :   00110000;
	0FADC  :   00101110;
	0FADD  :   00110100;
	0FADE  :   00110111;
	0FADF  :   00110100;
	0FAE0  :   00101110;
	0FAE1  :   00101011;
	0FAE2  :   00101010;
	0FAE3  :   00101110;
	0FAE4  :   00110011;
	[0FAE5..0FAE6]  :   00110110;
	[0FAE7..0FAE9]  :   00110101;
	0FAEA  :   00111000;
	0FAEB  :   00111011;
	0FAEC  :   00111000;
	[0FAED..0FAEE]  :   00110001;
	0FAEF  :   00110100;
	0FAF0  :   00110110;
	[0FAF1..0FAF2]  :   00110010;
	0FAF3  :   00111000;
	0FAF4  :   00111010;
	0FAF5  :   00111001;
	0FAF6  :   00111000;
	[0FAF7..0FAF8]  :   00110111;
	0FAF9  :   00110101;
	0FAFA  :   00110100;
	0FAFB  :   00110011;
	0FAFC  :   00110001;
	[0FAFD..0FAFE]  :   00110011;
	0FAFF  :   00101111;
	0FB00  :   00101100;
	0FB01  :   00110000;
	[0FB02..0FB03]  :   00110010;
	0FB04  :   00110100;
	0FB05  :   00110101;
	0FB06  :   00110100;
	0FB07  :   00110010;
	0FB08  :   00110011;
	0FB09  :   00110010;
	0FB0A  :   00110000;
	0FB0B  :   00101111;
	0FB0C  :   00110000;
	0FB0D  :   00110011;
	0FB0E  :   00110101;
	[0FB0F..0FB10]  :   00110110;
	0FB11  :   00110111;
	0FB12  :   00110101;
	0FB13  :   00110100;
	0FB14  :   00110110;
	0FB15  :   00110111;
	0FB16  :   00110100;
	0FB17  :   00110010;
	0FB18  :   00110100;
	0FB19  :   00110011;
	0FB1A  :   00110010;
	[0FB1B..0FB1C]  :   00110011;
	0FB1D  :   00110001;
	0FB1E  :   00110000;
	0FB1F  :   00110010;
	0FB20  :   00101101;
	0FB21  :   00101001;
	0FB22  :   00101011;
	0FB23  :   00101001;
	0FB24  :   00101011;
	0FB25  :   00101111;
	0FB26  :   00101110;
	[0FB27..0FB28]  :   00110010;
	0FB29  :   00101110;
	0FB2A  :   00101100;
	[0FB2B..0FB2C]  :   00101101;
	0FB2D  :   00101011;
	0FB2E  :   00101101;
	0FB2F  :   00110001;
	0FB30  :   00101100;
	0FB31  :   00101110;
	0FB32  :   00101100;
	0FB33  :   00101000;
	0FB34  :   00100111;
	0FB35  :   00100110;
	0FB36  :   00101000;
	0FB37  :   00101011;
	0FB38  :   00101010;
	0FB39  :   00101000;
	0FB3A  :   00100110;
	0FB3B  :   00100111;
	0FB3C  :   00101010;
	0FB3D  :   00101011;
	0FB3E  :   00101010;
	0FB3F  :   00101000;
	0FB40  :   00100100;
	0FB41  :   00100011;
	[0FB42..0FB46]  :   00100010;
	0FB47  :   00100100;
	0FB48  :   00100101;
	0FB49  :   00100100;
	0FB4A  :   00100010;
	0FB4B  :   00100001;
	[0FB4C..0FB4F]  :   00100000;
	0FB50  :   00100100;
	[0FB51..0FB52]  :   00100101;
	[0FB53..0FB54]  :   00100011;
	[0FB55..0FB56]  :   00100100;
	[0FB57..0FB58]  :   00100011;
	0FB59  :   00100010;
	0FB5A  :   00100011;
	0FB5B  :   00100101;
	0FB5C  :   00100110;
	0FB5D  :   00100101;
	[0FB5E..0FB5F]  :   00100100;
	0FB60  :   00100011;
	[0FB61..0FB62]  :   00100010;
	0FB63  :   00100011;
	0FB64  :   00100100;
	0FB65  :   00100101;
	0FB66  :   00100111;
	0FB67  :   00101001;
	0FB68  :   00101100;
	[0FB69..0FB6A]  :   00101010;
	0FB6B  :   00101011;
	0FB6C  :   00101001;
	0FB6D  :   00101010;
	[0FB6E..0FB6F]  :   00101100;
	0FB70  :   00101101;
	0FB71  :   00101010;
	0FB72  :   00100111;
	0FB73  :   00101000;
	0FB74  :   00101011;
	[0FB75..0FB76]  :   00101101;
	0FB77  :   00101011;
	[0FB78..0FB79]  :   00101010;
	0FB7A  :   00101001;
	0FB7B  :   00100101;
	[0FB7C..0FB7F]  :   00100001;
	0FB80  :   00100110;
	0FB81  :   00100111;
	[0FB82..0FB83]  :   00101000;
	0FB84  :   00100111;
	[0FB85..0FB86]  :   00100110;
	0FB87  :   00100111;
	0FB88  :   00101010;
	0FB89  :   00101001;
	[0FB8A..0FB8B]  :   00101000;
	0FB8C  :   00101010;
	0FB8D  :   00101011;
	0FB8E  :   00101000;
	0FB8F  :   00100100;
	0FB90  :   00100001;
	0FB91  :   00100011;
	0FB92  :   00100100;
	0FB93  :   00100011;
	0FB94  :   00100101;
	0FB95  :   00101000;
	0FB96  :   00101001;
	0FB97  :   00100110;
	[0FB98..0FB99]  :   00100101;
	0FB9A  :   00100100;
	0FB9B  :   00100011;
	0FB9C  :   00100100;
	0FB9D  :   00100110;
	[0FB9E..0FB9F]  :   00101000;
	0FBA0  :   00100111;
	0FBA1  :   00100110;
	[0FBA2..0FBA4]  :   00100101;
	[0FBA5..0FBA7]  :   00100110;
	0FBA8  :   00100100;
	0FBA9  :   00101000;
	[0FBAA..0FBAC]  :   00101001;
	0FBAD  :   00100111;
	0FBAE  :   00100110;
	0FBAF  :   00100111;
	0FBB0  :   00100110;
	[0FBB1..0FBB3]  :   00100111;
	[0FBB4..0FBB6]  :   00100101;
	[0FBB7..0FBB8]  :   00100111;
	0FBB9  :   00101001;
	0FBBA  :   00101000;
	[0FBBB..0FBBE]  :   00100110;
	[0FBBF..0FBC1]  :   00101000;
	[0FBC2..0FBC3]  :   00100111;
	0FBC4  :   00101000;
	[0FBC5..0FBC7]  :   00101001;
	0FBC8  :   00100110;
	0FBC9  :   00100111;
	0FBCA  :   00101001;
	[0FBCB..0FBCC]  :   00101010;
	0FBCD  :   00101001;
	[0FBCE..0FBCF]  :   00101000;
	0FBD0  :   00100111;
	0FBD1  :   00101001;
	0FBD2  :   00101100;
	0FBD3  :   00101101;
	0FBD4  :   00101010;
	[0FBD5..0FBD6]  :   00100111;
	0FBD7  :   00101001;
	0FBD8  :   00101011;
	0FBD9  :   00101101;
	0FBDA  :   00101110;
	0FBDB  :   00101111;
	[0FBDC..0FBDD]  :   00101110;
	0FBDE  :   00101111;
	0FBDF  :   00110000;
	0FBE0  :   00101101;
	0FBE1  :   00101010;
	0FBE2  :   00101001;
	[0FBE3..0FBE4]  :   00101010;
	0FBE5  :   00101000;
	0FBE6  :   00100111;
	0FBE7  :   00101000;
	0FBE8  :   00100111;
	0FBE9  :   00100110;
	0FBEA  :   00100111;
	0FBEB  :   00101000;
	0FBEC  :   00100101;
	[0FBED..0FBEF]  :   00100011;
	0FBF0  :   00100100;
	0FBF1  :   00101000;
	0FBF2  :   00101100;
	0FBF3  :   00101101;
	0FBF4  :   00101011;
	0FBF5  :   00101010;
	0FBF6  :   00101011;
	0FBF7  :   00101101;
	0FBF8  :   00100111;
	0FBF9  :   00101000;
	0FBFA  :   00101010;
	0FBFB  :   00101100;
	0FBFC  :   00101101;
	0FBFD  :   00101100;
	0FBFE  :   00101010;
	0FBFF  :   00101000;
	[0FC00..0FC02]  :   00100011;
	[0FC03..0FC05]  :   00100101;
	0FC06  :   00100100;
	0FC07  :   00100101;
	0FC08  :   00100110;
	0FC09  :   00101000;
	[0FC0A..0FC0B]  :   00101001;
	0FC0C  :   00101010;
	0FC0D  :   00110000;
	0FC0E  :   00110011;
	0FC0F  :   00101111;
	0FC10  :   00101110;
	0FC11  :   00101101;
	0FC12  :   00110000;
	0FC13  :   00110011;
	[0FC14..0FC16]  :   00110010;
	0FC17  :   00101111;
	0FC18  :   00101011;
	0FC19  :   00101100;
	[0FC1A..0FC1B]  :   00101110;
	0FC1C  :   00101101;
	0FC1D  :   00110000;
	0FC1E  :   00110011;
	0FC1F  :   00110010;
	0FC20  :   00101110;
	0FC21  :   00100110;
	0FC22  :   00100001;
	0FC23  :   00100100;
	0FC24  :   00101010;
	[0FC25..0FC26]  :   00101101;
	0FC27  :   00101110;
	[0FC28..0FC29]  :   00110011;
	0FC2A  :   00110101;
	0FC2B  :   00110111;
	0FC2C  :   00110100;
	0FC2D  :   00101110;
	0FC2E  :   00101100;
	0FC2F  :   00101111;
	[0FC30..0FC31]  :   00110010;
	0FC32  :   00101101;
	0FC33  :   00101111;
	[0FC34..0FC35]  :   00111000;
	0FC36  :   00110011;
	0FC37  :   00110100;
	0FC38  :   00110110;
	0FC39  :   00110111;
	0FC3A  :   00111001;
	0FC3B  :   00111000;
	0FC3C  :   00110110;
	0FC3D  :   00110101;
	0FC3E  :   00110110;
	0FC3F  :   00110101;
	0FC40  :   00110110;
	0FC41  :   00110111;
	0FC42  :   00110101;
	[0FC43..0FC44]  :   00110001;
	0FC45  :   00110100;
	0FC46  :   00110101;
	0FC47  :   00110010;
	0FC48  :   00101111;
	0FC49  :   00110001;
	0FC4A  :   00110010;
	0FC4B  :   00110000;
	0FC4C  :   00101110;
	0FC4D  :   00101111;
	0FC4E  :   00110011;
	0FC4F  :   00110110;
	0FC50  :   00110011;
	0FC51  :   00110010;
	0FC52  :   00101111;
	0FC53  :   00101110;
	[0FC54..0FC55]  :   00101111;
	0FC56  :   00110001;
	0FC57  :   00110101;
	0FC58  :   00110100;
	0FC59  :   00110001;
	[0FC5A..0FC5B]  :   00101101;
	0FC5C  :   00101110;
	[0FC5D..0FC5E]  :   00101101;
	0FC5F  :   00110001;
	0FC60  :   00101010;
	[0FC61..0FC62]  :   00100111;
	0FC63  :   00100101;
	0FC64  :   00100111;
	[0FC65..0FC66]  :   00101011;
	[0FC67..0FC68]  :   00101110;
	0FC69  :   00101010;
	0FC6A  :   00101001;
	0FC6B  :   00101011;
	0FC6C  :   00101100;
	[0FC6D..0FC6E]  :   00101001;
	[0FC6F..0FC70]  :   00101100;
	[0FC71..0FC72]  :   00101110;
	0FC73  :   00101011;
	0FC74  :   00101010;
	0FC75  :   00101000;
	0FC76  :   00100110;
	0FC77  :   00100111;
	0FC78  :   00101000;
	[0FC79..0FC7A]  :   00100111;
	[0FC7B..0FC7C]  :   00100110;
	0FC7D  :   00100101;
	0FC7E  :   00100011;
	0FC7F  :   00100010;
	0FC80  :   00100001;
	0FC81  :   00100000;
	[0FC82..0FC83]  :   00011110;
	[0FC84..0FC86]  :   00011101;
	[0FC87..0FC89]  :   00011110;
	0FC8A  :   00011101;
	0FC8B  :   00011100;
	0FC8C  :   00011011;
	[0FC8D..0FC8E]  :   00011100;
	0FC8F  :   00011011;
	[0FC90..0FC92]  :   00011110;
	[0FC93..0FC94]  :   00011111;
	0FC95  :   00100000;
	[0FC96..0FC97]  :   00011111;
	0FC98  :   00100000;
	0FC99  :   00100001;
	0FC9A  :   00100011;
	[0FC9B..0FC9C]  :   00100110;
	[0FC9D..0FC9E]  :   00100101;
	0FC9F  :   00100110;
	[0FCA0..0FCA2]  :   00100011;
	0FCA3  :   00100101;
	0FCA4  :   00100110;
	0FCA5  :   00100111;
	0FCA6  :   00101001;
	0FCA7  :   00101011;
	0FCA8  :   00101010;
	0FCA9  :   00100111;
	0FCAA  :   00101000;
	0FCAB  :   00101010;
	[0FCAC..0FCAD]  :   00101001;
	0FCAE  :   00101010;
	0FCAF  :   00101011;
	0FCB0  :   00101101;
	0FCB1  :   00101010;
	0FCB2  :   00100111;
	0FCB3  :   00100110;
	0FCB4  :   00100111;
	[0FCB5..0FCB7]  :   00101001;
	0FCB8  :   00100110;
	0FCB9  :   00100111;
	0FCBA  :   00100110;
	0FCBB  :   00100010;
	[0FCBC..0FCBD]  :   00100000;
	0FCBE  :   00100010;
	0FCBF  :   00100011;
	0FCC0  :   00100111;
	[0FCC1..0FCC3]  :   00100110;
	0FCC4  :   00100111;
	0FCC5  :   00101000;
	[0FCC6..0FCC8]  :   00100111;
	0FCC9  :   00101000;
	0FCCA  :   00100111;
	[0FCCB..0FCCC]  :   00100101;
	0FCCD  :   00101000;
	0FCCE  :   00101001;
	0FCCF  :   00100111;
	0FCD0  :   00100100;
	0FCD1  :   00100010;
	0FCD2  :   00100001;
	0FCD3  :   00100010;
	0FCD4  :   00100101;
	0FCD5  :   00100111;
	0FCD6  :   00100110;
	0FCD7  :   00100011;
	0FCD8  :   00100001;
	0FCD9  :   00100011;
	0FCDA  :   00100100;
	0FCDB  :   00100010;
	0FCDC  :   00100001;
	0FCDD  :   00100100;
	0FCDE  :   00100110;
	0FCDF  :   00100111;
	0FCE0  :   00101000;
	0FCE1  :   00100110;
	0FCE2  :   00100011;
	[0FCE3..0FCE4]  :   00100010;
	[0FCE5..0FCE6]  :   00100100;
	0FCE7  :   00100101;
	0FCE8  :   00100100;
	[0FCE9..0FCEA]  :   00101000;
	[0FCEB..0FCEC]  :   00100100;
	[0FCED..0FCEF]  :   00100111;
	[0FCF0..0FCF2]  :   00100101;
	0FCF3  :   00100100;
	[0FCF4..0FCF5]  :   00100011;
	0FCF6  :   00100100;
	0FCF7  :   00100101;
	[0FCF8..0FCF9]  :   00100110;
	0FCFA  :   00100100;
	0FCFB  :   00100001;
	0FCFC  :   00100011;
	0FCFD  :   00100100;
	0FCFE  :   00100101;
	0FCFF  :   00100110;
	0FD00  :   00101001;
	0FD01  :   00101000;
	0FD02  :   00100111;
	0FD03  :   00101001;
	[0FD04..0FD05]  :   00101010;
	0FD06  :   00101000;
	0FD07  :   00100111;
	0FD08  :   00101001;
	0FD09  :   00101000;
	[0FD0A..0FD0B]  :   00100111;
	0FD0C  :   00100101;
	0FD0D  :   00100011;
	0FD0E  :   00100010;
	0FD0F  :   00100100;
	0FD10  :   00101001;
	0FD11  :   00101010;
	[0FD12..0FD13]  :   00101100;
	0FD14  :   00101001;
	0FD15  :   00100111;
	0FD16  :   00100110;
	0FD17  :   00101000;
	[0FD18..0FD1C]  :   00101001;
	0FD1D  :   00101010;
	0FD1E  :   00101100;
	0FD1F  :   00101110;
	0FD20  :   00101011;
	0FD21  :   00101001;
	0FD22  :   00101000;
	0FD23  :   00101001;
	[0FD24..0FD25]  :   00101000;
	0FD26  :   00101001;
	0FD27  :   00101100;
	[0FD28..0FD29]  :   00100100;
	[0FD2A..0FD2B]  :   00100110;
	0FD2C  :   00100100;
	[0FD2D..0FD2E]  :   00100011;
	0FD2F  :   00100001;
	0FD30  :   00100010;
	0FD31  :   00100101;
	[0FD32..0FD35]  :   00101000;
	0FD36  :   00101010;
	0FD37  :   00101100;
	0FD38  :   00100111;
	0FD39  :   00101001;
	0FD3A  :   00101011;
	0FD3B  :   00101100;
	0FD3C  :   00101010;
	0FD3D  :   00100111;
	0FD3E  :   00100100;
	0FD3F  :   00100011;
	0FD40  :   00100001;
	0FD41  :   00100100;
	0FD42  :   00100110;
	0FD43  :   00100101;
	0FD44  :   00100011;
	0FD45  :   00100010;
	0FD46  :   00100100;
	[0FD47..0FD48]  :   00100101;
	0FD49  :   00101000;
	0FD4A  :   00101010;
	[0FD4B..0FD4C]  :   00101000;
	0FD4D  :   00101100;
	0FD4E  :   00101101;
	0FD4F  :   00101001;
	[0FD50..0FD51]  :   00101110;
	0FD52  :   00110011;
	0FD53  :   00110110;
	0FD54  :   00110100;
	0FD55  :   00110000;
	0FD56  :   00101110;
	0FD57  :   00101011;
	0FD58  :   00101001;
	0FD59  :   00101000;
	0FD5A  :   00101011;
	0FD5B  :   00101110;
	0FD5C  :   00101100;
	0FD5D  :   00101010;
	[0FD5E..0FD5F]  :   00101011;
	0FD60  :   00101000;
	[0FD61..0FD62]  :   00100100;
	0FD63  :   00101001;
	0FD64  :   00101011;
	[0FD65..0FD66]  :   00101001;
	0FD67  :   00101100;
	0FD68  :   00101011;
	0FD69  :   00101100;
	0FD6A  :   00101110;
	[0FD6B..0FD6C]  :   00110000;
	0FD6D  :   00101101;
	0FD6E  :   00101100;
	0FD6F  :   00101101;
	0FD70  :   00101111;
	0FD71  :   00110010;
	0FD72  :   00110001;
	0FD73  :   00110011;
	[0FD74..0FD75]  :   00110111;
	0FD76  :   00110011;
	0FD77  :   00110001;
	0FD78  :   00110101;
	0FD79  :   00111001;
	[0FD7A..0FD7B]  :   00111100;
	0FD7C  :   00111000;
	0FD7D  :   00110111;
	0FD7E  :   00111000;
	0FD7F  :   00111010;
	0FD80  :   00110111;
	0FD81  :   00111000;
	0FD82  :   00111010;
	0FD83  :   00111001;
	0FD84  :   00110110;
	[0FD85..0FD86]  :   00111000;
	0FD87  :   00110001;
	0FD88  :   00101101;
	0FD89  :   00110010;
	[0FD8A..0FD8B]  :   00110101;
	0FD8C  :   00110010;
	0FD8D  :   00110001;
	0FD8E  :   00110010;
	0FD8F  :   00110011;
	0FD90  :   00101110;
	0FD91  :   00101101;
	[0FD92..0FD93]  :   00101011;
	0FD94  :   00101010;
	0FD95  :   00101000;
	0FD96  :   00101011;
	0FD97  :   00110100;
	0FD98  :   00110011;
	0FD99  :   00110000;
	0FD9A  :   00101110;
	0FD9B  :   00101111;
	0FD9C  :   00110001;
	0FD9D  :   00101110;
	0FD9E  :   00101100;
	0FD9F  :   00101110;
	0FDA0  :   00101100;
	0FDA1  :   00101001;
	0FDA2  :   00101000;
	[0FDA3..0FDA4]  :   00100110;
	0FDA5  :   00101000;
	0FDA6  :   00100111;
	0FDA7  :   00101001;
	0FDA8  :   00101011;
	0FDA9  :   00100111;
	0FDAA  :   00100110;
	[0FDAB..0FDAC]  :   00101001;
	0FDAD  :   00100111;
	0FDAE  :   00100110;
	0FDAF  :   00100111;
	0FDB0  :   00101010;
	[0FDB1..0FDB2]  :   00101100;
	[0FDB3..0FDB4]  :   00101010;
	0FDB5  :   00101000;
	0FDB6  :   00100100;
	0FDB7  :   00100011;
	0FDB8  :   00100110;
	0FDB9  :   00101000;
	0FDBA  :   00101001;
	0FDBB  :   00101000;
	0FDBC  :   00100110;
	[0FDBD..0FDBF]  :   00100100;
	0FDC0  :   00011101;
	0FDC1  :   00011100;
	0FDC2  :   00011011;
	[0FDC3..0FDC6]  :   00011001;
	0FDC7  :   00011010;
	0FDC8  :   00011001;
	[0FDC9..0FDCA]  :   00011010;
	[0FDCB..0FDCC]  :   00011001;
	0FDCD  :   00011011;
	0FDCE  :   00011100;
	0FDCF  :   00011011;
	0FDD0  :   00011100;
	0FDD1  :   00011011;
	0FDD2  :   00011100;
	0FDD3  :   00011111;
	[0FDD4..0FDD8]  :   00100001;
	0FDD9  :   00100010;
	0FDDA  :   00100100;
	[0FDDB..0FDDC]  :   00100101;
	0FDDD  :   00100100;
	[0FDDE..0FDDF]  :   00100011;
	[0FDE0..0FDE1]  :   00100001;
	0FDE2  :   00100010;
	0FDE3  :   00100011;
	[0FDE4..0FDE5]  :   00100100;
	0FDE6  :   00100101;
	0FDE7  :   00100110;
	0FDE8  :   00100101;
	0FDE9  :   00100100;
	0FDEA  :   00100101;
	[0FDEB..0FDEC]  :   00101000;
	0FDED  :   00100111;
	0FDEE  :   00101000;
	[0FDEF..0FDF2]  :   00100111;
	0FDF3  :   00100100;
	[0FDF4..0FDF5]  :   00100010;
	0FDF6  :   00100011;
	[0FDF7..0FDF8]  :   00100101;
	0FDF9  :   00100110;
	0FDFA  :   00100101;
	0FDFB  :   00100011;
	0FDFC  :   00100001;
	0FDFD  :   00100010;
	0FDFE  :   00100100;
	0FDFF  :   00100101;
	0FE00  :   00100110;
	0FE01  :   00100101;
	[0FE02..0FE03]  :   00100100;
	0FE04  :   00100101;
	[0FE05..0FE07]  :   00100110;
	0FE08  :   00100010;
	0FE09  :   00100011;
	0FE0A  :   00100001;
	0FE0B  :   00011111;
	0FE0C  :   00100000;
	0FE0D  :   00100011;
	0FE0E  :   00100100;
	0FE0F  :   00100011;
	0FE10  :   00100010;
	0FE11  :   00011111;
	0FE12  :   00011101;
	0FE13  :   00011110;
	[0FE14..0FE15]  :   00100001;
	0FE16  :   00011111;
	0FE17  :   00011101;
	0FE18  :   00011111;
	0FE19  :   00100010;
	[0FE1A..0FE1D]  :   00100100;
	0FE1E  :   00100101;
	0FE1F  :   00100110;
	0FE20  :   00100111;
	0FE21  :   00100101;
	0FE22  :   00100011;
	0FE23  :   00100001;
	[0FE24..0FE26]  :   00100010;
	[0FE27..0FE28]  :   00100001;
	0FE29  :   00100101;
	0FE2A  :   00100100;
	0FE2B  :   00100000;
	0FE2C  :   00100001;
	0FE2D  :   00100100;
	0FE2E  :   00100111;
	0FE2F  :   00101000;
	[0FE30..0FE35]  :   00100100;
	[0FE36..0FE39]  :   00100101;
	0FE3A  :   00100010;
	0FE3B  :   00100000;
	0FE3C  :   00100010;
	0FE3D  :   00100011;
	0FE3E  :   00100100;
	0FE3F  :   00100110;
	0FE40  :   00100101;
	0FE41  :   00100011;
	0FE42  :   00100100;
	0FE43  :   00100111;
	0FE44  :   00101001;
	0FE45  :   00101000;
	[0FE46..0FE47]  :   00100110;
	0FE48  :   00101000;
	0FE49  :   00100101;
	0FE4A  :   00100011;
	0FE4B  :   00100010;
	0FE4C  :   00100001;
	0FE4D  :   00011111;
	0FE4E  :   00100000;
	0FE4F  :   00100011;
	0FE50  :   00101001;
	[0FE51..0FE53]  :   00101010;
	0FE54  :   00101000;
	0FE55  :   00100110;
	[0FE56..0FE57]  :   00100101;
	0FE58  :   00100011;
	0FE59  :   00100010;
	[0FE5A..0FE5B]  :   00100000;
	0FE5C  :   00100001;
	0FE5D  :   00100011;
	0FE5E  :   00100110;
	0FE5F  :   00101001;
	0FE60  :   00100111;
	0FE61  :   00101000;
	[0FE62..0FE63]  :   00101001;
	0FE64  :   00100111;
	0FE65  :   00100110;
	0FE66  :   00101010;
	0FE67  :   00101111;
	0FE68  :   00101000;
	0FE69  :   00100110;
	0FE6A  :   00100100;
	[0FE6B..0FE6C]  :   00100011;
	0FE6D  :   00100101;
	0FE6E  :   00100111;
	0FE6F  :   00100110;
	0FE70  :   00100011;
	0FE71  :   00100100;
	0FE72  :   00100101;
	[0FE73..0FE74]  :   00100100;
	0FE75  :   00100110;
	0FE76  :   00101001;
	0FE77  :   00101011;
	[0FE78..0FE79]  :   00101010;
	0FE7A  :   00101001;
	0FE7B  :   00101000;
	0FE7C  :   00100101;
	0FE7D  :   00100001;
	[0FE7E..0FE7F]  :   00011111;
	0FE80  :   00100011;
	0FE81  :   00100111;
	0FE82  :   00101001;
	0FE83  :   00100110;
	0FE84  :   00100011;
	0FE85  :   00100100;
	0FE86  :   00100101;
	0FE87  :   00100111;
	0FE88  :   00101011;
	0FE89  :   00101100;
	0FE8A  :   00101110;
	0FE8B  :   00101111;
	0FE8C  :   00101011;
	0FE8D  :   00101010;
	[0FE8E..0FE90]  :   00101100;
	0FE91  :   00101110;
	0FE92  :   00110001;
	0FE93  :   00110011;
	0FE94  :   00110001;
	0FE95  :   00101111;
	0FE96  :   00101101;
	0FE97  :   00101011;
	[0FE98..0FE99]  :   00101101;
	0FE9A  :   00101111;
	0FE9B  :   00110000;
	0FE9C  :   00101101;
	0FE9D  :   00101010;
	0FE9E  :   00101001;
	0FE9F  :   00101010;
	0FEA0  :   00100110;
	0FEA1  :   00100111;
	0FEA2  :   00101011;
	0FEA3  :   00101111;
	0FEA4  :   00101110;
	0FEA5  :   00101010;
	0FEA6  :   00101000;
	[0FEA7..0FEA8]  :   00101010;
	0FEA9  :   00101011;
	0FEAA  :   00101100;
	0FEAB  :   00101110;
	0FEAC  :   00110001;
	0FEAD  :   00110010;
	0FEAE  :   00110001;
	0FEAF  :   00110000;
	0FEB0  :   00101110;
	0FEB1  :   00101100;
	0FEB2  :   00110011;
	0FEB3  :   00110110;
	[0FEB4..0FEB5]  :   00101110;
	0FEB6  :   00110010;
	0FEB7  :   00101101;
	0FEB8  :   00110000;
	0FEB9  :   00110010;
	0FEBA  :   00110100;
	0FEBB  :   00110010;
	0FEBC  :   00101111;
	0FEBD  :   00101011;
	0FEBE  :   00101010;
	0FEBF  :   00101100;
	0FEC0  :   00110000;
	0FEC1  :   00110010;
	[0FEC2..0FEC3]  :   00111000;
	0FEC4  :   00110100;
	0FEC5  :   00110111;
	0FEC6  :   00111010;
	0FEC7  :   00110100;
	[0FEC8..0FEC9]  :   00110011;
	0FECA  :   00110100;
	0FECB  :   00110011;
	0FECC  :   00110010;
	0FECD  :   00110001;
	0FECE  :   00101111;
	0FECF  :   00101100;
	[0FED0..0FED1]  :   00101110;
	0FED2  :   00101111;
	[0FED3..0FED4]  :   00110010;
	[0FED5..0FED6]  :   00101110;
	0FED7  :   00110100;
	0FED8  :   00110010;
	[0FED9..0FEDA]  :   00110000;
	0FEDB  :   00110010;
	0FEDC  :   00110100;
	0FEDD  :   00101111;
	0FEDE  :   00101011;
	0FEDF  :   00101100;
	0FEE0  :   00101011;
	[0FEE1..0FEE2]  :   00101001;
	[0FEE3..0FEE5]  :   00101010;
	[0FEE6..0FEE7]  :   00101001;
	0FEE8  :   00101100;
	0FEE9  :   00101010;
	[0FEEA..0FEEC]  :   00101000;
	0FEED  :   00100110;
	0FEEE  :   00100101;
	0FEEF  :   00100110;
	0FEF0  :   00101000;
	0FEF1  :   00101001;
	0FEF2  :   00101000;
	[0FEF3..0FEF4]  :   00100110;
	0FEF5  :   00100100;
	0FEF6  :   00100010;
	0FEF7  :   00100001;
	0FEF8  :   00100010;
	0FEF9  :   00100100;
	0FEFA  :   00100101;
	0FEFB  :   00100100;
	[0FEFC..0FEFD]  :   00100011;
	[0FEFE..0FEFF]  :   00100010;
	[0FF00..0FF01]  :   00011010;
	0FF02  :   00011001;
	[0FF03..0FF04]  :   00011000;
	0FF05  :   00011001;
	[0FF06..0FF07]  :   00011010;
	0FF08  :   00011001;
	0FF09  :   00011011;
	0FF0A  :   00011010;
	0FF0B  :   00011001;
	0FF0C  :   00011010;
	0FF0D  :   00011101;
	0FF0E  :   00011111;
	[0FF0F..0FF10]  :   00011110;
	0FF11  :   00011100;
	0FF12  :   00011101;
	0FF13  :   00100000;
	0FF14  :   00100011;
	[0FF15..0FF16]  :   00100010;
	0FF17  :   00100011;
	[0FF18..0FF1A]  :   00100000;
	[0FF1B..0FF1C]  :   00100001;
	0FF1D  :   00011111;
	0FF1E  :   00011101;
	0FF1F  :   00011011;
	0FF20  :   00011100;
	0FF21  :   00011101;
	0FF22  :   00011111;
	0FF23  :   00100000;
	0FF24  :   00100001;
	[0FF25..0FF26]  :   00100000;
	0FF27  :   00100001;
	[0FF28..0FF2C]  :   00100011;
	[0FF2D..0FF2E]  :   00100100;
	0FF2F  :   00100001;
	0FF30  :   00100000;
	0FF31  :   00100001;
	0FF32  :   00100011;
	0FF33  :   00100010;
	0FF34  :   00100000;
	[0FF35..0FF36]  :   00011110;
	0FF37  :   00011111;
	0FF38  :   00100000;
	[0FF39..0FF3A]  :   00100001;
	0FF3B  :   00100000;
	0FF3C  :   00100001;
	0FF3D  :   00100010;
	0FF3E  :   00100001;
	0FF3F  :   00100000;
	0FF40  :   00100001;
	0FF41  :   00100010;
	0FF42  :   00100001;
	[0FF43..0FF44]  :   00100000;
	0FF45  :   00100001;
	0FF46  :   00100010;
	0FF47  :   00100011;
	0FF48  :   00100000;
	0FF49  :   00011101;
	0FF4A  :   00011011;
	0FF4B  :   00011100;
	[0FF4C..0FF4D]  :   00011101;
	[0FF4E..0FF4F]  :   00011100;
	0FF50  :   00011101;
	[0FF51..0FF52]  :   00011100;
	[0FF53..0FF54]  :   00011101;
	[0FF55..0FF56]  :   00011100;
	0FF57  :   00011101;
	0FF58  :   00011110;
	0FF59  :   00011101;
	0FF5A  :   00011111;
	0FF5B  :   00100010;
	0FF5C  :   00100011;
	0FF5D  :   00100001;
	0FF5E  :   00100010;
	[0FF5F..0FF60]  :   00100100;
	0FF61  :   00100010;
	0FF62  :   00100000;
	[0FF63..0FF65]  :   00011111;
	[0FF66..0FF68]  :   00011110;
	0FF69  :   00100000;
	0FF6A  :   00011110;
	0FF6B  :   00011100;
	0FF6C  :   00011101;
	0FF6D  :   00011111;
	0FF6E  :   00100001;
	0FF6F  :   00100100;
	[0FF70..0FF71]  :   00100000;
	0FF72  :   00100001;
	[0FF73..0FF74]  :   00100010;
	0FF75  :   00100011;
	[0FF76..0FF79]  :   00100010;
	0FF7A  :   00100000;
	0FF7B  :   00011111;
	[0FF7C..0FF7D]  :   00100000;
	0FF7E  :   00100001;
	0FF7F  :   00100011;
	0FF80  :   00011111;
	[0FF81..0FF82]  :   00011101;
	0FF83  :   00011111;
	[0FF84..0FF85]  :   00100001;
	0FF86  :   00100010;
	0FF87  :   00100011;
	0FF88  :   00100000;
	[0FF89..0FF8D]  :   00011111;
	0FF8E  :   00100010;
	0FF8F  :   00100101;
	[0FF90..0FF91]  :   00100110;
	[0FF92..0FF93]  :   00100101;
	0FF94  :   00100100;
	0FF95  :   00100010;
	0FF96  :   00100000;
	0FF97  :   00011110;
	0FF98  :   00100000;
	0FF99  :   00011111;
	[0FF9A..0FF9C]  :   00011101;
	0FF9D  :   00011111;
	0FF9E  :   00100000;
	0FF9F  :   00100001;
	[0FFA0..0FFA1]  :   00100010;
	[0FFA2..0FFA3]  :   00100011;
	0FFA4  :   00100010;
	0FFA5  :   00100001;
	0FFA6  :   00100100;
	0FFA7  :   00101000;
	0FFA8  :   00100111;
	0FFA9  :   00100011;
	0FFAA  :   00011110;
	0FFAB  :   00011100;
	0FFAC  :   00011110;
	0FFAD  :   00100011;
	0FFAE  :   00100110;
	0FFAF  :   00100101;
	0FFB0  :   00100001;
	0FFB1  :   00100010;
	0FFB2  :   00100001;
	0FFB3  :   00100000;
	0FFB4  :   00100001;
	0FFB5  :   00100011;
	0FFB6  :   00100111;
	0FFB7  :   00101001;
	0FFB8  :   00101000;
	0FFB9  :   00100110;
	[0FFBA..0FFBB]  :   00100011;
	0FFBC  :   00100010;
	0FFBD  :   00100001;
	0FFBE  :   00100000;
	0FFBF  :   00011111;
	[0FFC0..0FFC1]  :   00100101;
	0FFC2  :   00100100;
	0FFC3  :   00100011;
	0FFC4  :   00100100;
	[0FFC5..0FFC6]  :   00100110;
	0FFC7  :   00100100;
	[0FFC8..0FFC9]  :   00100101;
	0FFCA  :   00100111;
	[0FFCB..0FFCC]  :   00101001;
	0FFCD  :   00101010;
	0FFCE  :   00101011;
	0FFCF  :   00101010;
	0FFD0  :   00101111;
	0FFD1  :   00110001;
	0FFD2  :   00101111;
	0FFD3  :   00101100;
	0FFD4  :   00101101;
	[0FFD5..0FFD6]  :   00110000;
	[0FFD7..0FFD8]  :   00101110;
	0FFD9  :   00101111;
	[0FFDA..0FFDB]  :   00110001;
	[0FFDC..0FFDD]  :   00101111;
	0FFDE  :   00110001;
	0FFDF  :   00110000;
	0FFE0  :   00110100;
	0FFE1  :   00110011;
	0FFE2  :   00110010;
	0FFE3  :   00110001;
	0FFE4  :   00110000;
	0FFE5  :   00101111;
	[0FFE6..0FFE7]  :   00101110;
	0FFE8  :   00101101;
	0FFE9  :   00101100;
	0FFEA  :   00101011;
	0FFEB  :   00101100;
	[0FFEC..0FFED]  :   00101110;
	0FFEE  :   00101101;
	0FFEF  :   00101010;
	0FFF0  :   00100110;
	0FFF1  :   00100000;
	0FFF2  :   00100011;
	0FFF3  :   00100100;
	[0FFF4..0FFF5]  :   00011011;
	[0FFF6..0FFF7]  :   00100010;
	0FFF8  :   00100000;
	0FFF9  :   00100011;
	0FFFA  :   00100101;
	0FFFB  :   00101010;
	0FFFC  :   00101110;
	0FFFD  :   00101100;
	0FFFE  :   00101011;
	0FFFF  :   00101110;
	[10000..10001]  :   00101011;
	10002  :   00101101;
	10003  :   00101010;
	10004  :   00100101;
	10005  :   00101011;
	10006  :   00110101;
	10007  :   00110111;
	10008  :   00110100;
	10009  :   00110001;
	1000A  :   00101101;
	[1000B..1000D]  :   00101010;
	1000E  :   00101000;
	1000F  :   00100101;
	10010  :   00101100;
	[10011..10012]  :   00101101;
	10013  :   00110000;
	10014  :   00110010;
	10015  :   00110000;
	10016  :   00101110;
	10017  :   00101111;
	10018  :   00101110;
	10019  :   00101101;
	1001A  :   00101100;
	1001B  :   00101110;
	1001C  :   00110000;
	1001D  :   00101101;
	[1001E..1001F]  :   00101010;
	[10020..10021]  :   00100101;
	10022  :   00100110;
	10023  :   00101001;
	[10024..10025]  :   00101011;
	[10026..1002A]  :   00101101;
	1002B  :   00101100;
	1002C  :   00101010;
	[1002D..1002E]  :   00101000;
	1002F  :   00101001;
	10030  :   00101011;
	10031  :   00101101;
	10032  :   00101011;
	10033  :   00101001;
	10034  :   00100111;
	10035  :   00100110;
	10036  :   00100100;
	10037  :   00100101;
	[10038..10039]  :   00100110;
	1003A  :   00100101;
	[1003B..1003D]  :   00100100;
	1003E  :   00100011;
	1003F  :   00100000;
	10040  :   00010110;
	[10041..10043]  :   00010111;
	10044  :   00011000;
	10045  :   00011010;
	[10046..10047]  :   00011011;
	10048  :   00011010;
	10049  :   00011011;
	1004A  :   00011010;
	1004B  :   00011000;
	1004C  :   00011001;
	1004D  :   00011011;
	[1004E..10050]  :   00011101;
	[10051..10052]  :   00011100;
	10053  :   00011110;
	10054  :   00100000;
	[10055..10057]  :   00011111;
	10058  :   00011110;
	10059  :   00011101;
	[1005A..1005B]  :   00011100;
	[1005C..1005D]  :   00011101;
	1005E  :   00011010;
	1005F  :   00010111;
	10060  :   00011011;
	10061  :   00011100;
	10062  :   00011110;
	10063  :   00100000;
	10064  :   00100001;
	[10065..10069]  :   00100000;
	1006A  :   00011111;
	1006B  :   00011110;
	1006C  :   00011101;
	1006D  :   00100000;
	1006E  :   00100010;
	1006F  :   00100000;
	10070  :   00011111;
	[10071..10073]  :   00011110;
	10074  :   00011111;
	10075  :   00011110;
	10076  :   00011011;
	10077  :   00011001;
	10078  :   00011010;
	10079  :   00011011;
	1007A  :   00011100;
	1007B  :   00011101;
	1007C  :   00011110;
	1007D  :   00011111;
	1007E  :   00011110;
	1007F  :   00011011;
	10080  :   00011101;
	10081  :   00011110;
	10082  :   00011111;
	10083  :   00011101;
	10084  :   00011100;
	10085  :   00011101;
	[10086..10087]  :   00011111;
	10088  :   00011101;
	10089  :   00011001;
	1008A  :   00011000;
	1008B  :   00011010;
	[1008C..1008D]  :   00011101;
	1008E  :   00011100;
	1008F  :   00011011;
	10090  :   00011100;
	[10091..10092]  :   00011101;
	10093  :   00011110;
	10094  :   00011101;
	10095  :   00011100;
	10096  :   00011101;
	10097  :   00011110;
	10098  :   00011100;
	[10099..1009A]  :   00011001;
	1009B  :   00011101;
	1009C  :   00011110;
	1009D  :   00011101;
	1009E  :   00011110;
	1009F  :   00100001;
	100A0  :   00100000;
	100A1  :   00011111;
	100A2  :   00011101;
	[100A3..100A4]  :   00011100;
	[100A5..100A6]  :   00011101;
	100A7  :   00011110;
	[100A8..100A9]  :   00011111;
	100AA  :   00011110;
	[100AB..100AC]  :   00011100;
	100AD  :   00011010;
	100AE  :   00011011;
	100AF  :   00011111;
	[100B0..100B1]  :   00011100;
	100B2  :   00011101;
	100B3  :   00011111;
	[100B4..100B5]  :   00100001;
	100B6  :   00011111;
	[100B7..100B8]  :   00011110;
	[100B9..100BA]  :   00011111;
	[100BB..100BC]  :   00011110;
	[100BD..100BE]  :   00011101;
	100BF  :   00011111;
	[100C0..100C2]  :   00011011;
	100C3  :   00011101;
	[100C4..100C6]  :   00011110;
	100C7  :   00011111;
	100C8  :   00011011;
	100C9  :   00011101;
	100CA  :   00011111;
	[100CB..100CC]  :   00100000;
	[100CD..100CE]  :   00100001;
	100CF  :   00100010;
	100D0  :   00100011;
	100D1  :   00100010;
	100D2  :   00100001;
	100D3  :   00011111;
	[100D4..100D5]  :   00011110;
	100D6  :   00011100;
	100D7  :   00011010;
	[100D8..100DC]  :   00011111;
	100DD  :   00011110;
	100DE  :   00011100;
	100DF  :   00011011;
	100E0  :   00011110;
	100E1  :   00011100;
	100E2  :   00011011;
	100E3  :   00011101;
	[100E4..100E5]  :   00011111;
	100E6  :   00100000;
	[100E7..100E8]  :   00100001;
	100E9  :   00011100;
	100EA  :   00011000;
	100EB  :   00010111;
	100EC  :   00011001;
	100ED  :   00011101;
	[100EE..100EF]  :   00100000;
	100F0  :   00011011;
	100F1  :   00011100;
	[100F2..100F4]  :   00011101;
	100F5  :   00100000;
	100F6  :   00100010;
	100F7  :   00100011;
	100F8  :   00100001;
	100F9  :   00100000;
	100FA  :   00011111;
	100FB  :   00100001;
	100FC  :   00100011;
	100FD  :   00100100;
	100FE  :   00100010;
	[100FF..10100]  :   00100001;
	[10101..10103]  :   00100000;
	10104  :   00100001;
	10105  :   00100011;
	10106  :   00100100;
	10107  :   00100011;
	10108  :   00100110;
	[10109..1010A]  :   00100101;
	1010B  :   00100110;
	1010C  :   00101010;
	1010D  :   00110001;
	1010E  :   00110000;
	1010F  :   00101001;
	10110  :   00101010;
	10111  :   00101101;
	10112  :   00101011;
	10113  :   00100111;
	10114  :   00101010;
	10115  :   00101101;
	10116  :   00101011;
	10117  :   00101000;
	10118  :   00101001;
	10119  :   00101011;
	1011A  :   00101110;
	1011B  :   00101101;
	1011C  :   00101100;
	1011D  :   00110000;
	1011E  :   00110011;
	1011F  :   00110001;
	[10120..10121]  :   00110000;
	10122  :   00101110;
	10123  :   00101010;
	10124  :   00101000;
	10125  :   00101001;
	10126  :   00101011;
	[10127..10128]  :   00101100;
	10129  :   00101010;
	1012A  :   00101000;
	1012B  :   00100111;
	1012C  :   00101001;
	1012D  :   00101000;
	1012E  :   00100101;
	1012F  :   00100001;
	10130  :   00100011;
	10131  :   00100001;
	[10132..10133]  :   00011100;
	10134  :   00011101;
	[10135..10136]  :   00011001;
	10137  :   00011111;
	10138  :   00011101;
	[10139..1013A]  :   00011111;
	1013B  :   00100100;
	1013C  :   00101001;
	1013D  :   00100101;
	1013E  :   00100000;
	1013F  :   00100010;
	[10140..10141]  :   00100100;
	10142  :   00100110;
	10143  :   00100100;
	10144  :   00011111;
	10145  :   00100010;
	10146  :   00101001;
	10147  :   00101101;
	10148  :   00101011;
	[10149..1014A]  :   00101010;
	1014B  :   00101001;
	[1014C..1014D]  :   00101000;
	1014E  :   00100110;
	1014F  :   00100101;
	10150  :   00101000;
	10151  :   00100111;
	[10152..10153]  :   00100100;
	[10154..10155]  :   00100110;
	10156  :   00100011;
	10157  :   00100010;
	10158  :   00100110;
	10159  :   00101000;
	1015A  :   00101001;
	1015B  :   00101010;
	1015C  :   00101101;
	1015D  :   00101011;
	1015E  :   00101000;
	1015F  :   00100110;
	10160  :   00100101;
	10161  :   00100110;
	10162  :   00100011;
	[10163..10164]  :   00100100;
	10165  :   00100011;
	[10166..10167]  :   00100111;
	10168  :   00101001;
	10169  :   00101011;
	1016A  :   00101110;
	1016B  :   00101101;
	1016C  :   00101011;
	[1016D..1016E]  :   00101001;
	1016F  :   00101010;
	10170  :   00100111;
	[10171..10172]  :   00101010;
	10173  :   00100111;
	10174  :   00100101;
	10175  :   00100010;
	10176  :   00100000;
	10177  :   00100001;
	10178  :   00100110;
	10179  :   00100101;
	1017A  :   00100011;
	[1017B..1017C]  :   00100001;
	1017D  :   00100011;
	1017E  :   00100001;
	1017F  :   00011110;
	10180  :   00010100;
	10181  :   00010101;
	[10182..10183]  :   00010110;
	10184  :   00010111;
	[10185..10187]  :   00011001;
	10188  :   00011010;
	10189  :   00011001;
	1018A  :   00010111;
	[1018B..1018D]  :   00010110;
	1018E  :   00010111;
	1018F  :   00011000;
	10190  :   00011010;
	[10191..10192]  :   00011001;
	10193  :   00011010;
	[10194..10196]  :   00011011;
	10197  :   00011010;
	10198  :   00011100;
	10199  :   00011011;
	[1019A..1019B]  :   00011010;
	1019C  :   00011011;
	1019D  :   00011101;
	1019E  :   00011100;
	1019F  :   00011010;
	101A0  :   00011100;
	101A1  :   00011101;
	101A2  :   00011110;
	[101A3..101A4]  :   00100000;
	[101A5..101A7]  :   00011111;
	101A8  :   00011100;
	[101A9..101AB]  :   00011010;
	101AC  :   00011001;
	101AD  :   00011100;
	[101AE..101AF]  :   00011111;
	101B0  :   00011110;
	101B1  :   00011100;
	101B2  :   00011010;
	101B3  :   00011001;
	[101B4..101B5]  :   00011010;
	101B6  :   00011001;
	101B7  :   00010111;
	101B8  :   00011000;
	101B9  :   00011010;
	[101BA..101BC]  :   00011011;
	101BD  :   00011100;
	101BE  :   00011011;
	101BF  :   00011001;
	101C0  :   00011010;
	[101C1..101C2]  :   00011011;
	[101C3..101C4]  :   00011010;
	[101C5..101C6]  :   00011100;
	101C7  :   00011011;
	101C8  :   00011001;
	[101C9..101CA]  :   00011000;
	101CB  :   00011001;
	101CC  :   00011011;
	[101CD..101CE]  :   00011101;
	101CF  :   00011100;
	101D0  :   00011000;
	101D1  :   00011001;
	[101D2..101D3]  :   00011010;
	[101D4..101D6]  :   00011001;
	101D7  :   00011010;
	101D8  :   00011011;
	[101D9..101DA]  :   00011000;
	101DB  :   00011010;
	101DC  :   00011100;
	101DD  :   00011011;
	101DE  :   00011100;
	101DF  :   00011101;
	[101E0..101E4]  :   00011100;
	[101E5..101E6]  :   00011101;
	101E7  :   00011110;
	101E8  :   00100000;
	101E9  :   00100001;
	101EA  :   00011111;
	101EB  :   00011101;
	101EC  :   00011011;
	[101ED..101EE]  :   00011001;
	[101EF..101F1]  :   00011011;
	101F2  :   00011100;
	101F3  :   00011110;
	[101F4..101F5]  :   00100000;
	101F6  :   00011110;
	101F7  :   00011100;
	101F8  :   00011101;
	101F9  :   00011110;
	[101FA..101FC]  :   00011101;
	101FD  :   00011011;
	101FE  :   00011010;
	101FF  :   00011011;
	10200  :   00011010;
	10201  :   00011011;
	10202  :   00011100;
	10203  :   00011101;
	10204  :   00011110;
	10205  :   00011111;
	10206  :   00011101;
	10207  :   00011011;
	10208  :   00011010;
	10209  :   00011101;
	1020A  :   00011111;
	[1020B..1020C]  :   00011110;
	1020D  :   00011111;
	1020E  :   00011110;
	1020F  :   00011101;
	10210  :   00011110;
	10211  :   00011111;
	10212  :   00011110;
	10213  :   00011100;
	[10214..10215]  :   00011010;
	10216  :   00011011;
	10217  :   00011100;
	10218  :   00011111;
	[10219..1021A]  :   00011110;
	[1021B..1021D]  :   00011111;
	1021E  :   00011101;
	1021F  :   00011011;
	10220  :   00011101;
	[10221..10222]  :   00011011;
	10223  :   00011100;
	10224  :   00011101;
	10225  :   00011100;
	10226  :   00011101;
	10227  :   00011111;
	10228  :   00011100;
	10229  :   00011000;
	[1022A..1022C]  :   00010111;
	1022D  :   00011001;
	1022E  :   00011100;
	1022F  :   00011101;
	10230  :   00011001;
	[10231..10234]  :   00011011;
	10235  :   00011100;
	10236  :   00011110;
	10237  :   00011111;
	10238  :   00011110;
	10239  :   00011111;
	1023A  :   00100000;
	1023B  :   00100001;
	[1023C..1023F]  :   00100010;
	[10240..10241]  :   00011110;
	[10242..10243]  :   00011111;
	[10244..10245]  :   00011110;
	10246  :   00100001;
	10247  :   00100100;
	10248  :   00100111;
	10249  :   00100110;
	1024A  :   00100100;
	1024B  :   00100011;
	1024C  :   00100110;
	1024D  :   00101100;
	1024E  :   00101011;
	1024F  :   00100011;
	10250  :   00011110;
	10251  :   00100010;
	10252  :   00100000;
	10253  :   00011110;
	10254  :   00100010;
	10255  :   00100011;
	10256  :   00011111;
	10257  :   00011101;
	10258  :   00100010;
	10259  :   00100100;
	[1025A..1025B]  :   00100110;
	1025C  :   00100101;
	1025D  :   00101000;
	1025E  :   00101010;
	1025F  :   00100111;
	10260  :   00100011;
	10261  :   00100111;
	10262  :   00101001;
	10263  :   00101000;
	[10264..10265]  :   00100110;
	10266  :   00101000;
	10267  :   00101010;
	10268  :   00101011;
	10269  :   00101000;
	1026A  :   00100110;
	1026B  :   00101000;
	1026C  :   00101001;
	1026D  :   00101000;
	1026E  :   00100011;
	1026F  :   00100000;
	10270  :   00011100;
	10271  :   00011110;
	10272  :   00011010;
	10273  :   00011001;
	10274  :   00011101;
	10275  :   00011010;
	10276  :   00010101;
	10277  :   00011001;
	[10278..10279]  :   00011110;
	1027A  :   00011101;
	1027B  :   00100000;
	1027C  :   00100110;
	1027D  :   00100010;
	1027E  :   00011101;
	1027F  :   00100001;
	[10280..10281]  :   00100000;
	10282  :   00100001;
	10283  :   00100011;
	10284  :   00100010;
	[10285..10286]  :   00100000;
	10287  :   00100001;
	10288  :   00100100;
	10289  :   00100110;
	1028A  :   00100111;
	1028B  :   00101001;
	[1028C..1028D]  :   00101010;
	1028E  :   00101000;
	1028F  :   00100110;
	10290  :   00100111;
	10291  :   00100101;
	10292  :   00100010;
	10293  :   00100001;
	10294  :   00100011;
	10295  :   00100010;
	10296  :   00011111;
	10297  :   00011110;
	10298  :   00100010;
	10299  :   00100110;
	[1029A..1029B]  :   00101000;
	[1029C..1029D]  :   00101010;
	1029E  :   00100111;
	1029F  :   00100100;
	[102A0..102A1]  :   00101000;
	102A2  :   00100011;
	102A3  :   00100001;
	102A4  :   00011110;
	102A5  :   00011010;
	[102A6..102A7]  :   00011101;
	102A8  :   00100001;
	102A9  :   00100100;
	[102AA..102AB]  :   00100110;
	[102AC..102AE]  :   00100101;
	102AF  :   00100110;
	102B0  :   00100111;
	102B1  :   00101010;
	102B2  :   00101011;
	102B3  :   00101001;
	102B4  :   00101000;
	102B5  :   00100110;
	102B6  :   00100100;
	102B7  :   00100101;
	102B8  :   00100110;
	102B9  :   00100111;
	102BA  :   00100101;
	102BB  :   00100011;
	102BC  :   00100100;
	102BD  :   00100110;
	102BE  :   00100101;
	102BF  :   00100011;
	102C0  :   00010100;
	102C1  :   00010101;
	102C2  :   00010110;
	102C3  :   00010101;
	102C4  :   00010110;
	102C5  :   00010111;
	102C6  :   00011000;
	102C7  :   00010111;
	102C8  :   00011001;
	102C9  :   00010111;
	[102CA..102CB]  :   00010101;
	102CC  :   00010100;
	[102CD..102CE]  :   00010011;
	102CF  :   00010101;
	[102D0..102D2]  :   00010110;
	102D3  :   00010111;
	102D4  :   00011000;
	[102D5..102D7]  :   00011001;
	[102D8..102D9]  :   00011010;
	[102DA..102DB]  :   00011001;
	102DC  :   00011010;
	[102DD..102DE]  :   00011101;
	[102DF..102E2]  :   00011100;
	102E3  :   00011101;
	102E4  :   00011100;
	102E5  :   00011011;
	102E6  :   00011010;
	102E7  :   00011011;
	102E8  :   00011010;
	[102E9..102EA]  :   00011000;
	102EB  :   00011010;
	102EC  :   00011000;
	102ED  :   00010111;
	102EE  :   00011001;
	102EF  :   00011011;
	102F0  :   00011001;
	102F1  :   00011000;
	102F2  :   00010101;
	[102F3..102F4]  :   00010100;
	102F5  :   00010110;
	102F6  :   00011000;
	102F7  :   00011001;
	102F8  :   00011000;
	102F9  :   00011010;
	102FA  :   00011011;
	102FB  :   00011010;
	[102FC..102FD]  :   00011001;
	102FE  :   00011000;
	[102FF..10300]  :   00010111;
	10301  :   00011000;
	[10302..10303]  :   00010111;
	10304  :   00011001;
	10305  :   00011011;
	10306  :   00011010;
	10307  :   00010111;
	10308  :   00011000;
	[10309..1030A]  :   00011001;
	[1030B..1030C]  :   00010110;
	1030D  :   00011000;
	1030E  :   00011010;
	1030F  :   00011001;
	10310  :   00010101;
	[10311..10313]  :   00010110;
	10314  :   00010111;
	[10315..10319]  :   00011001;
	1031A  :   00011010;
	1031B  :   00011011;
	[1031C..1031D]  :   00011100;
	[1031E..1031F]  :   00011011;
	10320  :   00011010;
	10321  :   00011011;
	10322  :   00011101;
	[10323..10324]  :   00011110;
	[10325..10327]  :   00011101;
	10328  :   00011110;
	10329  :   00100000;
	1032A  :   00011111;
	1032B  :   00011011;
	1032C  :   00011010;
	1032D  :   00011000;
	1032E  :   00010111;
	1032F  :   00011000;
	10330  :   00011011;
	10331  :   00011010;
	10332  :   00011011;
	10333  :   00011101;
	[10334..10335]  :   00011111;
	10336  :   00011100;
	10337  :   00011010;
	[10338..10339]  :   00011101;
	[1033A..1033B]  :   00011100;
	1033C  :   00011101;
	1033D  :   00011010;
	1033E  :   00011000;
	1033F  :   00011001;
	10340  :   00011011;
	10341  :   00011010;
	10342  :   00011000;
	10343  :   00010111;
	10344  :   00011010;
	[10345..10346]  :   00011101;
	10347  :   00011010;
	10348  :   00011001;
	10349  :   00011100;
	1034A  :   00011101;
	[1034B..1034C]  :   00011010;
	[1034D..1034E]  :   00011100;
	1034F  :   00011011;
	10350  :   00011010;
	10351  :   00011100;
	10352  :   00011101;
	10353  :   00011010;
	10354  :   00010111;
	10355  :   00011001;
	10356  :   00011100;
	10357  :   00011110;
	10358  :   00011111;
	10359  :   00011110;
	[1035A..1035B]  :   00011101;
	1035C  :   00011111;
	1035D  :   00100000;
	1035E  :   00011111;
	1035F  :   00011110;
	[10360..10361]  :   00011101;
	10362  :   00011110;
	10363  :   00011101;
	10364  :   00011001;
	10365  :   00010110;
	10366  :   00010111;
	[10367..10368]  :   00011011;
	[10369..1036A]  :   00011000;
	1036B  :   00011010;
	[1036C..1036D]  :   00011000;
	1036E  :   00011011;
	[1036F..10371]  :   00011110;
	10372  :   00011101;
	10373  :   00011100;
	10374  :   00011011;
	10375  :   00011100;
	10376  :   00011110;
	10377  :   00011111;
	10378  :   00100000;
	10379  :   00100001;
	[1037A..1037B]  :   00100010;
	1037C  :   00100000;
	[1037D..1037E]  :   00011110;
	1037F  :   00011111;
	10380  :   00100000;
	[10381..10382]  :   00011110;
	[10383..10385]  :   00011111;
	10386  :   00100000;
	10387  :   00100010;
	10388  :   00100100;
	10389  :   00100001;
	1038A  :   00100000;
	1038B  :   00011111;
	[1038C..1038D]  :   00011110;
	1038E  :   00011111;
	1038F  :   00011101;
	10390  :   00011100;
	10391  :   00011101;
	10392  :   00011010;
	10393  :   00011000;
	10394  :   00011100;
	10395  :   00011101;
	10396  :   00011100;
	10397  :   00011110;
	10398  :   00011101;
	10399  :   00011110;
	1039A  :   00100001;
	1039B  :   00100010;
	[1039C..1039E]  :   00100001;
	1039F  :   00011111;
	[103A0..103A1]  :   00011101;
	103A2  :   00100000;
	103A3  :   00100100;
	103A4  :   00100101;
	103A5  :   00100100;
	103A6  :   00100011;
	103A7  :   00100100;
	103A8  :   00100111;
	[103A9..103AA]  :   00100100;
	103AB  :   00100111;
	103AC  :   00101001;
	103AD  :   00100110;
	103AE  :   00100001;
	103AF  :   00011110;
	[103B0..103B2]  :   00011101;
	103B3  :   00011100;
	[103B4..103B5]  :   00011010;
	[103B6..103B8]  :   00011100;
	103B9  :   00011011;
	103BA  :   00010111;
	103BB  :   00011001;
	103BC  :   00011101;
	103BD  :   00011001;
	103BE  :   00010111;
	103BF  :   00011110;
	103C0  :   00100001;
	103C1  :   00011110;
	103C2  :   00011011;
	103C3  :   00011101;
	103C4  :   00011111;
	[103C5..103C6]  :   00011110;
	103C7  :   00100001;
	103C8  :   00100111;
	103C9  :   00100110;
	[103CA..103CB]  :   00100100;
	103CC  :   00100110;
	103CD  :   00101000;
	103CE  :   00100111;
	103CF  :   00100101;
	[103D0..103D1]  :   00100100;
	103D2  :   00100011;
	103D3  :   00100101;
	103D4  :   00100111;
	103D5  :   00100101;
	103D6  :   00100010;
	[103D7..103D8]  :   00100011;
	103D9  :   00100111;
	103DA  :   00100110;
	103DB  :   00100011;
	103DC  :   00100101;
	103DD  :   00101000;
	103DE  :   00100111;
	103DF  :   00100101;
	103E0  :   00100011;
	103E1  :   00100100;
	103E2  :   00100000;
	103E3  :   00011111;
	103E4  :   00011100;
	103E5  :   00010111;
	[103E6..103E8]  :   00011010;
	103E9  :   00011100;
	[103EA..103EC]  :   00011101;
	103ED  :   00011111;
	[103EE..103EF]  :   00100000;
	103F0  :   00100001;
	103F1  :   00100100;
	[103F2..103F3]  :   00100101;
	[103F4..103F5]  :   00100110;
	[103F6..103F7]  :   00100101;
	103F8  :   00100010;
	[103F9..103FA]  :   00100101;
	103FB  :   00100010;
	103FC  :   00100001;
	[103FD..103FE]  :   00100011;
	103FF  :   00100010;
	10400  :   00010011;
	10401  :   00010100;
	10402  :   00010101;
	[10403..10404]  :   00010110;
	10405  :   00010111;
	[10406..10408]  :   00010110;
	[10409..1040A]  :   00010101;
	1040B  :   00010110;
	1040C  :   00010100;
	1040D  :   00010010;
	1040E  :   00010011;
	[1040F..10411]  :   00010101;
	10412  :   00010110;
	10413  :   00010111;
	[10414..10416]  :   00011001;
	[10417..1041B]  :   00011000;
	[1041C..1041D]  :   00011001;
	1041E  :   00011010;
	1041F  :   00011011;
	[10420..10421]  :   00011000;
	10422  :   00011010;
	10423  :   00011011;
	10424  :   00011001;
	10425  :   00010110;
	10426  :   00010101;
	10427  :   00010111;
	10428  :   00011000;
	10429  :   00010111;
	1042A  :   00010110;
	[1042B..1042C]  :   00010111;
	[1042D..1042F]  :   00010110;
	[10430..10431]  :   00010101;
	10432  :   00010100;
	10433  :   00010010;
	10434  :   00010011;
	10435  :   00010110;
	10436  :   00011000;
	10437  :   00010111;
	[10438..1043A]  :   00011001;
	[1043B..1043C]  :   00011000;
	1043D  :   00010111;
	[1043E..1043F]  :   00011000;
	10440  :   00011001;
	10441  :   00010111;
	[10442..10443]  :   00010101;
	10444  :   00010110;
	[10445..10446]  :   00011000;
	[10447..10448]  :   00010110;
	10449  :   00011000;
	1044A  :   00011001;
	[1044B..1044C]  :   00010110;
	1044D  :   00011000;
	1044E  :   00011010;
	1044F  :   00011001;
	10450  :   00010110;
	10451  :   00011000;
	[10452..10453]  :   00011010;
	[10454..10456]  :   00011000;
	10457  :   00011001;
	[10458..1045C]  :   00011010;
	[1045D..10460]  :   00011011;
	10461  :   00011001;
	10462  :   00011010;
	[10463..10464]  :   00011100;
	[10465..10466]  :   00011011;
	[10467..10468]  :   00011101;
	10469  :   00011100;
	[1046A..1046B]  :   00011011;
	1046C  :   00011010;
	1046D  :   00011001;
	1046E  :   00011000;
	[1046F..10470]  :   00011001;
	[10471..10472]  :   00011010;
	[10473..10475]  :   00011100;
	10476  :   00011010;
	10477  :   00011000;
	[10478..10479]  :   00011010;
	1047A  :   00011100;
	1047B  :   00011101;
	1047C  :   00011100;
	1047D  :   00011000;
	1047E  :   00010111;
	1047F  :   00011001;
	10480  :   00011000;
	10481  :   00011010;
	10482  :   00011100;
	10483  :   00011011;
	10484  :   00011010;
	[10485..10486]  :   00011011;
	[10487..10488]  :   00011000;
	10489  :   00011001;
	1048A  :   00011010;
	[1048B..1048C]  :   00011001;
	1048D  :   00011010;
	1048E  :   00011011;
	1048F  :   00011100;
	10490  :   00011010;
	10491  :   00011000;
	10492  :   00011001;
	10493  :   00011010;
	10494  :   00011000;
	10495  :   00011001;
	10496  :   00011011;
	10497  :   00011100;
	10498  :   00011111;
	[10499..1049A]  :   00011101;
	1049B  :   00100000;
	[1049C..1049D]  :   00100010;
	1049E  :   00100001;
	1049F  :   00100010;
	104A0  :   00100001;
	104A1  :   00100010;
	104A2  :   00100001;
	104A3  :   00011000;
	104A4  :   00001111;
	104A5  :   00001100;
	104A6  :   00001111;
	104A7  :   00010100;
	104A8  :   00011001;
	[104A9..104AA]  :   00011011;
	104AB  :   00011010;
	104AC  :   00011100;
	104AD  :   00011101;
	104AE  :   00011100;
	104AF  :   00011101;
	[104B0..104B1]  :   00011100;
	104B2  :   00011101;
	104B3  :   00011110;
	104B4  :   00011101;
	[104B5..104B6]  :   00011100;
	104B7  :   00011101;
	[104B8..104BB]  :   00100001;
	104BC  :   00011111;
	[104BD..104BF]  :   00011101;
	104C0  :   00011100;
	104C1  :   00011110;
	[104C2..104C3]  :   00011101;
	[104C4..104C5]  :   00011111;
	[104C6..104C7]  :   00011101;
	104C8  :   00011111;
	104C9  :   00011101;
	104CA  :   00011010;
	104CB  :   00011001;
	104CC  :   00010111;
	104CD  :   00010110;
	104CE  :   00011000;
	[104CF..104D0]  :   00011011;
	104D1  :   00011101;
	104D2  :   00011011;
	104D3  :   00011001;
	104D4  :   00011100;
	104D5  :   00011110;
	104D6  :   00011100;
	104D7  :   00011000;
	104D8  :   00011010;
	104D9  :   00011100;
	[104DA..104DB]  :   00011110;
	104DC  :   00011101;
	104DD  :   00011011;
	104DE  :   00011010;
	[104DF..104E0]  :   00011000;
	104E1  :   00011011;
	104E2  :   00011100;
	104E3  :   00011110;
	[104E4..104E5]  :   00100000;
	104E6  :   00100010;
	[104E7..104E9]  :   00011111;
	104EA  :   00100000;
	[104EB..104EC]  :   00100011;
	104ED  :   00100001;
	[104EE..104EF]  :   00011111;
	104F0  :   00100011;
	104F1  :   00011111;
	104F2  :   00011101;
	104F3  :   00100000;
	104F4  :   00100001;
	104F5  :   00011111;
	104F6  :   00011110;
	104F7  :   00011111;
	104F8  :   00011101;
	104F9  :   00011000;
	104FA  :   00010101;
	[104FB..104FD]  :   00010110;
	104FE  :   00010111;
	104FF  :   00011000;
	10500  :   00011110;
	10501  :   00011011;
	10502  :   00011001;
	10503  :   00011011;
	10504  :   00011100;
	10505  :   00011101;
	10506  :   00011111;
	10507  :   00100001;
	10508  :   00100101;
	10509  :   00100000;
	[1050A..1050B]  :   00011011;
	1050C  :   00011111;
	1050D  :   00100011;
	[1050E..1050F]  :   00100101;
	10510  :   00100111;
	10511  :   00100110;
	10512  :   00100100;
	10513  :   00100011;
	10514  :   00100111;
	10515  :   00101011;
	10516  :   00101001;
	10517  :   00100101;
	10518  :   00100100;
	10519  :   00100101;
	1051A  :   00100100;
	[1051B..1051C]  :   00100011;
	[1051D..1051E]  :   00100101;
	1051F  :   00100100;
	10520  :   00100010;
	10521  :   00100000;
	10522  :   00011111;
	10523  :   00011110;
	10524  :   00011100;
	10525  :   00011010;
	[10526..10528]  :   00011001;
	10529  :   00011000;
	[1052A..1052B]  :   00010111;
	1052C  :   00011000;
	1052D  :   00011001;
	[1052E..1052F]  :   00011010;
	10530  :   00011110;
	10531  :   00011011;
	10532  :   00011010;
	10533  :   00011101;
	[10534..10537]  :   00011111;
	10538  :   00011101;
	10539  :   00011011;
	1053A  :   00011010;
	1053B  :   00011011;
	1053C  :   00011100;
	[1053D..1053F]  :   00011101;
	[10540..10543]  :   00010011;
	[10544..10548]  :   00010100;
	10549  :   00010011;
	1054A  :   00010010;
	1054B  :   00010011;
	1054C  :   00010010;
	1054D  :   00010001;
	1054E  :   00010010;
	[1054F..10551]  :   00010100;
	[10552..10556]  :   00010101;
	10557  :   00010100;
	[10558..1055B]  :   00010101;
	1055C  :   00010110;
	[1055D..1055E]  :   00010111;
	1055F  :   00011000;
	[10560..10561]  :   00010111;
	10562  :   00011000;
	10563  :   00011001;
	10564  :   00010111;
	[10565..10566]  :   00010100;
	10567  :   00010110;
	10568  :   00010100;
	[10569..1056A]  :   00010011;
	1056B  :   00010100;
	1056C  :   00010101;
	1056D  :   00010100;
	[1056E..1056F]  :   00010011;
	10570  :   00010100;
	10571  :   00010101;
	10572  :   00010110;
	10573  :   00010101;
	10574  :   00010110;
	[10575..10576]  :   00011000;
	10577  :   00010110;
	10578  :   00010100;
	10579  :   00010101;
	[1057A..1057D]  :   00010110;
	[1057E..1057F]  :   00010111;
	10580  :   00011000;
	[10581..10582]  :   00010111;
	[10583..10586]  :   00010110;
	10587  :   00010101;
	10588  :   00010111;
	[10589..1058A]  :   00011000;
	[1058B..1058C]  :   00010111;
	1058D  :   00011000;
	1058E  :   00011001;
	1058F  :   00011000;
	10590  :   00010111;
	10591  :   00011000;
	[10592..10594]  :   00011001;
	10595  :   00011000;
	[10596..10597]  :   00010111;
	10598  :   00011000;
	[10599..1059A]  :   00011001;
	[1059B..1059F]  :   00011010;
	105A0  :   00011001;
	[105A1..105A2]  :   00011000;
	[105A3..105A4]  :   00011010;
	105A5  :   00011001;
	105A6  :   00011010;
	105A7  :   00011011;
	105A8  :   00011101;
	[105A9..105AB]  :   00011100;
	105AC  :   00011011;
	[105AD..105AE]  :   00011010;
	105AF  :   00011011;
	105B0  :   00010111;
	105B1  :   00011000;
	105B2  :   00011001;
	105B3  :   00011011;
	[105B4..105B5]  :   00011100;
	105B6  :   00011011;
	105B7  :   00011010;
	[105B8..105B9]  :   00011001;
	105BA  :   00011010;
	105BB  :   00011011;
	105BC  :   00011010;
	[105BD..105BE]  :   00011000;
	105BF  :   00011010;
	105C0  :   00011001;
	105C1  :   00011010;
	[105C2..105C3]  :   00011100;
	105C4  :   00011011;
	105C5  :   00011100;
	105C6  :   00011101;
	105C7  :   00011011;
	[105C8..105CA]  :   00011100;
	[105CB..105CC]  :   00011011;
	[105CD..105CF]  :   00011100;
	105D0  :   00011010;
	105D1  :   00011001;
	105D2  :   00011010;
	105D3  :   00011011;
	105D4  :   00011010;
	105D5  :   00011011;
	105D6  :   00011100;
	105D7  :   00011101;
	105D8  :   00011110;
	[105D9..105DA]  :   00011101;
	105DB  :   00100000;
	105DC  :   00100010;
	105DD  :   00100001;
	105DE  :   00011111;
	105DF  :   00011110;
	[105E0..105E1]  :   00011111;
	105E2  :   00011100;
	105E3  :   00010101;
	105E4  :   00001110;
	105E5  :   00001011;
	105E6  :   00001110;
	105E7  :   00010010;
	[105E8..105E9]  :   00011010;
	105EA  :   00011001;
	105EB  :   00011011;
	105EC  :   00011101;
	105ED  :   00011100;
	105EE  :   00011011;
	105EF  :   00011100;
	105F0  :   00011011;
	[105F1..105F3]  :   00011001;
	105F4  :   00011010;
	105F5  :   00011011;
	105F6  :   00011100;
	[105F7..105F8]  :   00011101;
	105F9  :   00011110;
	105FA  :   00011111;
	105FB  :   00100000;
	105FC  :   00011111;
	105FD  :   00011101;
	[105FE..105FF]  :   00011100;
	10600  :   00011011;
	[10601..10602]  :   00011010;
	10603  :   00011100;
	10604  :   00011110;
	10605  :   00011101;
	10606  :   00011011;
	10607  :   00011101;
	10608  :   00011111;
	10609  :   00011101;
	1060A  :   00011100;
	1060B  :   00011011;
	1060C  :   00011001;
	1060D  :   00011000;
	1060E  :   00011001;
	1060F  :   00011101;
	10610  :   00011001;
	10611  :   00011010;
	10612  :   00011000;
	10613  :   00010111;
	10614  :   00011010;
	10615  :   00011011;
	10616  :   00011000;
	10617  :   00010111;
	10618  :   00011011;
	10619  :   00011100;
	1061A  :   00011101;
	1061B  :   00011100;
	1061C  :   00011011;
	[1061D..1061E]  :   00011010;
	1061F  :   00011001;
	10620  :   00011000;
	[10621..10622]  :   00011011;
	10623  :   00011111;
	[10624..10626]  :   00100001;
	10627  :   00011110;
	10628  :   00011101;
	10629  :   00011110;
	1062A  :   00100000;
	1062B  :   00100001;
	1062C  :   00011111;
	1062D  :   00011100;
	1062E  :   00011011;
	1062F  :   00011101;
	10630  :   00100100;
	10631  :   00100000;
	10632  :   00011110;
	[10633..10634]  :   00011111;
	10635  :   00011110;
	10636  :   00011101;
	10637  :   00011110;
	10638  :   00100001;
	10639  :   00011101;
	1063A  :   00011100;
	1063B  :   00011101;
	[1063C..1063D]  :   00011100;
	1063E  :   00011011;
	[1063F..10640]  :   00011010;
	10641  :   00011011;
	10642  :   00011100;
	[10643..10644]  :   00011101;
	[10645..10646]  :   00011100;
	10647  :   00011011;
	[10648..10649]  :   00011010;
	1064A  :   00011011;
	1064B  :   00011100;
	1064C  :   00100000;
	1064D  :   00100010;
	1064E  :   00100001;
	1064F  :   00011111;
	10650  :   00100100;
	10651  :   00100011;
	10652  :   00100001;
	10653  :   00011111;
	10654  :   00100001;
	10655  :   00100101;
	10656  :   00100110;
	10657  :   00100100;
	10658  :   00100010;
	[10659..1065A]  :   00100011;
	1065B  :   00100010;
	1065C  :   00100011;
	1065D  :   00100101;
	1065E  :   00100100;
	1065F  :   00100011;
	10660  :   00100100;
	10661  :   00100001;
	10662  :   00011111;
	10663  :   00011110;
	[10664..10665]  :   00011101;
	10666  :   00011100;
	10667  :   00011011;
	[10668..10669]  :   00011101;
	[1066A..1066C]  :   00011100;
	[1066D..1066E]  :   00011011;
	1066F  :   00011010;
	[10670..10672]  :   00011000;
	10673  :   00011001;
	10674  :   00011011;
	10675  :   00011101;
	10676  :   00011100;
	10677  :   00011011;
	10678  :   00010110;
	10679  :   00010101;
	1067A  :   00010100;
	1067B  :   00010101;
	[1067C..1067D]  :   00010111;
	[1067E..1067F]  :   00011000;
	[10680..10681]  :   00010011;
	10682  :   00010010;
	[10683..10685]  :   00010001;
	[10686..10687]  :   00010010;
	10688  :   00010011;
	[10689..1068B]  :   00010001;
	1068C  :   00010010;
	1068D  :   00010001;
	1068E  :   00010010;
	[1068F..10693]  :   00010100;
	[10694..10695]  :   00010011;
	[10696..10697]  :   00010010;
	10698  :   00010100;
	[10699..1069A]  :   00010011;
	[1069B..1069C]  :   00010100;
	[1069D..106A2]  :   00010101;
	106A3  :   00010110;
	106A4  :   00010101;
	[106A5..106A6]  :   00010011;
	106A7  :   00010100;
	106A8  :   00010011;
	106A9  :   00010010;
	106AA  :   00010011;
	[106AB..106AC]  :   00010100;
	[106AD..106AE]  :   00010011;
	106AF  :   00010010;
	106B0  :   00010100;
	106B1  :   00010101;
	[106B2..106B3]  :   00010110;
	106B4  :   00010111;
	106B5  :   00011000;
	106B6  :   00010111;
	106B7  :   00010101;
	106B8  :   00010011;
	106B9  :   00010100;
	[106BA..106BC]  :   00010101;
	[106BD..106BF]  :   00010100;
	106C0  :   00010101;
	106C1  :   00010111;
	[106C2..106C3]  :   00011000;
	[106C4..106C7]  :   00010111;
	[106C8..106CB]  :   00011000;
	[106CC..106CF]  :   00011001;
	106D0  :   00010111;
	106D1  :   00010110;
	106D2  :   00010111;
	[106D3..106D5]  :   00011000;
	106D6  :   00010101;
	106D7  :   00010011;
	106D8  :   00010101;
	106D9  :   00010110;
	106DA  :   00011000;
	[106DB..106E0]  :   00011001;
	[106E1..106E2]  :   00011000;
	[106E3..106E4]  :   00011010;
	[106E5..106E6]  :   00011001;
	106E7  :   00011010;
	[106E8..106E9]  :   00011011;
	106EA  :   00011100;
	106EB  :   00011101;
	106EC  :   00011100;
	[106ED..106EE]  :   00011011;
	106EF  :   00011100;
	[106F0..106F1]  :   00011001;
	106F2  :   00011010;
	106F3  :   00011100;
	106F4  :   00011101;
	106F5  :   00011110;
	106F6  :   00011101;
	106F7  :   00011100;
	106F8  :   00011011;
	106F9  :   00011010;
	106FA  :   00011011;
	106FB  :   00011100;
	106FC  :   00011011;
	[106FD..106FE]  :   00011001;
	[106FF..10700]  :   00011010;
	10701  :   00011011;
	10702  :   00011101;
	10703  :   00011100;
	10704  :   00011010;
	10705  :   00011100;
	10706  :   00011101;
	10707  :   00011100;
	10708  :   00011101;
	10709  :   00011100;
	1070A  :   00011010;
	1070B  :   00011001;
	1070C  :   00011010;
	[1070D..1070E]  :   00011011;
	1070F  :   00011010;
	10710  :   00011001;
	10711  :   00011000;
	10712  :   00011010;
	10713  :   00011011;
	[10714..10715]  :   00011010;
	10716  :   00011100;
	[10717..10718]  :   00011011;
	[10719..1071A]  :   00011100;
	1071B  :   00011110;
	1071C  :   00100000;
	1071D  :   00011111;
	1071E  :   00011100;
	1071F  :   00011001;
	[10720..10721]  :   00011010;
	10722  :   00011000;
	10723  :   00010100;
	[10724..10725]  :   00010001;
	10726  :   00010011;
	10727  :   00010101;
	10728  :   00010111;
	10729  :   00010101;
	1072A  :   00010100;
	1072B  :   00010111;
	1072C  :   00011011;
	1072D  :   00011001;
	1072E  :   00010111;
	1072F  :   00011001;
	10730  :   00011011;
	10731  :   00011001;
	10732  :   00010111;
	10733  :   00011000;
	10734  :   00011010;
	[10735..10736]  :   00011011;
	10737  :   00011100;
	10738  :   00011010;
	10739  :   00011100;
	1073A  :   00011110;
	1073B  :   00011111;
	1073C  :   00011110;
	[1073D..1073F]  :   00011101;
	10740  :   00011100;
	10741  :   00011001;
	10742  :   00011000;
	10743  :   00011010;
	10744  :   00011110;
	10745  :   00011100;
	10746  :   00011011;
	10747  :   00011101;
	10748  :   00011110;
	[10749..1074B]  :   00011101;
	1074C  :   00011100;
	1074D  :   00011011;
	1074E  :   00011100;
	1074F  :   00011111;
	[10750..10751]  :   00011100;
	10752  :   00011010;
	10753  :   00011011;
	10754  :   00011101;
	10755  :   00011011;
	10756  :   00011001;
	10757  :   00011011;
	10758  :   00011100;
	10759  :   00011101;
	1075A  :   00011110;
	1075B  :   00011101;
	1075C  :   00011100;
	1075D  :   00011011;
	1075E  :   00011010;
	1075F  :   00011001;
	10760  :   00011010;
	10761  :   00011011;
	10762  :   00011010;
	10763  :   00011101;
	[10764..10766]  :   00100000;
	10767  :   00011100;
	10768  :   00011010;
	10769  :   00011100;
	1076A  :   00011111;
	1076B  :   00011110;
	1076C  :   00011010;
	1076D  :   00010111;
	1076E  :   00011000;
	[1076F..10770]  :   00011100;
	10771  :   00011010;
	10772  :   00011000;
	10773  :   00011001;
	[10774..10775]  :   00011010;
	[10776..10777]  :   00011011;
	10778  :   00100000;
	10779  :   00011110;
	1077A  :   00011111;
	[1077B..1077D]  :   00100001;
	1077E  :   00100000;
	1077F  :   00011100;
	10780  :   00011001;
	10781  :   00011100;
	10782  :   00011101;
	10783  :   00011011;
	[10784..10786]  :   00011001;
	10787  :   00011000;
	10788  :   00010101;
	10789  :   00011000;
	1078A  :   00011011;
	1078B  :   00011101;
	1078C  :   00100001;
	1078D  :   00100100;
	1078E  :   00100011;
	1078F  :   00100000;
	10790  :   00011111;
	10791  :   00100000;
	10792  :   00011111;
	[10793..10794]  :   00011100;
	10795  :   00011111;
	10796  :   00100001;
	10797  :   00100000;
	10798  :   00100001;
	[10799..1079C]  :   00100010;
	[1079D..1079E]  :   00100011;
	1079F  :   00100001;
	107A0  :   00100101;
	107A1  :   00100100;
	107A2  :   00100010;
	107A3  :   00100001;
	107A4  :   00100011;
	107A5  :   00100100;
	107A6  :   00100010;
	[107A7..107A8]  :   00100000;
	107A9  :   00100001;
	107AA  :   00100010;
	107AB  :   00100001;
	107AC  :   00011111;
	107AD  :   00011101;
	[107AE..107AF]  :   00011011;
	107B0  :   00011000;
	107B1  :   00011010;
	107B2  :   00011011;
	[107B3..107B4]  :   00011010;
	107B5  :   00011011;
	107B6  :   00011001;
	107B7  :   00010111;
	107B8  :   00010100;
	107B9  :   00010011;
	107BA  :   00010010;
	107BB  :   00010011;
	107BC  :   00010100;
	[107BD..107BE]  :   00010101;
	107BF  :   00010110;
	107C0  :   00010100;
	107C1  :   00010011;
	107C2  :   00010010;
	107C3  :   00010001;
	[107C4..107C5]  :   00010000;
	[107C6..107C7]  :   00010001;
	107C8  :   00010010;
	107C9  :   00010001;
	107CA  :   00010000;
	107CB  :   00010001;
	[107CC..107CD]  :   00010010;
	107CE  :   00010011;
	107CF  :   00010100;
	[107D0..107D2]  :   00010011;
	[107D3..107D4]  :   00010010;
	107D5  :   00010001;
	[107D6..107D7]  :   00010010;
	[107D8..107DB]  :   00010100;
	[107DC..107DD]  :   00010011;
	[107DE..107DF]  :   00010100;
	[107E0..107E2]  :   00010011;
	[107E3..107E5]  :   00010100;
	107E6  :   00010011;
	107E7  :   00010100;
	107E8  :   00010101;
	[107E9..107EA]  :   00010100;
	[107EB..107EC]  :   00010101;
	[107ED..107EE]  :   00010100;
	107EF  :   00010011;
	[107F0..107F1]  :   00010101;
	[107F2..107F4]  :   00010100;
	[107F5..107F6]  :   00010101;
	107F7  :   00010100;
	107F8  :   00010011;
	107F9  :   00010100;
	107FA  :   00010101;
	107FB  :   00010110;
	107FC  :   00010101;
	[107FD..107FF]  :   00010100;
	10800  :   00010101;
	10801  :   00010111;
	10802  :   00011000;
	10803  :   00011001;
	[10804..10805]  :   00011000;
	[10806..10807]  :   00011001;
	[10808..10809]  :   00010111;
	1080A  :   00011000;
	1080B  :   00011001;
	1080C  :   00011010;
	[1080D..1080F]  :   00011000;
	10810  :   00010111;
	[10811..10813]  :   00010110;
	[10814..10815]  :   00010111;
	10816  :   00010100;
	10817  :   00010010;
	10818  :   00010011;
	10819  :   00010101;
	1081A  :   00010110;
	[1081B..1081E]  :   00010111;
	1081F  :   00011000;
	10820  :   00011010;
	[10821..10822]  :   00011001;
	[10823..10824]  :   00011010;
	[10825..10826]  :   00011001;
	10827  :   00011010;
	[10828..10829]  :   00011001;
	1082A  :   00011010;
	[1082B..1082C]  :   00011011;
	[1082D..1082F]  :   00011010;
	[10830..10831]  :   00011100;
	[10832..10833]  :   00011101;
	[10834..10835]  :   00011110;
	[10836..10837]  :   00011101;
	[10838..10839]  :   00011100;
	1083A  :   00011101;
	1083B  :   00011110;
	1083C  :   00011100;
	1083D  :   00011010;
	[1083E..1083F]  :   00011001;
	[10840..10841]  :   00011010;
	10842  :   00011011;
	10843  :   00011010;
	10844  :   00010111;
	10845  :   00011001;
	[10846..10847]  :   00011011;
	[10848..10849]  :   00011001;
	1084A  :   00011000;
	1084B  :   00010111;
	1084C  :   00011000;
	[1084D..10850]  :   00011001;
	10851  :   00011000;
	[10852..10853]  :   00011010;
	10854  :   00011001;
	10855  :   00011000;
	[10856..10858]  :   00011001;
	[10859..1085B]  :   00011011;
	1085C  :   00011101;
	1085D  :   00011110;
	1085E  :   00011010;
	1085F  :   00010101;
	10860  :   00010111;
	[10861..10862]  :   00011000;
	10863  :   00010111;
	10864  :   00010110;
	10865  :   00010111;
	10866  :   00011000;
	10867  :   00011001;
	10868  :   00010111;
	10869  :   00010110;
	1086A  :   00010101;
	1086B  :   00010111;
	1086C  :   00011010;
	1086D  :   00011001;
	1086E  :   00011000;
	1086F  :   00011010;
	10870  :   00011011;
	10871  :   00011001;
	10872  :   00011000;
	10873  :   00011001;
	10874  :   00011010;
	10875  :   00011011;
	[10876..10877]  :   00011010;
	10878  :   00011011;
	[10879..1087A]  :   00011100;
	[1087B..1087D]  :   00011101;
	1087E  :   00011100;
	1087F  :   00011011;
	10880  :   00011100;
	10881  :   00011010;
	10882  :   00011001;
	10883  :   00011010;
	[10884..10885]  :   00011100;
	10886  :   00011011;
	10887  :   00011101;
	[10888..10889]  :   00011100;
	1088A  :   00011101;
	1088B  :   00011110;
	1088C  :   00011111;
	[1088D..1088E]  :   00011110;
	1088F  :   00100000;
	[10890..10891]  :   00011111;
	10892  :   00011110;
	10893  :   00011111;
	10894  :   00100000;
	10895  :   00011110;
	10896  :   00011100;
	[10897..10898]  :   00011101;
	10899  :   00011111;
	[1089A..1089B]  :   00100000;
	1089C  :   00011110;
	1089D  :   00011100;
	1089E  :   00011010;
	1089F  :   00011001;
	108A0  :   00011011;
	108A1  :   00011010;
	108A2  :   00010111;
	108A3  :   00011001;
	108A4  :   00011011;
	[108A5..108A6]  :   00011100;
	108A7  :   00011001;
	108A8  :   00010101;
	108A9  :   00010110;
	[108AA..108AB]  :   00011000;
	108AC  :   00010110;
	108AD  :   00010101;
	108AE  :   00010111;
	108AF  :   00011011;
	[108B0..108B1]  :   00011001;
	[108B2..108B3]  :   00011000;
	108B4  :   00011010;
	108B5  :   00011100;
	[108B6..108B7]  :   00011101;
	108B8  :   00011001;
	108B9  :   00011010;
	108BA  :   00011101;
	108BB  :   00011111;
	108BC  :   00100000;
	108BD  :   00100010;
	108BE  :   00100001;
	108BF  :   00011110;
	108C0  :   00011101;
	[108C1..108C2]  :   00011111;
	108C3  :   00011101;
	108C4  :   00011011;
	108C5  :   00011010;
	[108C6..108C7]  :   00011011;
	108C8  :   00010111;
	108C9  :   00011000;
	[108CA..108CB]  :   00010111;
	108CC  :   00011001;
	108CD  :   00011111;
	108CE  :   00100001;
	[108CF..108D0]  :   00011111;
	[108D1..108D2]  :   00100001;
	108D3  :   00100000;
	[108D4..108D5]  :   00011111;
	108D6  :   00100000;
	108D7  :   00011111;
	108D8  :   00100000;
	108D9  :   00100001;
	108DA  :   00100000;
	[108DB..108DF]  :   00011111;
	[108E0..108E2]  :   00100000;
	108E3  :   00100001;
	108E4  :   00100011;
	108E5  :   00100101;
	108E6  :   00100011;
	108E7  :   00100000;
	108E8  :   00011111;
	108E9  :   00100001;
	[108EA..108EB]  :   00100011;
	108EC  :   00100000;
	108ED  :   00011101;
	108EE  :   00011100;
	[108EF..108F0]  :   00011011;
	[108F1..108F2]  :   00011101;
	108F3  :   00011100;
	108F4  :   00011010;
	108F5  :   00011001;
	108F6  :   00011000;
	[108F7..108F8]  :   00010110;
	108F9  :   00010100;
	[108FA..108FC]  :   00010011;
	[108FD..108FE]  :   00010100;
	108FF  :   00010101;
	[10900..10908]  :   00010001;
	[10909..1090A]  :   00010000;
	1090B  :   00010001;
	[1090C..1090E]  :   00010010;
	[1090F..10912]  :   00010001;
	[10913..10916]  :   00010000;
	10917  :   00010001;
	[10918..10919]  :   00010011;
	[1091A..1091F]  :   00010010;
	[10920..10921]  :   00010001;
	10922  :   00010010;
	10923  :   00010011;
	10924  :   00010100;
	[10925..10926]  :   00010011;
	10927  :   00010010;
	[10928..1092B]  :   00010011;
	1092C  :   00010100;
	[1092D..10930]  :   00010101;
	10931  :   00010100;
	10932  :   00010011;
	[10933..10934]  :   00010010;
	10935  :   00010100;
	[10936..10937]  :   00010101;
	10938  :   00010010;
	10939  :   00010011;
	1093A  :   00010100;
	[1093B..1093D]  :   00010101;
	[1093E..10940]  :   00010110;
	[10941..10945]  :   00010111;
	[10946..10947]  :   00010110;
	10948  :   00010111;
	[10949..1094A]  :   00011000;
	1094B  :   00011001;
	1094C  :   00011000;
	[1094D..1094E]  :   00010110;
	1094F  :   00010111;
	[10950..10951]  :   00010110;
	10952  :   00010101;
	10953  :   00010110;
	10954  :   00010111;
	10955  :   00011000;
	10956  :   00010110;
	10957  :   00010101;
	10958  :   00010100;
	10959  :   00010101;
	[1095A..1095B]  :   00010110;
	[1095C..1095E]  :   00010101;
	1095F  :   00010110;
	[10960..10963]  :   00011000;
	[10964..10967]  :   00011001;
	[10968..10969]  :   00011000;
	1096A  :   00011001;
	1096B  :   00011010;
	1096C  :   00011001;
	[1096D..1096F]  :   00011000;
	[10970..10971]  :   00011100;
	[10972..1097B]  :   00011011;
	1097C  :   00011010;
	1097D  :   00011001;
	[1097E..1097F]  :   00011000;
	[10980..10981]  :   00010111;
	10982  :   00011000;
	10983  :   00010111;
	10984  :   00010101;
	10985  :   00010110;
	[10986..10987]  :   00011000;
	10988  :   00010110;
	10989  :   00011000;
	1098A  :   00011001;
	[1098B..1098D]  :   00011000;
	1098E  :   00011001;
	[1098F..10990]  :   00011010;
	[10991..10992]  :   00011001;
	10993  :   00011010;
	[10994..10995]  :   00011000;
	10996  :   00011001;
	10997  :   00011000;
	10998  :   00011001;
	[10999..1099B]  :   00011010;
	1099C  :   00011011;
	1099D  :   00011101;
	1099E  :   00011010;
	1099F  :   00010110;
	109A0  :   00011001;
	[109A1..109A2]  :   00011010;
	109A3  :   00011000;
	109A4  :   00010111;
	[109A5..109A6]  :   00011000;
	109A7  :   00011001;
	109A8  :   00010111;
	109A9  :   00011001;
	109AA  :   00011000;
	109AB  :   00010111;
	109AC  :   00011000;
	[109AD..109AE]  :   00011001;
	[109AF..109B0]  :   00011010;
	109B1  :   00011001;
	[109B2..109B4]  :   00010111;
	[109B5..109B6]  :   00011000;
	109B7  :   00011001;
	[109B8..109B9]  :   00011100;
	[109BA..109BD]  :   00011011;
	109BE  :   00010111;
	109BF  :   00010100;
	109C0  :   00010111;
	[109C1..109C2]  :   00011010;
	109C3  :   00011001;
	109C4  :   00011010;
	109C5  :   00011011;
	[109C6..109C7]  :   00011010;
	109C8  :   00011011;
	109C9  :   00011010;
	109CA  :   00011011;
	109CB  :   00011101;
	[109CC..109CD]  :   00011110;
	[109CE..109D0]  :   00011101;
	109D1  :   00011111;
	109D2  :   00011110;
	109D3  :   00011101;
	[109D4..109D5]  :   00011111;
	[109D6..109D7]  :   00011101;
	109D8  :   00011110;
	109D9  :   00100000;
	109DA  :   00100001;
	109DB  :   00100000;
	109DC  :   00011110;
	109DD  :   00011101;
	[109DE..109E0]  :   00011100;
	109E1  :   00011010;
	109E2  :   00010110;
	109E3  :   00011000;
	109E4  :   00011010;
	[109E5..109E6]  :   00011001;
	109E7  :   00010101;
	109E8  :   00010001;
	[109E9..109EA]  :   00010000;
	109EB  :   00010010;
	109EC  :   00010011;
	109ED  :   00010101;
	109EE  :   00011000;
	109EF  :   00011011;
	[109F0..109F2]  :   00011101;
	109F3  :   00011100;
	[109F4..109F5]  :   00011101;
	109F6  :   00011110;
	109F7  :   00011101;
	109F8  :   00011000;
	109F9  :   00011001;
	109FA  :   00011100;
	109FB  :   00011101;
	109FC  :   00011100;
	[109FD..109FE]  :   00011110;
	109FF  :   00011101;
	[10A00..10A01]  :   00011110;
	10A02  :   00100000;
	[10A03..10A04]  :   00100001;
	10A05  :   00011110;
	[10A06..10A07]  :   00011101;
	10A08  :   00011110;
	10A09  :   00011100;
	10A0A  :   00010111;
	10A0B  :   00010100;
	10A0C  :   00010101;
	10A0D  :   00011001;
	[10A0E..10A10]  :   00011011;
	10A11  :   00011101;
	[10A12..10A13]  :   00011110;
	[10A14..10A15]  :   00011101;
	10A16  :   00011100;
	10A17  :   00011011;
	10A18  :   00011110;
	10A19  :   00011101;
	10A1A  :   00011100;
	[10A1B..10A1D]  :   00011010;
	[10A1E..10A1F]  :   00011011;
	10A20  :   00011000;
	[10A21..10A22]  :   00011001;
	10A23  :   00011010;
	10A24  :   00011011;
	10A25  :   00011100;
	10A26  :   00011011;
	10A27  :   00011010;
	10A28  :   00011101;
	10A29  :   00011111;
	[10A2A..10A2B]  :   00100000;
	10A2C  :   00011110;
	10A2D  :   00011101;
	[10A2E..10A2F]  :   00011100;
	[10A30..10A31]  :   00011001;
	[10A32..10A33]  :   00011010;
	10A34  :   00011001;
	[10A35..10A36]  :   00010110;
	[10A37..10A38]  :   00010111;
	10A39  :   00010101;
	10A3A  :   00010100;
	10A3B  :   00010011;
	[10A3C..10A3D]  :   00010010;
	10A3E  :   00010011;
	10A3F  :   00010100;
	10A40  :   00001101;
	[10A41..10A42]  :   00001110;
	10A43  :   00001111;
	[10A44..10A45]  :   00010000;
	[10A46..10A47]  :   00010001;
	[10A48..10A49]  :   00010000;
	10A4A  :   00001111;
	[10A4B..10A4C]  :   00010000;
	10A4D  :   00010001;
	10A4E  :   00010000;
	10A4F  :   00001111;
	[10A50..10A51]  :   00010000;
	[10A52..10A56]  :   00001111;
	[10A57..10A60]  :   00010000;
	[10A61..10A62]  :   00010001;
	[10A63..10A65]  :   00010010;
	10A66  :   00010001;
	[10A67..10A6B]  :   00010000;
	10A6C  :   00010010;
	10A6D  :   00010100;
	[10A6E..10A6F]  :   00010101;
	10A70  :   00010011;
	[10A71..10A73]  :   00010010;
	10A74  :   00010011;
	[10A75..10A77]  :   00010100;
	[10A78..10A79]  :   00010010;
	[10A7A..10A7D]  :   00010011;
	10A7E  :   00010100;
	[10A7F..10A84]  :   00010101;
	[10A85..10A86]  :   00010110;
	10A87  :   00010101;
	10A88  :   00011000;
	[10A89..10A8A]  :   00011001;
	10A8B  :   00011000;
	10A8C  :   00010110;
	10A8D  :   00010101;
	[10A8E..10A8F]  :   00010110;
	[10A90..10A91]  :   00010101;
	10A92  :   00010100;
	10A93  :   00010101;
	10A94  :   00010111;
	10A95  :   00011000;
	10A96  :   00011001;
	10A97  :   00011000;
	10A98  :   00010101;
	[10A99..10A9A]  :   00010110;
	10A9B  :   00010101;
	[10A9C..10A9E]  :   00010100;
	10A9F  :   00010101;
	[10AA0..10AA2]  :   00010110;
	10AA3  :   00010111;
	10AA4  :   00011000;
	[10AA5..10AA7]  :   00011001;
	[10AA8..10AAA]  :   00011000;
	[10AAB..10AAC]  :   00011001;
	10AAD  :   00011000;
	[10AAE..10AB2]  :   00010111;
	10AB3  :   00010110;
	[10AB4..10AB5]  :   00010111;
	[10AB6..10AB7]  :   00011000;
	10AB8  :   00011001;
	[10AB9..10ABA]  :   00011000;
	10ABB  :   00010111;
	10ABC  :   00010110;
	[10ABD..10ABF]  :   00010111;
	[10AC0..10AC1]  :   00010110;
	[10AC2..10AC3]  :   00010111;
	10AC4  :   00010101;
	10AC5  :   00010110;
	[10AC6..10AC7]  :   00011000;
	10AC8  :   00010110;
	10AC9  :   00011001;
	10ACA  :   00011011;
	10ACB  :   00011010;
	[10ACC..10ACD]  :   00011000;
	10ACE  :   00011001;
	10ACF  :   00011011;
	10AD0  :   00011010;
	10AD1  :   00011001;
	10AD2  :   00011010;
	10AD3  :   00011011;
	[10AD4..10AD5]  :   00011001;
	10AD6  :   00011010;
	[10AD7..10ADA]  :   00011001;
	10ADB  :   00010111;
	10ADC  :   00011001;
	10ADD  :   00011011;
	10ADE  :   00011010;
	10ADF  :   00011000;
	10AE0  :   00011101;
	10AE1  :   00011100;
	10AE2  :   00011011;
	10AE3  :   00011000;
	10AE4  :   00010111;
	10AE5  :   00011000;
	10AE6  :   00011001;
	10AE7  :   00011010;
	10AE8  :   00010111;
	[10AE9..10AEA]  :   00011010;
	10AEB  :   00010111;
	[10AEC..10AEE]  :   00010110;
	10AEF  :   00010111;
	10AF0  :   00011001;
	10AF1  :   00010111;
	10AF2  :   00010101;
	[10AF3..10AF4]  :   00010100;
	10AF5  :   00010110;
	10AF6  :   00011000;
	[10AF7..10AF9]  :   00011011;
	[10AFA..10AFC]  :   00011010;
	10AFD  :   00011001;
	10AFE  :   00010100;
	10AFF  :   00001111;
	10B00  :   00010010;
	10B01  :   00011000;
	10B02  :   00011010;
	10B03  :   00011001;
	10B04  :   00011010;
	10B05  :   00011011;
	10B06  :   00011001;
	10B07  :   00011000;
	10B08  :   00011010;
	[10B09..10B0B]  :   00011001;
	10B0C  :   00011010;
	[10B0D..10B0E]  :   00011011;
	10B0F  :   00011010;
	10B10  :   00011011;
	10B11  :   00011101;
	10B12  :   00011100;
	10B13  :   00011011;
	10B14  :   00011111;
	10B15  :   00100000;
	10B16  :   00011110;
	10B17  :   00011101;
	10B18  :   00011110;
	[10B19..10B1A]  :   00011111;
	10B1B  :   00011110;
	[10B1C..10B1D]  :   00011101;
	[10B1E..10B20]  :   00011110;
	10B21  :   00011101;
	10B22  :   00011010;
	10B23  :   00011101;
	10B24  :   00011110;
	10B25  :   00011100;
	10B26  :   00011011;
	10B27  :   00011000;
	10B28  :   00010011;
	10B29  :   00010001;
	10B2A  :   00010000;
	10B2B  :   00010010;
	10B2C  :   00010100;
	10B2D  :   00010110;
	10B2E  :   00011001;
	10B2F  :   00011011;
	10B30  :   00011101;
	[10B31..10B32]  :   00011100;
	10B33  :   00011101;
	[10B34..10B36]  :   00011100;
	10B37  :   00011101;
	[10B38..10B39]  :   00011100;
	[10B3A..10B3B]  :   00011101;
	[10B3C..10B3E]  :   00011011;
	10B3F  :   00011010;
	10B40  :   00011011;
	10B41  :   00011001;
	10B42  :   00011010;
	10B43  :   00011100;
	10B44  :   00011101;
	[10B45..10B46]  :   00011100;
	10B47  :   00011110;
	10B48  :   00011111;
	10B49  :   00011100;
	10B4A  :   00011000;
	10B4B  :   00010110;
	10B4C  :   00010111;
	[10B4D..10B4F]  :   00011000;
	[10B50..10B51]  :   00010110;
	[10B52..10B54]  :   00010111;
	[10B55..10B57]  :   00011000;
	10B58  :   00011011;
	10B59  :   00011010;
	10B5A  :   00011001;
	[10B5B..10B5C]  :   00011000;
	10B5D  :   00011001;
	10B5E  :   00011010;
	10B5F  :   00011011;
	10B60  :   00011001;
	10B61  :   00011000;
	10B62  :   00010111;
	10B63  :   00010110;
	[10B64..10B65]  :   00010101;
	10B66  :   00010110;
	10B67  :   00010111;
	10B68  :   00011000;
	10B69  :   00011010;
	[10B6A..10B6B]  :   00011011;
	10B6C  :   00011010;
	10B6D  :   00011001;
	[10B6E..10B70]  :   00011010;
	[10B71..10B73]  :   00011001;
	10B74  :   00011000;
	[10B75..10B76]  :   00010101;
	10B77  :   00010111;
	10B78  :   00011000;
	10B79  :   00010111;
	10B7A  :   00010110;
	10B7B  :   00010101;
	[10B7C..10B7F]  :   00010100;
	10B80  :   00001011;
	[10B81..10B82]  :   00001100;
	10B83  :   00001101;
	10B84  :   00001110;
	[10B85..10B87]  :   00001111;
	10B88  :   00001110;
	[10B89..10B8A]  :   00001111;
	10B8B  :   00001110;
	[10B8C..10B8E]  :   00001111;
	10B8F  :   00001110;
	[10B90..10B92]  :   00001111;
	10B93  :   00001110;
	[10B94..10B99]  :   00001111;
	[10B9A..10BA0]  :   00010000;
	[10BA1..10BA5]  :   00010001;
	[10BA6..10BAB]  :   00010000;
	10BAC  :   00010001;
	10BAD  :   00010011;
	10BAE  :   00010100;
	10BAF  :   00010011;
	[10BB0..10BB2]  :   00010010;
	[10BB3..10BB5]  :   00010011;
	[10BB6..10BBB]  :   00010010;
	[10BBC..10BBD]  :   00010001;
	[10BBE..10BBF]  :   00010010;
	10BC0  :   00010100;
	[10BC1..10BC4]  :   00010101;
	[10BC5..10BC7]  :   00010110;
	10BC8  :   00010111;
	10BC9  :   00011000;
	10BCA  :   00010111;
	10BCB  :   00010110;
	10BCC  :   00010101;
	10BCD  :   00010110;
	[10BCE..10BCF]  :   00010111;
	10BD0  :   00010101;
	[10BD1..10BD2]  :   00010100;
	10BD3  :   00010101;
	10BD4  :   00010111;
	10BD5  :   00011000;
	10BD6  :   00011001;
	10BD7  :   00011000;
	[10BD8..10BDA]  :   00010110;
	[10BDB..10BDD]  :   00010101;
	[10BDE..10BE0]  :   00010110;
	[10BE1..10BE2]  :   00010101;
	10BE3  :   00010110;
	10BE4  :   00010111;
	10BE5  :   00011001;
	[10BE6..10BE8]  :   00011000;
	10BE9  :   00010111;
	10BEA  :   00010110;
	10BEB  :   00010111;
	10BEC  :   00011000;
	10BED  :   00010111;
	[10BEE..10BEF]  :   00010110;
	10BF0  :   00010101;
	[10BF1..10BF2]  :   00010100;
	10BF3  :   00010011;
	[10BF4..10BF5]  :   00010100;
	10BF6  :   00010101;
	10BF7  :   00010110;
	10BF8  :   00010101;
	[10BF9..10BFC]  :   00010110;
	[10BFD..10BFE]  :   00010111;
	[10BFF..10C00]  :   00010110;
	10C01  :   00010101;
	10C02  :   00010110;
	10C03  :   00010111;
	[10C04..10C05]  :   00010110;
	[10C06..10C07]  :   00011000;
	10C08  :   00010101;
	10C09  :   00011000;
	10C0A  :   00011010;
	10C0B  :   00011001;
	[10C0C..10C0D]  :   00010111;
	10C0E  :   00011001;
	10C0F  :   00011011;
	10C10  :   00011010;
	10C11  :   00011001;
	10C12  :   00011010;
	10C13  :   00011011;
	10C14  :   00011001;
	10C15  :   00011000;
	10C16  :   00011001;
	10C17  :   00011000;
	10C18  :   00011001;
	10C19  :   00011000;
	10C1A  :   00010111;
	10C1B  :   00010110;
	10C1C  :   00010111;
	10C1D  :   00011001;
	10C1E  :   00011010;
	10C1F  :   00011001;
	10C20  :   00011100;
	10C21  :   00011011;
	10C22  :   00011001;
	[10C23..10C24]  :   00010111;
	10C25  :   00011000;
	10C26  :   00011001;
	10C27  :   00011000;
	10C28  :   00010110;
	10C29  :   00011000;
	10C2A  :   00011001;
	10C2B  :   00011000;
	10C2C  :   00010111;
	[10C2D..10C2E]  :   00010110;
	[10C2F..10C30]  :   00011000;
	10C31  :   00010111;
	[10C32..10C34]  :   00010101;
	10C35  :   00010110;
	10C36  :   00011001;
	10C37  :   00011011;
	[10C38..10C3A]  :   00011001;
	[10C3B..10C3D]  :   00011000;
	10C3E  :   00010110;
	10C3F  :   00010010;
	10C40  :   00010011;
	10C41  :   00010110;
	10C42  :   00010111;
	10C43  :   00010110;
	10C44  :   00011000;
	[10C45..10C47]  :   00011001;
	10C48  :   00011010;
	10C49  :   00011001;
	10C4A  :   00011000;
	[10C4B..10C4C]  :   00010111;
	10C4D  :   00011000;
	10C4E  :   00011010;
	10C4F  :   00011011;
	10C50  :   00011101;
	10C51  :   00011011;
	10C52  :   00011000;
	10C53  :   00011010;
	10C54  :   00011110;
	10C55  :   00011111;
	[10C56..10C57]  :   00011101;
	10C58  :   00011100;
	10C59  :   00011110;
	10C5A  :   00011111;
	10C5B  :   00011110;
	[10C5C..10C5F]  :   00011101;
	10C60  :   00100000;
	10C61  :   00011110;
	10C62  :   00011100;
	10C63  :   00011111;
	10C64  :   00100000;
	[10C65..10C66]  :   00011111;
	10C67  :   00011101;
	10C68  :   00011001;
	10C69  :   00011000;
	[10C6A..10C6D]  :   00010111;
	10C6E  :   00011000;
	10C6F  :   00011010;
	10C70  :   00011011;
	[10C71..10C72]  :   00011010;
	[10C73..10C74]  :   00011100;
	10C75  :   00011011;
	10C76  :   00011100;
	10C77  :   00011110;
	10C78  :   00011101;
	[10C79..10C7A]  :   00011011;
	10C7B  :   00011101;
	10C7C  :   00011011;
	10C7D  :   00011010;
	10C7E  :   00011011;
	10C7F  :   00011010;
	10C80  :   00011001;
	10C81  :   00011000;
	10C82  :   00010111;
	10C83  :   00010110;
	10C84  :   00010111;
	10C85  :   00011000;
	10C86  :   00011010;
	10C87  :   00011100;
	10C88  :   00011010;
	10C89  :   00011000;
	[10C8A..10C8C]  :   00010111;
	[10C8D..10C8F]  :   00010101;
	[10C90..10C93]  :   00010110;
	10C94  :   00010111;
	10C95  :   00011000;
	[10C96..10C9D]  :   00011010;
	10C9E  :   00011011;
	[10C9F..10CA0]  :   00011100;
	10CA1  :   00011001;
	10CA2  :   00010111;
	10CA3  :   00011000;
	10CA4  :   00010111;
	[10CA5..10CA6]  :   00010101;
	10CA7  :   00011000;
	[10CA8..10CAF]  :   00010110;
	[10CB0..10CB2]  :   00011001;
	10CB3  :   00011000;
	10CB4  :   00010110;
	10CB5  :   00010101;
	10CB6  :   00010100;
	10CB7  :   00010101;
	[10CB8..10CBA]  :   00010110;
	10CBB  :   00010111;
	10CBC  :   00010110;
	[10CBD..10CBF]  :   00010101;
	10CC0  :   00001011;
	[10CC1..10CC4]  :   00001100;
	[10CC5..10CCD]  :   00001101;
	10CCE  :   00001110;
	10CCF  :   00001101;
	10CD0  :   00001110;
	[10CD1..10CD2]  :   00001101;
	10CD3  :   00001110;
	[10CD4..10CD7]  :   00001111;
	[10CD8..10CDA]  :   00010000;
	[10CDB..10CDF]  :   00001111;
	10CE0  :   00010000;
	10CE1  :   00010001;
	10CE2  :   00010010;
	[10CE3..10CE8]  :   00010001;
	[10CE9..10CEA]  :   00010010;
	[10CEB..10CEC]  :   00010001;
	[10CED..10CEE]  :   00010010;
	10CEF  :   00010000;
	10CF0  :   00010011;
	[10CF1..10CF4]  :   00010010;
	[10CF5..10CF9]  :   00010001;
	[10CFA..10CFD]  :   00010010;
	[10CFE..10CFF]  :   00010011;
	10D00  :   00010100;
	[10D01..10D03]  :   00010110;
	10D04  :   00010101;
	10D05  :   00010100;
	10D06  :   00010101;
	[10D07..10D08]  :   00010100;
	10D09  :   00010101;
	10D0A  :   00010100;
	10D0B  :   00010010;
	10D0C  :   00010011;
	10D0D  :   00010110;
	10D0E  :   00010111;
	10D0F  :   00010110;
	10D10  :   00011000;
	10D11  :   00010110;
	10D12  :   00010100;
	10D13  :   00010101;
	10D14  :   00011000;
	10D15  :   00011001;
	10D16  :   00011000;
	10D17  :   00010111;
	[10D18..10D1A]  :   00010101;
	10D1B  :   00010110;
	[10D1C..10D1D]  :   00010111;
	[10D1E..10D1F]  :   00011000;
	10D20  :   00010110;
	[10D21..10D23]  :   00010101;
	10D24  :   00010110;
	[10D25..10D26]  :   00010111;
	10D27  :   00010101;
	10D28  :   00010110;
	10D29  :   00010101;
	10D2A  :   00010100;
	10D2B  :   00010101;
	[10D2C..10D2D]  :   00010110;
	10D2E  :   00010101;
	10D2F  :   00010100;
	10D30  :   00010110;
	10D31  :   00010101;
	[10D32..10D33]  :   00010100;
	[10D34..10D35]  :   00010011;
	10D36  :   00010100;
	10D37  :   00010101;
	10D38  :   00010010;
	10D39  :   00010100;
	10D3A  :   00010110;
	[10D3B..10D3D]  :   00010111;
	10D3E  :   00010110;
	[10D3F..10D40]  :   00010100;
	10D41  :   00010011;
	10D42  :   00010101;
	10D43  :   00010110;
	10D44  :   00010101;
	10D45  :   00010100;
	[10D46..10D48]  :   00010101;
	10D49  :   00010111;
	10D4A  :   00011000;
	10D4B  :   00010111;
	10D4C  :   00010110;
	10D4D  :   00010111;
	10D4E  :   00011001;
	10D4F  :   00011010;
	10D50  :   00011001;
	10D51  :   00011000;
	10D52  :   00011010;
	10D53  :   00011011;
	10D54  :   00011001;
	[10D55..10D56]  :   00010111;
	10D57  :   00010101;
	[10D58..10D59]  :   00011001;
	10D5A  :   00011000;
	[10D5B..10D5C]  :   00010111;
	10D5D  :   00011000;
	[10D5E..10D5F]  :   00011010;
	10D60  :   00011001;
	10D61  :   00011000;
	10D62  :   00010110;
	10D63  :   00010101;
	[10D64..10D65]  :   00010110;
	10D66  :   00010100;
	[10D67..10D68]  :   00010001;
	10D69  :   00010010;
	10D6A  :   00010011;
	10D6B  :   00010101;
	10D6C  :   00010110;
	[10D6D..10D6E]  :   00010011;
	10D6F  :   00010110;
	10D70  :   00010111;
	[10D71..10D72]  :   00010110;
	10D73  :   00010111;
	[10D74..10D76]  :   00011000;
	10D77  :   00011001;
	10D78  :   00010111;
	10D79  :   00011000;
	10D7A  :   00010110;
	10D7B  :   00010100;
	10D7C  :   00010101;
	10D7D  :   00011000;
	10D7E  :   00011001;
	10D7F  :   00011000;
	10D80  :   00010111;
	10D81  :   00010110;
	10D82  :   00010011;
	10D83  :   00010010;
	10D84  :   00010101;
	10D85  :   00010110;
	10D86  :   00010111;
	[10D87..10D89]  :   00011010;
	10D8A  :   00011000;
	10D8B  :   00010110;
	10D8C  :   00010101;
	10D8D  :   00011000;
	10D8E  :   00011011;
	10D8F  :   00011110;
	10D90  :   00011101;
	10D91  :   00011000;
	10D92  :   00010100;
	10D93  :   00010111;
	10D94  :   00011100;
	10D95  :   00011011;
	10D96  :   00011001;
	[10D97..10D98]  :   00011011;
	10D99  :   00011110;
	[10D9A..10D9B]  :   00100000;
	10D9C  :   00011111;
	10D9D  :   00011101;
	10D9E  :   00011011;
	10D9F  :   00011010;
	10DA0  :   00011110;
	10DA1  :   00011100;
	10DA2  :   00011001;
	10DA3  :   00011011;
	10DA4  :   00011101;
	10DA5  :   00011100;
	[10DA6..10DA7]  :   00011111;
	[10DA8..10DA9]  :   00011110;
	10DAA  :   00011101;
	10DAB  :   00011100;
	10DAC  :   00011000;
	[10DAD..10DAE]  :   00010110;
	10DAF  :   00011000;
	10DB0  :   00011010;
	[10DB1..10DB2]  :   00010111;
	[10DB3..10DB4]  :   00011001;
	10DB5  :   00010111;
	10DB6  :   00011000;
	10DB7  :   00011100;
	10DB8  :   00011001;
	10DB9  :   00010110;
	10DBA  :   00010111;
	10DBB  :   00011011;
	[10DBC..10DBE]  :   00011100;
	10DBF  :   00011011;
	10DC0  :   00011001;
	10DC1  :   00011011;
	10DC2  :   00011100;
	10DC3  :   00011010;
	10DC4  :   00011001;
	[10DC5..10DC6]  :   00011011;
	10DC7  :   00011010;
	10DC8  :   00011101;
	10DC9  :   00011011;
	[10DCA..10DCB]  :   00011010;
	10DCC  :   00011000;
	10DCD  :   00010101;
	10DCE  :   00010100;
	10DCF  :   00010110;
	10DD0  :   00010101;
	[10DD1..10DD2]  :   00010110;
	[10DD3..10DD4]  :   00010111;
	10DD5  :   00011000;
	[10DD6..10DD8]  :   00011001;
	10DD9  :   00011010;
	10DDA  :   00011011;
	[10DDB..10DDC]  :   00011101;
	[10DDD..10DDE]  :   00011100;
	10DDF  :   00011101;
	10DE0  :   00011001;
	[10DE1..10DE2]  :   00010110;
	10DE3  :   00011001;
	10DE4  :   00011000;
	10DE5  :   00010101;
	10DE6  :   00010100;
	[10DE7..10DE8]  :   00010110;
	10DE9  :   00010101;
	[10DEA..10DEC]  :   00010100;
	10DED  :   00010101;
	[10DEE..10DEF]  :   00010100;
	10DF0  :   00010011;
	10DF1  :   00010101;
	10DF2  :   00010110;
	10DF3  :   00010100;
	10DF4  :   00010011;
	[10DF5..10DF6]  :   00010100;
	10DF7  :   00010011;
	[10DF8..10DF9]  :   00010010;
	10DFA  :   00010011;
	[10DFB..10DFC]  :   00010101;
	10DFD  :   00010100;
	10DFE  :   00010011;
	10DFF  :   00010010;
	[10E00..10E03]  :   00001011;
	[10E04..10E07]  :   00001100;
	10E08  :   00001110;
	10E09  :   00001101;
	[10E0A..10E0B]  :   00001100;
	10E0C  :   00001101;
	10E0D  :   00001110;
	10E0E  :   00001101;
	10E0F  :   00001100;
	[10E10..10E11]  :   00001101;
	[10E12..10E14]  :   00001110;
	[10E15..10E18]  :   00001111;
	[10E19..10E1A]  :   00010000;
	10E1B  :   00001111;
	[10E1C..10E1D]  :   00001110;
	10E1E  :   00001111;
	[10E1F..10E27]  :   00010000;
	10E28  :   00010010;
	[10E29..10E2A]  :   00010001;
	[10E2B..10E2E]  :   00010000;
	10E2F  :   00010001;
	[10E30..10E31]  :   00010010;
	10E32  :   00010011;
	10E33  :   00010010;
	10E34  :   00010000;
	10E35  :   00001111;
	10E36  :   00010000;
	[10E37..10E3B]  :   00010001;
	10E3C  :   00010011;
	10E3D  :   00010101;
	[10E3E..10E3F]  :   00010110;
	10E40  :   00010111;
	10E41  :   00010110;
	10E42  :   00010100;
	[10E43..10E46]  :   00010011;
	[10E47..10E4B]  :   00010010;
	10E4C  :   00010011;
	10E4D  :   00010100;
	10E4E  :   00010110;
	10E4F  :   00010111;
	10E50  :   00010110;
	10E51  :   00010101;
	10E52  :   00010100;
	10E53  :   00010101;
	[10E54..10E57]  :   00010110;
	10E58  :   00010101;
	10E59  :   00010100;
	10E5A  :   00010011;
	10E5B  :   00010100;
	10E5C  :   00010101;
	[10E5D..10E5F]  :   00010110;
	10E60  :   00010100;
	10E61  :   00010101;
	10E62  :   00010110;
	[10E63..10E64]  :   00010111;
	[10E65..10E67]  :   00010110;
	10E68  :   00010111;
	10E69  :   00010100;
	[10E6A..10E6B]  :   00010011;
	10E6C  :   00010100;
	[10E6D..10E6E]  :   00010011;
	10E6F  :   00010100;
	10E70  :   00010101;
	10E71  :   00010110;
	10E72  :   00011000;
	10E73  :   00010111;
	10E74  :   00010101;
	10E75  :   00010011;
	10E76  :   00010001;
	10E77  :   00010000;
	[10E78..10E7A]  :   00010100;
	[10E7B..10E7C]  :   00010110;
	10E7D  :   00010100;
	10E7E  :   00010010;
	[10E7F..10E80]  :   00010001;
	10E81  :   00010011;
	10E82  :   00010100;
	10E83  :   00010101;
	10E84  :   00010100;
	10E85  :   00010011;
	10E86  :   00010101;
	10E87  :   00010111;
	10E88  :   00011001;
	[10E89..10E8C]  :   00011000;
	10E8D  :   00011001;
	10E8E  :   00011000;
	10E8F  :   00010111;
	10E90  :   00010101;
	10E91  :   00010111;
	[10E92..10E93]  :   00011001;
	10E94  :   00010111;
	[10E95..10E96]  :   00010110;
	10E97  :   00010100;
	10E98  :   00010111;
	[10E99..10E9A]  :   00011000;
	10E9B  :   00010111;
	[10E9C..10E9D]  :   00010110;
	10E9E  :   00010111;
	10E9F  :   00011001;
	10EA0  :   00010111;
	10EA1  :   00010101;
	[10EA2..10EA3]  :   00010110;
	10EA4  :   00010101;
	10EA5  :   00010011;
	10EA6  :   00010010;
	10EA7  :   00010000;
	10EA8  :   00001100;
	10EA9  :   00001011;
	10EAA  :   00001100;
	10EAB  :   00010000;
	10EAC  :   00010101;
	10EAD  :   00010110;
	10EAE  :   00010101;
	10EAF  :   00010011;
	10EB0  :   00010100;
	10EB1  :   00010110;
	10EB2  :   00011000;
	10EB3  :   00010111;
	10EB4  :   00010110;
	10EB5  :   00010111;
	10EB6  :   00011001;
	10EB7  :   00011010;
	10EB8  :   00011000;
	10EB9  :   00011001;
	10EBA  :   00010111;
	10EBB  :   00010100;
	10EBC  :   00010101;
	[10EBD..10EBE]  :   00011000;
	10EBF  :   00010110;
	10EC0  :   00010100;
	10EC1  :   00010101;
	[10EC2..10EC3]  :   00010011;
	10EC4  :   00010101;
	[10EC5..10EC6]  :   00010110;
	10EC7  :   00011000;
	10EC8  :   00011011;
	10EC9  :   00011010;
	10ECA  :   00011000;
	[10ECB..10ECC]  :   00010110;
	10ECD  :   00011000;
	10ECE  :   00011010;
	10ECF  :   00011100;
	[10ED0..10ED1]  :   00011001;
	[10ED2..10ED3]  :   00011010;
	10ED4  :   00011001;
	10ED5  :   00010111;
	10ED6  :   00010110;
	10ED7  :   00010111;
	10ED8  :   00011000;
	10ED9  :   00011001;
	10EDA  :   00011010;
	10EDB  :   00011011;
	[10EDC..10EDD]  :   00011100;
	10EDE  :   00011010;
	10EDF  :   00011001;
	[10EE0..10EE1]  :   00011010;
	[10EE2..10EE3]  :   00011001;
	10EE4  :   00011010;
	10EE5  :   00011011;
	[10EE6..10EE7]  :   00011100;
	10EE8  :   00011111;
	[10EE9..10EEA]  :   00100000;
	10EEB  :   00011101;
	[10EEC..10EEE]  :   00011011;
	[10EEF..10EF0]  :   00011010;
	10EF1  :   00011000;
	10EF2  :   00010110;
	[10EF3..10EF4]  :   00010111;
	[10EF5..10EF6]  :   00010101;
	10EF7  :   00010110;
	10EF8  :   00010100;
	10EF9  :   00010101;
	10EFA  :   00010110;
	10EFB  :   00010111;
	10EFC  :   00011000;
	10EFD  :   00011001;
	10EFE  :   00011010;
	10EFF  :   00011011;
	10F00  :   00011001;
	10F01  :   00011000;
	10F02  :   00011100;
	[10F03..10F04]  :   00100100;
	10F05  :   00011101;
	10F06  :   00011001;
	10F07  :   00011100;
	10F08  :   00011111;
	10F09  :   00011101;
	10F0A  :   00011100;
	10F0B  :   00011101;
	10F0C  :   00011100;
	[10F0D..10F0E]  :   00011000;
	10F0F  :   00011010;
	[10F10..10F12]  :   00010110;
	10F13  :   00010111;
	10F14  :   00011001;
	[10F15..10F17]  :   00011010;
	10F18  :   00011000;
	10F19  :   00011010;
	[10F1A..10F1B]  :   00011100;
	10F1C  :   00011010;
	[10F1D..10F1E]  :   00011001;
	10F1F  :   00011010;
	10F20  :   00010111;
	10F21  :   00010101;
	10F22  :   00010100;
	10F23  :   00010101;
	10F24  :   00010110;
	10F25  :   00010101;
	10F26  :   00010100;
	10F27  :   00010011;
	10F28  :   00010101;
	10F29  :   00010100;
	10F2A  :   00010011;
	10F2B  :   00010100;
	10F2C  :   00010101;
	[10F2D..10F2E]  :   00010110;
	10F2F  :   00010101;
	10F30  :   00010011;
	10F31  :   00010010;
	[10F32..10F33]  :   00010001;
	[10F34..10F36]  :   00010010;
	10F37  :   00010000;
	[10F38..10F39]  :   00001111;
	10F3A  :   00010000;
	[10F3B..10F3D]  :   00010001;
	[10F3E..10F3F]  :   00010000;
	[10F40..10F43]  :   00001011;
	[10F44..10F47]  :   00001100;
	10F48  :   00001101;
	10F49  :   00001100;
	[10F4A..10F4B]  :   00001011;
	10F4C  :   00001100;
	[10F4D..10F4E]  :   00001101;
	[10F4F..10F50]  :   00001100;
	[10F51..10F53]  :   00001101;
	[10F54..10F5B]  :   00001110;
	[10F5C..10F5E]  :   00001101;
	10F5F  :   00001110;
	[10F60..10F65]  :   00001111;
	[10F66..10F67]  :   00001110;
	10F68  :   00010000;
	[10F69..10F6C]  :   00001111;
	10F6D  :   00010000;
	[10F6E..10F6F]  :   00010001;
	10F70  :   00010010;
	10F71  :   00010011;
	10F72  :   00010010;
	10F73  :   00010001;
	[10F74..10F75]  :   00001111;
	10F76  :   00010000;
	[10F77..10F7B]  :   00010001;
	10F7C  :   00010010;
	[10F7D..10F7F]  :   00010011;
	[10F80..10F82]  :   00010100;
	[10F83..10F84]  :   00010011;
	[10F85..10F86]  :   00010100;
	10F87  :   00010011;
	10F88  :   00010001;
	[10F89..10F8C]  :   00010010;
	10F8D  :   00010011;
	10F8E  :   00010100;
	10F8F  :   00010101;
	[10F90..10F96]  :   00010011;
	[10F97..10F98]  :   00010100;
	[10F99..10F9B]  :   00010011;
	10F9C  :   00010100;
	[10F9D..10F9E]  :   00010101;
	10F9F  :   00010110;
	[10FA0..10FA1]  :   00010100;
	10FA2  :   00010101;
	10FA3  :   00010110;
	[10FA4..10FA8]  :   00010101;
	10FA9  :   00010100;
	10FAA  :   00010011;
	[10FAB..10FAD]  :   00010100;
	10FAE  :   00010011;
	10FAF  :   00010100;
	10FB0  :   00010011;
	10FB1  :   00010100;
	10FB2  :   00010101;
	10FB3  :   00010100;
	10FB4  :   00010010;
	10FB5  :   00010001;
	10FB6  :   00010000;
	10FB7  :   00010001;
	[10FB8..10FB9]  :   00010011;
	10FBA  :   00010010;
	[10FBB..10FBC]  :   00010011;
	10FBD  :   00010100;
	[10FBE..10FBF]  :   00010011;
	10FC0  :   00010001;
	10FC1  :   00010010;
	10FC2  :   00010100;
	[10FC3..10FC5]  :   00010101;
	10FC6  :   00010110;
	10FC7  :   00011000;
	10FC8  :   00011001;
	10FC9  :   00011000;
	[10FCA..10FCB]  :   00010111;
	[10FCC..10FCD]  :   00011000;
	10FCE  :   00010110;
	10FCF  :   00010100;
	[10FD0..10FD1]  :   00010101;
	[10FD2..10FD3]  :   00010110;
	10FD4  :   00010100;
	10FD5  :   00010101;
	10FD6  :   00010111;
	10FD7  :   00010110;
	[10FD8..10FDD]  :   00010101;
	[10FDE..10FDF]  :   00010110;
	10FE0  :   00011000;
	[10FE1..10FE2]  :   00010101;
	10FE3  :   00010110;
	10FE4  :   00010100;
	10FE5  :   00010011;
	10FE6  :   00010001;
	10FE7  :   00001110;
	[10FE8..10FE9]  :   00001010;
	10FEA  :   00001011;
	10FEB  :   00001111;
	10FEC  :   00010011;
	[10FED..10FF0]  :   00010100;
	10FF1  :   00010101;
	10FF2  :   00010110;
	10FF3  :   00010101;
	10FF4  :   00010100;
	10FF5  :   00010101;
	10FF6  :   00010110;
	10FF7  :   00010111;
	10FF8  :   00011000;
	[10FF9..10FFC]  :   00010111;
	10FFD  :   00010110;
	10FFE  :   00010101;
	[10FFF..11000]  :   00010100;
	11001  :   00010011;
	[11002..11003]  :   00010001;
	11004  :   00010101;
	[11005..11006]  :   00010110;
	11007  :   00010111;
	[11008..11009]  :   00011000;
	1100A  :   00010111;
	1100B  :   00010110;
	[1100C..1100D]  :   00010101;
	1100E  :   00010111;
	[1100F..11010]  :   00011001;
	[11011..11012]  :   00011000;
	[11013..11014]  :   00011001;
	11015  :   00011000;
	[11016..11017]  :   00010110;
	[11018..11019]  :   00010101;
	[1101A..1101B]  :   00010110;
	1101C  :   00011000;
	[1101D..1101F]  :   00011011;
	[11020..11021]  :   00011001;
	11022  :   00011010;
	[11023..11024]  :   00011001;
	11025  :   00011000;
	11026  :   00011001;
	11027  :   00011010;
	11028  :   00011011;
	11029  :   00011100;
	1102A  :   00011101;
	1102B  :   00011011;
	1102C  :   00011100;
	1102D  :   00011101;
	1102E  :   00011110;
	1102F  :   00011101;
	11030  :   00011011;
	11031  :   00011000;
	[11032..11036]  :   00010110;
	11037  :   00011000;
	[11038..11039]  :   00010111;
	1103A  :   00010110;
	1103B  :   00010111;
	1103C  :   00011000;
	[1103D..1103E]  :   00011001;
	1103F  :   00011000;
	11040  :   00011001;
	11041  :   00011000;
	11042  :   00011100;
	[11043..11044]  :   00100011;
	11045  :   00011101;
	11046  :   00011010;
	11047  :   00011100;
	11048  :   00011110;
	11049  :   00011100;
	1104A  :   00011011;
	[1104B..1104C]  :   00011101;
	1104D  :   00011100;
	1104E  :   00011011;
	1104F  :   00011100;
	11050  :   00011011;
	11051  :   00011010;
	[11052..11053]  :   00011000;
	11054  :   00011001;
	11055  :   00011010;
	[11056..11057]  :   00011011;
	11058  :   00010110;
	11059  :   00010111;
	1105A  :   00011000;
	[1105B..1105C]  :   00011001;
	[1105D..1105F]  :   00011000;
	11060  :   00010110;
	11061  :   00010101;
	11062  :   00010011;
	11063  :   00010100;
	[11064..11065]  :   00010101;
	[11066..11067]  :   00010100;
	[11068..11069]  :   00010011;
	1106A  :   00010010;
	1106B  :   00010011;
	1106C  :   00010100;
	[1106D..1106F]  :   00010101;
	[11070..11071]  :   00010100;
	11072  :   00010011;
	[11073..11074]  :   00010010;
	[11075..11077]  :   00010001;
	[11078..1107F]  :   00010000;
	[11080..11085]  :   00001011;
	[11086..11087]  :   00001100;
	[11088..11089]  :   00001011;
	1108A  :   00001010;
	1108B  :   00001011;
	[1108C..11090]  :   00001100;
	[11091..11096]  :   00001101;
	11097  :   00001100;
	[11098..11099]  :   00001101;
	[1109A..1109B]  :   00001110;
	[1109C..1109D]  :   00001101;
	[1109E..1109F]  :   00001110;
	[110A0..110A3]  :   00001111;
	[110A4..110AB]  :   00001110;
	[110AC..110AD]  :   00001111;
	[110AE..110AF]  :   00010000;
	110B0  :   00010001;
	110B1  :   00010010;
	110B2  :   00010001;
	110B3  :   00010000;
	110B4  :   00001111;
	110B5  :   00001110;
	110B6  :   00010000;
	[110B7..110B9]  :   00010001;
	[110BA..110BB]  :   00010000;
	[110BC..110BE]  :   00010001;
	110BF  :   00010000;
	110C0  :   00010001;
	[110C1..110C3]  :   00010010;
	[110C4..110C6]  :   00010011;
	110C7  :   00010001;
	110C8  :   00010000;
	[110C9..110CD]  :   00010001;
	[110CE..110CF]  :   00010010;
	110D0  :   00010011;
	110D1  :   00010100;
	110D2  :   00010101;
	110D3  :   00010100;
	[110D4..110D5]  :   00010011;
	110D6  :   00010100;
	110D7  :   00010110;
	[110D8..110D9]  :   00010100;
	[110DA..110DC]  :   00010011;
	110DD  :   00010100;
	[110DE..110DF]  :   00010101;
	[110E0..110E2]  :   00010100;
	110E3  :   00010101;
	[110E4..110E6]  :   00010100;
	110E7  :   00010101;
	110E8  :   00010100;
	[110E9..110EA]  :   00010011;
	[110EB..110F1]  :   00010100;
	110F2  :   00010011;
	110F3  :   00010010;
	110F4  :   00010001;
	110F5  :   00010000;
	110F6  :   00010001;
	[110F7..110F9]  :   00010010;
	110FA  :   00010001;
	110FB  :   00010000;
	110FC  :   00010001;
	110FD  :   00010011;
	[110FE..110FF]  :   00010100;
	[11100..11101]  :   00010011;
	11102  :   00010100;
	11103  :   00010101;
	11104  :   00010100;
	[11105..11106]  :   00010011;
	[11107..11108]  :   00010100;
	[11109..1110A]  :   00010011;
	1110B  :   00010101;
	[1110C..1110D]  :   00010110;
	1110E  :   00010101;
	1110F  :   00010011;
	11110  :   00010100;
	11111  :   00010011;
	[11112..11113]  :   00010100;
	11114  :   00010011;
	11115  :   00010100;
	[11116..11117]  :   00010110;
	[11118..1111B]  :   00010011;
	[1111C..1111D]  :   00010100;
	[1111E..1111F]  :   00010011;
	11120  :   00010110;
	11121  :   00010011;
	11122  :   00010010;
	11123  :   00010100;
	11124  :   00010011;
	11125  :   00010010;
	11126  :   00010000;
	11127  :   00001101;
	11128  :   00001100;
	11129  :   00001011;
	1112A  :   00001100;
	1112B  :   00001111;
	1112C  :   00010010;
	[1112D..1112E]  :   00010100;
	[1112F..11130]  :   00010101;
	[11131..11132]  :   00010110;
	11133  :   00010101;
	[11134..11135]  :   00010100;
	[11136..11137]  :   00010101;
	11138  :   00010110;
	[11139..1113A]  :   00010101;
	1113B  :   00010110;
	1113C  :   00010111;
	1113D  :   00010100;
	[1113E..11140]  :   00010011;
	11141  :   00010001;
	11142  :   00001110;
	11143  :   00001111;
	11144  :   00010011;
	11145  :   00010101;
	[11146..11148]  :   00010100;
	11149  :   00010101;
	1114A  :   00010110;
	1114B  :   00010101;
	1114C  :   00010100;
	1114D  :   00010011;
	1114E  :   00010101;
	[1114F..11150]  :   00010110;
	[11151..11152]  :   00010100;
	11153  :   00010101;
	11154  :   00010111;
	11155  :   00010110;
	11156  :   00010101;
	11157  :   00010100;
	[11158..11159]  :   00010011;
	1115A  :   00010010;
	1115B  :   00010011;
	1115C  :   00010110;
	[1115D..1115F]  :   00011001;
	11160  :   00010110;
	11161  :   00011000;
	[11162..11163]  :   00011001;
	11164  :   00010111;
	[11165..11166]  :   00010110;
	11167  :   00010111;
	11168  :   00011000;
	11169  :   00011001;
	[1116A..1116B]  :   00011010;
	1116C  :   00011100;
	1116D  :   00011110;
	[1116E..1116F]  :   00011111;
	11170  :   00011100;
	11171  :   00011001;
	11172  :   00010111;
	[11173..11174]  :   00010110;
	11175  :   00010111;
	11176  :   00011000;
	11177  :   00011010;
	[11178..11179]  :   00011000;
	[1117A..1117B]  :   00010111;
	[1117C..1117D]  :   00011000;
	1117E  :   00010111;
	[1117F..11181]  :   00010110;
	11182  :   00010111;
	11183  :   00011011;
	11184  :   00011010;
	11185  :   00010111;
	11186  :   00010110;
	11187  :   00011000;
	11188  :   00011010;
	11189  :   00011001;
	1118A  :   00011000;
	1118B  :   00011001;
	1118C  :   00011011;
	[1118D..1118E]  :   00011100;
	1118F  :   00011011;
	11190  :   00011010;
	11191  :   00011001;
	[11192..11195]  :   00011000;
	[11196..11197]  :   00011001;
	11198  :   00010100;
	11199  :   00010011;
	[1119A..1119B]  :   00010100;
	[1119C..1119D]  :   00010101;
	1119E  :   00010100;
	[1119F..111A0]  :   00010011;
	111A1  :   00010001;
	[111A2..111A3]  :   00010000;
	111A4  :   00010001;
	111A5  :   00010010;
	111A6  :   00010011;
	111A7  :   00010100;
	[111A8..111AB]  :   00010001;
	[111AC..111AD]  :   00010010;
	111AE  :   00010011;
	111AF  :   00010010;
	111B0  :   00010100;
	[111B1..111B2]  :   00010011;
	111B3  :   00010010;
	111B4  :   00010001;
	[111B5..111B6]  :   00010000;
	111B7  :   00010001;
	[111B8..111B9]  :   00010000;
	[111BA..111BE]  :   00001111;
	111BF  :   00010000;
	[111C0..111C8]  :   00001011;
	[111C9..111CB]  :   00001010;
	111CC  :   00001011;
	[111CD..111CF]  :   00001100;
	[111D0..111D2]  :   00001101;
	[111D3..111D7]  :   00001100;
	[111D8..111D9]  :   00001101;
	[111DA..111DB]  :   00001110;
	[111DC..111DD]  :   00001101;
	[111DE..111DF]  :   00001110;
	[111E0..111E3]  :   00001111;
	[111E4..111ED]  :   00001110;
	[111EE..111F1]  :   00001111;
	111F2  :   00010000;
	111F3  :   00001111;
	111F4  :   00001110;
	111F5  :   00001111;
	111F6  :   00010000;
	111F7  :   00010001;
	[111F8..11200]  :   00010000;
	[11201..11205]  :   00010001;
	[11206..11209]  :   00010000;
	[1120A..1120B]  :   00010001;
	[1120C..11210]  :   00010000;
	11211  :   00010010;
	[11212..11213]  :   00010011;
	11214  :   00010010;
	11215  :   00010001;
	11216  :   00010010;
	11217  :   00010011;
	[11218..1121B]  :   00010100;
	[1121C..1121E]  :   00010011;
	[1121F..11223]  :   00010100;
	[11224..11226]  :   00010011;
	11227  :   00010100;
	[11228..1122E]  :   00010011;
	[1122F..11231]  :   00010100;
	11232  :   00010011;
	11233  :   00010010;
	11234  :   00010001;
	11235  :   00010000;
	11236  :   00010001;
	[11237..11238]  :   00010010;
	11239  :   00010011;
	1123A  :   00010010;
	[1123B..1123C]  :   00010000;
	1123D  :   00010011;
	1123E  :   00010100;
	[1123F..11241]  :   00010011;
	[11242..11245]  :   00010010;
	[11246..11248]  :   00010001;
	[11249..1124A]  :   00010010;
	1124B  :   00010011;
	[1124C..1124E]  :   00010100;
	1124F  :   00010011;
	[11250..11251]  :   00010010;
	11252  :   00010101;
	11253  :   00010110;
	[11254..11256]  :   00010011;
	11257  :   00010010;
	11258  :   00010011;
	11259  :   00010010;
	[1125A..1125B]  :   00010001;
	[1125C..1125E]  :   00010010;
	1125F  :   00010001;
	11260  :   00010100;
	[11261..11262]  :   00010010;
	[11263..11265]  :   00010011;
	11266  :   00010010;
	11267  :   00010000;
	[11268..1126A]  :   00010001;
	1126B  :   00010011;
	[1126C..1126D]  :   00010100;
	1126E  :   00010101;
	[1126F..11271]  :   00010110;
	11272  :   00010101;
	[11273..11275]  :   00010100;
	11276  :   00010101;
	[11277..11278]  :   00010100;
	[11279..11280]  :   00010011;
	11281  :   00010010;
	[11282..11283]  :   00001111;
	11284  :   00010011;
	11285  :   00010100;
	[11286..11288]  :   00010011;
	11289  :   00010100;
	[1128A..1128B]  :   00010101;
	[1128C..1128E]  :   00010100;
	1128F  :   00010101;
	11290  :   00010011;
	11291  :   00010010;
	11292  :   00010001;
	11293  :   00010010;
	11294  :   00010100;
	[11295..11297]  :   00010101;
	11298  :   00010011;
	[11299..1129B]  :   00010100;
	[1129C..1129D]  :   00010110;
	1129E  :   00010101;
	[1129F..112A0]  :   00010100;
	112A1  :   00010101;
	[112A2..112A3]  :   00010111;
	112A4  :   00010101;
	112A5  :   00010100;
	112A6  :   00010101;
	112A7  :   00010110;
	[112A8..112AB]  :   00010111;
	112AC  :   00011000;
	[112AD..112AE]  :   00011010;
	112AF  :   00011001;
	112B0  :   00011010;
	112B1  :   00011000;
	112B2  :   00010110;
	[112B3..112B5]  :   00010101;
	112B6  :   00010110;
	112B7  :   00011000;
	[112B8..112BA]  :   00010110;
	112BB  :   00010111;
	112BC  :   00011000;
	112BD  :   00010111;
	112BE  :   00010110;
	112BF  :   00010101;
	112C0  :   00010110;
	112C1  :   00010101;
	112C2  :   00010011;
	[112C3..112C4]  :   00010010;
	112C5  :   00010001;
	112C6  :   00010010;
	112C7  :   00010011;
	[112C8..112C9]  :   00010110;
	112CA  :   00010101;
	112CB  :   00010100;
	112CC  :   00010110;
	[112CD..112CE]  :   00011000;
	[112CF..112D1]  :   00010111;
	[112D2..112D7]  :   00010110;
	112D8  :   00010011;
	[112D9..112DC]  :   00010010;
	112DD  :   00010001;
	112DE  :   00010000;
	112DF  :   00001110;
	112E0  :   00001101;
	112E1  :   00001100;
	112E2  :   00001011;
	112E3  :   00001100;
	112E4  :   00001101;
	112E5  :   00001111;
	112E6  :   00010001;
	112E7  :   00010011;
	[112E8..112ED]  :   00010001;
	[112EE..112EF]  :   00010000;
	[112F0..112F2]  :   00010001;
	[112F3..112F6]  :   00010000;
	112F7  :   00010001;
	112F8  :   00010000;
	[112F9..112FA]  :   00001111;
	[112FB..112FC]  :   00001110;
	[112FD..112FE]  :   00001111;
	112FF  :   00010000;
	[11300..1130A]  :   00001010;
	[1130B..1130C]  :   00001011;
	[1130D..11310]  :   00001100;
	[11311..11312]  :   00001101;
	[11313..11316]  :   00001100;
	[11317..11318]  :   00001011;
	[11319..1131D]  :   00001100;
	[1131E..11320]  :   00001101;
	[11321..11327]  :   00001110;
	11328  :   00001111;
	[11329..1132E]  :   00001110;
	1132F  :   00001111;
	[11330..11331]  :   00001110;
	11332  :   00001111;
	[11333..11335]  :   00001110;
	11336  :   00001111;
	11337  :   00010000;
	11338  :   00010001;
	11339  :   00010000;
	[1133A..1133C]  :   00001111;
	[1133D..1133E]  :   00010000;
	1133F  :   00010001;
	11340  :   00010000;
	11341  :   00010001;
	11342  :   00010000;
	[11343..11347]  :   00001111;
	[11348..11349]  :   00010000;
	[1134A..1134D]  :   00010001;
	1134E  :   00010000;
	1134F  :   00010001;
	11350  :   00001111;
	11351  :   00010001;
	[11352..11356]  :   00010010;
	11357  :   00010001;
	11358  :   00010011;
	11359  :   00010100;
	1135A  :   00010101;
	1135B  :   00010100;
	1135C  :   00010011;
	[1135D..1135F]  :   00010010;
	11360  :   00010100;
	11361  :   00010011;
	[11362..11364]  :   00010010;
	11365  :   00010001;
	11366  :   00010010;
	11367  :   00010011;
	[11368..1136C]  :   00010001;
	[1136D..1136F]  :   00010010;
	11370  :   00010001;
	[11371..11372]  :   00010010;
	[11373..11374]  :   00010001;
	[11375..11376]  :   00010000;
	11377  :   00010001;
	11378  :   00010010;
	11379  :   00010100;
	1137A  :   00010011;
	[1137B..1137C]  :   00010001;
	[1137D..1137E]  :   00010011;
	1137F  :   00010010;
	11380  :   00010001;
	11381  :   00010000;
	11382  :   00001111;
	11383  :   00010000;
	[11384..11385]  :   00010010;
	[11386..11388]  :   00010011;
	[11389..1138A]  :   00010100;
	1138B  :   00010011;
	1138C  :   00010010;
	1138D  :   00010001;
	[1138E..1138F]  :   00010010;
	11390  :   00010001;
	11391  :   00010010;
	11392  :   00010101;
	11393  :   00010110;
	11394  :   00010011;
	[11395..11397]  :   00010000;
	11398  :   00010011;
	11399  :   00010010;
	[1139A..1139B]  :   00010000;
	1139C  :   00010001;
	1139D  :   00010010;
	[1139E..1139F]  :   00010001;
	113A0  :   00010011;
	113A1  :   00010010;
	113A2  :   00010011;
	113A3  :   00010100;
	[113A4..113A5]  :   00010011;
	113A6  :   00010100;
	113A7  :   00010011;
	[113A8..113A9]  :   00010100;
	[113AA..113AC]  :   00010101;
	[113AD..113AE]  :   00010100;
	[113AF..113B0]  :   00010101;
	113B1  :   00010100;
	113B2  :   00010011;
	113B3  :   00010010;
	[113B4..113B5]  :   00010011;
	113B6  :   00010100;
	[113B7..113B8]  :   00010011;
	113B9  :   00010100;
	113BA  :   00010011;
	[113BB..113BC]  :   00010010;
	113BD  :   00010100;
	113BE  :   00010101;
	[113BF..113C1]  :   00010100;
	[113C2..113C3]  :   00010010;
	113C4  :   00010011;
	113C5  :   00010100;
	113C6  :   00010011;
	[113C7..113CB]  :   00010100;
	[113CC..113CD]  :   00010101;
	[113CE..113CF]  :   00010100;
	113D0  :   00010011;
	[113D1..113D3]  :   00010010;
	[113D4..113D5]  :   00010011;
	113D6  :   00010101;
	113D7  :   00010110;
	[113D8..113DD]  :   00010101;
	113DE  :   00010100;
	113DF  :   00010010;
	[113E0..113E1]  :   00010011;
	[113E2..113E4]  :   00010100;
	113E5  :   00010011;
	[113E6..113E8]  :   00010100;
	113E9  :   00010011;
	[113EA..113EB]  :   00010010;
	[113EC..113ED]  :   00010011;
	113EE  :   00010010;
	113EF  :   00010001;
	113F0  :   00010011;
	[113F1..113F6]  :   00010010;
	113F7  :   00010011;
	113F8  :   00010010;
	113F9  :   00010100;
	113FA  :   00010101;
	[113FB..113FC]  :   00010110;
	[113FD..113FF]  :   00010101;
	11400  :   00011000;
	11401  :   00010111;
	11402  :   00010101;
	11403  :   00010011;
	[11404..11405]  :   00010010;
	11406  :   00010011;
	[11407..11408]  :   00010100;
	[11409..1140A]  :   00010101;
	[1140B..1140C]  :   00010011;
	1140D  :   00010101;
	1140E  :   00010110;
	[1140F..11416]  :   00010101;
	11417  :   00010110;
	[11418..11419]  :   00010100;
	1141A  :   00010011;
	1141B  :   00010010;
	1141C  :   00010001;
	1141D  :   00001111;
	1141E  :   00001110;
	1141F  :   00001100;
	[11420..11423]  :   00001010;
	11424  :   00001011;
	11425  :   00001101;
	11426  :   00001111;
	[11427..1142C]  :   00010001;
	[1142D..11430]  :   00010000;
	[11431..11434]  :   00001111;
	[11435..11437]  :   00010000;
	[11438..1143D]  :   00001111;
	[1143E..1143F]  :   00010000;
	[11440..1144A]  :   00001010;
	[1144B..1144D]  :   00001011;
	[1144E..11452]  :   00001100;
	[11453..11454]  :   00001011;
	[11455..11456]  :   00001100;
	[11457..11459]  :   00001011;
	[1145A..1145F]  :   00001100;
	[11460..11463]  :   00001101;
	[11464..1146D]  :   00001110;
	[1146E..1146F]  :   00001111;
	[11470..11471]  :   00001110;
	11472  :   00001111;
	[11473..11474]  :   00001110;
	[11475..11476]  :   00001101;
	11477  :   00001110;
	11478  :   00010001;
	11479  :   00010000;
	1147A  :   00001111;
	1147B  :   00001110;
	[1147C..1147D]  :   00001111;
	[1147E..11482]  :   00010000;
	11483  :   00001111;
	11484  :   00001110;
	11485  :   00001111;
	[11486..11489]  :   00010000;
	[1148A..11490]  :   00010001;
	11491  :   00010010;
	[11492..11494]  :   00010011;
	[11495..11496]  :   00010100;
	11497  :   00010010;
	11498  :   00010001;
	11499  :   00010010;
	[1149A..1149B]  :   00010011;
	1149C  :   00010010;
	1149D  :   00010001;
	[1149E..1149F]  :   00010000;
	114A0  :   00010010;
	[114A1..114A2]  :   00010001;
	[114A3..114A4]  :   00010000;
	114A5  :   00001111;
	114A6  :   00010000;
	114A7  :   00010001;
	114A8  :   00001111;
	114A9  :   00010000;
	114AA  :   00001111;
	114AB  :   00001110;
	114AC  :   00001111;
	[114AD..114AF]  :   00010000;
	[114B0..114B1]  :   00001111;
	[114B2..114B7]  :   00010000;
	114B8  :   00010001;
	[114B9..114BA]  :   00010011;
	[114BB..114BC]  :   00010010;
	[114BD..114BE]  :   00010011;
	[114BF..114C0]  :   00010010;
	114C1  :   00010000;
	114C2  :   00001111;
	114C3  :   00010000;
	114C4  :   00010010;
	114C5  :   00010011;
	114C6  :   00010100;
	114C7  :   00010101;
	[114C8..114CA]  :   00010010;
	114CB  :   00010001;
	[114CC..114CD]  :   00010000;
	114CE  :   00010001;
	114CF  :   00010010;
	[114D0..114D1]  :   00010001;
	114D2  :   00010011;
	114D3  :   00010100;
	114D4  :   00010000;
	114D5  :   00001110;
	114D6  :   00001111;
	114D7  :   00010000;
	114D8  :   00010010;
	114D9  :   00010001;
	[114DA..114DB]  :   00010000;
	[114DC..114DD]  :   00010001;
	[114DE..114DF]  :   00010010;
	114E0  :   00010011;
	114E1  :   00010001;
	114E2  :   00010010;
	114E3  :   00010011;
	[114E4..114E5]  :   00010010;
	[114E6..114E9]  :   00010011;
	[114EA..114EB]  :   00010100;
	114EC  :   00010011;
	[114ED..114EE]  :   00010010;
	[114EF..114F1]  :   00010011;
	114F2  :   00010010;
	[114F3..114F4]  :   00010001;
	114F5  :   00010010;
	[114F6..114F7]  :   00010011;
	114F8  :   00010010;
	[114F9..114FA]  :   00010101;
	114FB  :   00010011;
	114FC  :   00010100;
	114FD  :   00010110;
	114FE  :   00010101;
	[114FF..11500]  :   00010010;
	11501  :   00010100;
	[11502..11505]  :   00010011;
	11506  :   00010010;
	[11507..11509]  :   00010100;
	1150A  :   00010011;
	[1150B..1150D]  :   00010100;
	1150E  :   00010010;
	1150F  :   00010001;
	[11510..11512]  :   00010100;
	[11513..11514]  :   00010011;
	11515  :   00010010;
	11516  :   00010100;
	[11517..11519]  :   00010101;
	1151A  :   00010011;
	1151B  :   00010010;
	1151C  :   00010011;
	[1151D..11520]  :   00010100;
	11521  :   00010011;
	[11522..11524]  :   00010010;
	11525  :   00010011;
	[11526..11527]  :   00010010;
	11528  :   00010011;
	11529  :   00010001;
	[1152A..1152B]  :   00010000;
	[1152C..1152D]  :   00010001;
	[1152E..1152F]  :   00010000;
	11530  :   00001111;
	11531  :   00010000;
	[11532..11533]  :   00010001;
	[11534..11538]  :   00010010;
	11539  :   00010011;
	[1153A..1153B]  :   00010101;
	1153C  :   00010100;
	1153D  :   00010011;
	[1153E..1153F]  :   00010100;
	[11540..11541]  :   00010111;
	11542  :   00010110;
	[11543..11546]  :   00010101;
	[11547..11548]  :   00010100;
	11549  :   00010101;
	1154A  :   00010100;
	1154B  :   00010011;
	1154C  :   00010010;
	1154D  :   00010100;
	1154E  :   00010101;
	1154F  :   00010100;
	11550  :   00010101;
	11551  :   00010100;
	11552  :   00010011;
	11553  :   00010010;
	[11554..11555]  :   00010001;
	11556  :   00010011;
	[11557..1155A]  :   00010100;
	1155B  :   00010010;
	1155C  :   00010000;
	1155D  :   00001110;
	1155E  :   00001101;
	1155F  :   00001100;
	11560  :   00001011;
	[11561..11564]  :   00001010;
	11565  :   00001011;
	11566  :   00001100;
	11567  :   00001101;
	[11568..1156B]  :   00001111;
	1156C  :   00010000;
	[1156D..1156E]  :   00001111;
	1156F  :   00001110;
	[11570..11573]  :   00001111;
	[11574..11576]  :   00010000;
	11577  :   00001111;
	[11578..11579]  :   00001110;
	[1157A..1157F]  :   00001111;
	[11580..1158C]  :   00001010;
	[1158D..11592]  :   00001011;
	11593  :   00001010;
	[11594..11595]  :   00001011;
	11596  :   00001100;
	11597  :   00001011;
	[11598..115A1]  :   00001100;
	[115A2..115AC]  :   00001101;
	[115AD..115AF]  :   00001110;
	[115B0..115B2]  :   00001111;
	115B3  :   00001110;
	[115B4..115B7]  :   00001101;
	115B8  :   00010000;
	115B9  :   00001111;
	[115BA..115BC]  :   00001110;
	[115BD..115C0]  :   00001111;
	[115C1..115C2]  :   00010000;
	115C3  :   00001111;
	[115C4..115C5]  :   00001110;
	115C6  :   00001111;
	[115C7..115C9]  :   00001110;
	115CA  :   00001111;
	[115CB..115CE]  :   00010000;
	115CF  :   00010001;
	115D0  :   00001110;
	[115D1..115D4]  :   00010000;
	[115D5..115D6]  :   00010001;
	115D7  :   00010000;
	115D8  :   00001110;
	115D9  :   00001111;
	[115DA..115DC]  :   00010001;
	115DD  :   00010000;
	[115DE..115DF]  :   00001111;
	[115E0..115E2]  :   00010000;
	[115E3..115E4]  :   00001111;
	115E5  :   00001110;
	115E6  :   00001111;
	115E7  :   00010000;
	[115E8..115EA]  :   00001111;
	115EB  :   00001110;
	115EC  :   00001111;
	115ED  :   00010000;
	115EE  :   00001111;
	[115EF..115F1]  :   00001110;
	[115F2..115F3]  :   00001111;
	[115F4..115F5]  :   00010000;
	[115F6..115F9]  :   00010001;
	[115FA..115FC]  :   00010010;
	[115FD..115FE]  :   00010001;
	115FF  :   00010010;
	11600  :   00010011;
	11601  :   00010001;
	[11602..11603]  :   00010000;
	[11604..11605]  :   00010001;
	[11606..11607]  :   00010010;
	11608  :   00010000;
	11609  :   00001111;
	[1160A..1160C]  :   00001110;
	1160D  :   00001111;
	1160E  :   00010000;
	[1160F..11610]  :   00010001;
	11611  :   00001111;
	11612  :   00010000;
	11613  :   00010001;
	11614  :   00001110;
	11615  :   00001101;
	11616  :   00001111;
	[11617..1161D]  :   00010000;
	1161E  :   00010001;
	1161F  :   00010010;
	11620  :   00010001;
	[11621..11622]  :   00010000;
	11623  :   00010001;
	[11624..11625]  :   00010000;
	[11626..11628]  :   00010001;
	[11629..1162C]  :   00010000;
	1162D  :   00001111;
	1162E  :   00010000;
	1162F  :   00010001;
	[11630..11631]  :   00010010;
	11632  :   00010001;
	[11633..11634]  :   00010000;
	11635  :   00010001;
	11636  :   00010010;
	11637  :   00010011;
	11638  :   00010010;
	11639  :   00010011;
	[1163A..1163B]  :   00010100;
	[1163C..1163D]  :   00010011;
	1163E  :   00010010;
	1163F  :   00010001;
	11640  :   00010000;
	[11641..11643]  :   00010010;
	11644  :   00010011;
	11645  :   00010010;
	11646  :   00010001;
	11647  :   00010010;
	[11648..1164C]  :   00010011;
	1164D  :   00010010;
	1164E  :   00010001;
	1164F  :   00010000;
	[11650..11651]  :   00010010;
	11652  :   00010011;
	11653  :   00010100;
	11654  :   00010011;
	[11655..11656]  :   00010010;
	11657  :   00010011;
	11658  :   00010100;
	11659  :   00010011;
	1165A  :   00010010;
	1165B  :   00010000;
	1165C  :   00001111;
	1165D  :   00010001;
	1165E  :   00010011;
	[1165F..11660]  :   00010100;
	11661  :   00010011;
	[11662..11665]  :   00010010;
	[11666..11667]  :   00010001;
	11668  :   00010011;
	11669  :   00010010;
	1166A  :   00010001;
	[1166B..1166F]  :   00010010;
	11670  :   00010000;
	11671  :   00010001;
	[11672..11673]  :   00010010;
	[11674..11675]  :   00010011;
	[11676..1167B]  :   00010100;
	[1167C..1167D]  :   00010011;
	1167E  :   00010100;
	1167F  :   00010101;
	[11680..11681]  :   00010100;
	11682  :   00010011;
	[11683..11689]  :   00010100;
	[1168A..1168C]  :   00010011;
	[1168D..11690]  :   00010100;
	[11691..11692]  :   00010011;
	11693  :   00010010;
	11694  :   00010001;
	11695  :   00010000;
	11696  :   00010001;
	[11697..1169A]  :   00010010;
	1169B  :   00010001;
	1169C  :   00010000;
	1169D  :   00001111;
	[1169E..116A0]  :   00001110;
	116A1  :   00001101;
	[116A2..116A5]  :   00001011;
	116A6  :   00001100;
	[116A7..116AA]  :   00001101;
	[116AB..116AD]  :   00001110;
	116AE  :   00001101;
	116AF  :   00001100;
	[116B0..116B1]  :   00001110;
	116B2  :   00001111;
	116B3  :   00010000;
	[116B4..116B7]  :   00001111;
	[116B8..116BF]  :   00001110;
	[116C0..116D4]  :   00001010;
	[116D5..116D7]  :   00001011;
	[116D8..116DF]  :   00001100;
	[116E0..116E4]  :   00001011;
	[116E5..116EB]  :   00001100;
	[116EC..116EE]  :   00001101;
	116EF  :   00001110;
	[116F0..116F1]  :   00001111;
	[116F2..116F3]  :   00001110;
	[116F4..116F5]  :   00001101;
	[116F6..116FC]  :   00001110;
	116FD  :   00001111;
	[116FE..116FF]  :   00001110;
	11700  :   00001101;
	11701  :   00001111;
	11702  :   00010000;
	11703  :   00001111;
	[11704..11705]  :   00001110;
	11706  :   00001101;
	[11707..11709]  :   00001100;
	[1170A..1170B]  :   00001101;
	[1170C..1170D]  :   00001110;
	[1170E..1170F]  :   00001111;
	11710  :   00001101;
	11711  :   00001111;
	11712  :   00010000;
	11713  :   00001110;
	11714  :   00001101;
	11715  :   00001111;
	[11716..11717]  :   00010000;
	11718  :   00001101;
	11719  :   00001110;
	1171A  :   00001111;
	[1171B..1171E]  :   00010000;
	1171F  :   00001111;
	11720  :   00010000;
	[11721..11724]  :   00001111;
	11725  :   00001110;
	[11726..11728]  :   00001111;
	[11729..1172A]  :   00010000;
	1172B  :   00001111;
	1172C  :   00010000;
	1172D  :   00010001;
	1172E  :   00010000;
	1172F  :   00001110;
	11730  :   00001111;
	[11731..11732]  :   00001110;
	11733  :   00001101;
	11734  :   00001110;
	11735  :   00001111;
	11736  :   00010000;
	[11737..1173C]  :   00010001;
	1173D  :   00001111;
	1173E  :   00010000;
	[1173F..11740]  :   00010001;
	11741  :   00010000;
	[11742..11743]  :   00001111;
	[11744..11747]  :   00010000;
	11748  :   00010001;
	11749  :   00001111;
	1174A  :   00001110;
	1174B  :   00001101;
	1174C  :   00001110;
	[1174D..1174E]  :   00001111;
	1174F  :   00001110;
	11750  :   00010001;
	[11751..11752]  :   00001101;
	11753  :   00001111;
	11754  :   00001110;
	11755  :   00001101;
	[11756..11757]  :   00001110;
	11758  :   00001111;
	11759  :   00010000;
	1175A  :   00010001;
	1175B  :   00010000;
	[1175C..1175D]  :   00001111;
	[1175E..1175F]  :   00010000;
	11760  :   00010001;
	[11761..11762]  :   00001110;
	[11763..11764]  :   00001111;
	11765  :   00010000;
	11766  :   00010001;
	11767  :   00001111;
	11768  :   00010000;
	11769  :   00001111;
	[1176A..1176B]  :   00001110;
	1176C  :   00001101;
	1176D  :   00001110;
	1176E  :   00001111;
	1176F  :   00010000;
	[11770..11772]  :   00010001;
	[11773..11774]  :   00001111;
	11775  :   00010000;
	11776  :   00010001;
	11777  :   00010010;
	[11778..1177A]  :   00010001;
	1177B  :   00010010;
	1177C  :   00010001;
	[1177D..1177F]  :   00010000;
	11780  :   00001111;
	[11781..11783]  :   00010001;
	11784  :   00010011;
	11785  :   00010010;
	11786  :   00010000;
	[11787..11788]  :   00010001;
	11789  :   00010010;
	[1178A..1178B]  :   00010011;
	1178C  :   00010010;
	1178D  :   00010001;
	[1178E..11790]  :   00010000;
	11791  :   00010001;
	11792  :   00010010;
	11793  :   00010100;
	11794  :   00010011;
	[11795..11799]  :   00010010;
	1179A  :   00010001;
	1179B  :   00001111;
	1179C  :   00001101;
	1179D  :   00001110;
	1179E  :   00001111;
	1179F  :   00010000;
	[117A0..117A2]  :   00010011;
	[117A3..117A4]  :   00010010;
	[117A5..117A7]  :   00010001;
	117A8  :   00010011;
	[117A9..117AA]  :   00010001;
	[117AB..117AC]  :   00010010;
	[117AD..117AF]  :   00010001;
	117B0  :   00010000;
	117B1  :   00010001;
	117B2  :   00010010;
	[117B3..117B4]  :   00010001;
	117B5  :   00010010;
	117B6  :   00010011;
	117B7  :   00010100;
	117B8  :   00010110;
	117B9  :   00010101;
	117BA  :   00010100;
	[117BB..117BC]  :   00010011;
	117BD  :   00010100;
	[117BE..117C0]  :   00010101;
	117C1  :   00010011;
	117C2  :   00010010;
	[117C3..117C4]  :   00010011;
	[117C5..117C6]  :   00010100;
	[117C7..117C8]  :   00010101;
	117C9  :   00010100;
	[117CA..117CB]  :   00010011;
	[117CC..117CE]  :   00010100;
	[117CF..117D0]  :   00010011;
	117D1  :   00010100;
	[117D2..117D3]  :   00010101;
	117D4  :   00010100;
	117D5  :   00010011;
	[117D6..117D7]  :   00010010;
	[117D8..117D9]  :   00010001;
	117DA  :   00010000;
	117DB  :   00010001;
	[117DC..117DD]  :   00010010;
	117DE  :   00010001;
	117DF  :   00010000;
	117E0  :   00010001;
	117E1  :   00001111;
	117E2  :   00001110;
	[117E3..117E5]  :   00001101;
	117E6  :   00001110;
	117E7  :   00001111;
	117E8  :   00001110;
	[117E9..117EA]  :   00001101;
	[117EB..117ED]  :   00001110;
	117EE  :   00001101;
	[117EF..117F0]  :   00001100;
	117F1  :   00001110;
	117F2  :   00001111;
	117F3  :   00010000;
	117F4  :   00001111;
	[117F5..117F6]  :   00001110;
	117F7  :   00001111;
	[117F8..117FB]  :   00001110;
	[117FC..117FF]  :   00001101;
	[11800..11815]  :   00001010;
	[11816..11828]  :   00001011;
	[11829..1182B]  :   00001100;
	[1182C..1182D]  :   00001011;
	1182E  :   00001100;
	[1182F..11830]  :   00001101;
	[11831..11833]  :   00001110;
	[11834..11839]  :   00001101;
	[1183A..1183D]  :   00001110;
	[1183E..1183F]  :   00001101;
	[11840..11841]  :   00001110;
	[11842..11845]  :   00001101;
	11846  :   00001100;
	11847  :   00001011;
	11848  :   00001010;
	11849  :   00001011;
	1184A  :   00001100;
	1184B  :   00001101;
	[1184C..1184E]  :   00001110;
	1184F  :   00001111;
	11850  :   00001101;
	11851  :   00001110;
	11852  :   00001111;
	[11853..11855]  :   00001110;
	11856  :   00001111;
	11857  :   00010000;
	[11858..1185A]  :   00001111;
	1185B  :   00010000;
	[1185C..1185D]  :   00010001;
	1185E  :   00001111;
	1185F  :   00001110;
	11860  :   00001100;
	11861  :   00001110;
	11862  :   00001111;
	[11863..11864]  :   00010000;
	[11865..11873]  :   00001111;
	[11874..11875]  :   00001110;
	11876  :   00001111;
	[11877..11879]  :   00010001;
	1187A  :   00010000;
	[1187B..1187C]  :   00001111;
	[1187D..1187F]  :   00010000;
	[11880..11881]  :   00001111;
	11882  :   00001110;
	11883  :   00001101;
	11884  :   00001100;
	11885  :   00001101;
	[11886..11887]  :   00001110;
	11888  :   00010000;
	11889  :   00001111;
	[1188A..1188E]  :   00001110;
	1188F  :   00001101;
	[11890..11891]  :   00001111;
	[11892..11897]  :   00001110;
	[11898..1189E]  :   00001111;
	1189F  :   00010000;
	[118A0..118A3]  :   00001111;
	[118A4..118A5]  :   00001110;
	[118A6..118A7]  :   00001111;
	[118A8..118AB]  :   00001110;
	[118AC..118AD]  :   00001101;
	118AE  :   00001110;
	118AF  :   00001111;
	118B0  :   00010000;
	118B1  :   00001111;
	118B2  :   00001110;
	118B3  :   00001101;
	[118B4..118B5]  :   00001110;
	[118B6..118B8]  :   00001111;
	[118B9..118BB]  :   00001110;
	[118BC..118BE]  :   00001111;
	[118BF..118C0]  :   00001110;
	118C1  :   00001111;
	118C2  :   00010000;
	118C3  :   00010001;
	118C4  :   00010010;
	[118C5..118C6]  :   00010011;
	118C7  :   00010010;
	[118C8..118C9]  :   00010001;
	118CA  :   00010010;
	[118CB..118CC]  :   00010011;
	118CD  :   00010010;
	[118CE..118CF]  :   00010001;
	118D0  :   00010010;
	118D1  :   00010001;
	118D2  :   00010000;
	[118D3..118D5]  :   00010001;
	118D6  :   00010010;
	118D7  :   00010011;
	[118D8..118D9]  :   00001111;
	118DA  :   00010001;
	118DB  :   00010010;
	118DC  :   00010001;
	118DD  :   00001111;
	118DE  :   00010000;
	118DF  :   00010010;
	[118E0..118E3]  :   00010011;
	[118E4..118E5]  :   00010100;
	118E6  :   00010011;
	118E7  :   00010010;
	[118E8..118EA]  :   00010011;
	118EB  :   00010001;
	[118EC..118ED]  :   00010000;
	118EE  :   00010001;
	118EF  :   00010011;
	[118F0..118F1]  :   00010010;
	118F2  :   00010001;
	[118F3..118F4]  :   00010010;
	[118F5..118F7]  :   00010011;
	118F8  :   00010010;
	118F9  :   00010100;
	118FA  :   00010101;
	118FB  :   00010100;
	[118FC..118FD]  :   00010101;
	118FE  :   00010011;
	118FF  :   00010000;
	[11900..11902]  :   00010011;
	[11903..11907]  :   00010100;
	11908  :   00010110;
	11909  :   00010101;
	[1190A..1190F]  :   00010011;
	11910  :   00010001;
	[11911..11912]  :   00010010;
	[11913..11914]  :   00010011;
	11915  :   00010010;
	[11916..11917]  :   00010001;
	[11918..11919]  :   00010000;
	[1191A..1191D]  :   00010001;
	[1191E..1191F]  :   00010010;
	11920  :   00010001;
	[11921..11925]  :   00010000;
	[11926..11929]  :   00001111;
	[1192A..1192B]  :   00010000;
	1192C  :   00001111;
	1192D  :   00001110;
	[1192E..1192F]  :   00001101;
	[11930..11931]  :   00001110;
	[11932..11933]  :   00001111;
	11934  :   00001110;
	11935  :   00001101;
	[11936..11937]  :   00001100;
	[11938..1193A]  :   00001111;
	[1193B..1193C]  :   00001110;
	[1193D..1193F]  :   00001101;
	[11940..11955]  :   00001010;
	[11956..11968]  :   00001011;
	[11969..1196B]  :   00001100;
	[1196C..1196E]  :   00001011;
	1196F  :   00001100;
	[11970..11979]  :   00001101;
	[1197A..1197F]  :   00001110;
	[11980..11984]  :   00001101;
	[11985..11986]  :   00001100;
	[11987..11988]  :   00001011;
	11989  :   00001100;
	1198A  :   00001101;
	[1198B..1198E]  :   00001110;
	1198F  :   00001111;
	11990  :   00001110;
	[11991..11993]  :   00001111;
	11994  :   00001110;
	[11995..11999]  :   00001111;
	1199A  :   00001110;
	[1199B..1199D]  :   00001111;
	1199E  :   00001110;
	[1199F..119A1]  :   00001101;
	119A2  :   00001110;
	[119A3..119A9]  :   00001111;
	[119AA..119AE]  :   00001110;
	[119AF..119B0]  :   00001101;
	119B1  :   00001110;
	[119B2..119B3]  :   00001111;
	[119B4..119B5]  :   00001110;
	119B6  :   00001111;
	119B7  :   00010000;
	[119B8..119B9]  :   00010001;
	119BA  :   00010000;
	[119BB..119BD]  :   00001111;
	[119BE..119BF]  :   00010000;
	[119C0..119C1]  :   00001101;
	[119C2..119C5]  :   00001100;
	[119C6..119C7]  :   00001101;
	[119C8..119CB]  :   00001111;
	[119CC..119CD]  :   00001110;
	119CE  :   00001101;
	119CF  :   00001100;
	119D0  :   00001111;
	[119D1..119D2]  :   00001110;
	[119D3..119D4]  :   00001101;
	[119D5..119D7]  :   00001110;
	[119D8..119D9]  :   00001111;
	[119DA..119DC]  :   00010000;
	[119DD..119DE]  :   00001111;
	119DF  :   00010000;
	[119E0..119E7]  :   00001110;
	[119E8..119E9]  :   00001101;
	119EA  :   00001100;
	119EB  :   00001101;
	[119EC..119EE]  :   00001100;
	119EF  :   00001110;
	119F0  :   00001111;
	[119F1..119F7]  :   00001110;
	[119F8..119FC]  :   00001101;
	119FD  :   00001110;
	[119FE..11A02]  :   00001111;
	11A03  :   00010000;
	11A04  :   00010010;
	11A05  :   00010011;
	11A06  :   00010010;
	11A07  :   00010001;
	[11A08..11A09]  :   00010000;
	11A0A  :   00010001;
	[11A0B..11A0C]  :   00010010;
	[11A0D..11A0F]  :   00010001;
	11A10  :   00010000;
	[11A11..11A17]  :   00010001;
	[11A18..11A19]  :   00001111;
	11A1A  :   00010000;
	[11A1B..11A1D]  :   00010001;
	11A1E  :   00010010;
	11A1F  :   00010011;
	11A20  :   00010010;
	[11A21..11A24]  :   00010011;
	[11A25..11A26]  :   00010100;
	11A27  :   00010011;
	11A28  :   00010010;
	[11A29..11A2A]  :   00010011;
	[11A2B..11A2D]  :   00010010;
	11A2E  :   00010011;
	11A2F  :   00010101;
	11A30  :   00010100;
	[11A31..11A32]  :   00010011;
	[11A33..11A37]  :   00010010;
	11A38  :   00010001;
	11A39  :   00010010;
	11A3A  :   00010011;
	[11A3B..11A3C]  :   00010010;
	11A3D  :   00010100;
	11A3E  :   00010011;
	11A3F  :   00010000;
	[11A40..11A42]  :   00010001;
	11A43  :   00010010;
	[11A44..11A45]  :   00010011;
	[11A46..11A47]  :   00010100;
	11A48  :   00010101;
	[11A49..11A4A]  :   00010100;
	[11A4B..11A4D]  :   00010011;
	[11A4E..11A4F]  :   00010010;
	[11A50..11A52]  :   00010000;
	[11A53..11A54]  :   00010001;
	[11A55..11A56]  :   00010000;
	[11A57..11A5F]  :   00010001;
	[11A60..11A61]  :   00010000;
	11A62  :   00001111;
	[11A63..11A66]  :   00010000;
	[11A67..11A6C]  :   00001111;
	[11A6D..11A71]  :   00001110;
	11A72  :   00001111;
	11A73  :   00001110;
	[11A74..11A75]  :   00001101;
	11A76  :   00001100;
	[11A77..11A7F]  :   00001101;
	[11A80..11A9F]  :   00001010;
	[11AA0..11AA8]  :   00001011;
	[11AA9..11AAB]  :   00001100;
	11AAC  :   00001011;
	11AAD  :   00001010;
	[11AAE..11AAF]  :   00001011;
	11AB0  :   00001100;
	[11AB1..11AB2]  :   00001011;
	[11AB3..11AB9]  :   00001100;
	11ABA  :   00001101;
	[11ABB..11ABF]  :   00001110;
	[11AC0..11AC1]  :   00001101;
	11AC2  :   00001100;
	[11AC3..11AC5]  :   00001101;
	11AC6  :   00001100;
	11AC7  :   00001011;
	11AC8  :   00001100;
	11AC9  :   00001101;
	[11ACA..11AD0]  :   00001110;
	[11AD1..11AD3]  :   00001111;
	[11AD4..11AD6]  :   00001110;
	11AD7  :   00001101;
	11AD8  :   00001111;
	11AD9  :   00001110;
	[11ADA..11ADC]  :   00001101;
	11ADD  :   00001110;
	[11ADE..11ADF]  :   00001101;
	11AE0  :   00001110;
	[11AE1..11AE3]  :   00001101;
	[11AE4..11AE5]  :   00001110;
	[11AE6..11AE8]  :   00001111;
	11AE9  :   00001110;
	[11AEA..11AF1]  :   00001101;
	11AF2  :   00001110;
	[11AF3..11AF6]  :   00001111;
	11AF7  :   00001110;
	[11AF8..11AF9]  :   00010000;
	[11AFA..11AFB]  :   00001111;
	[11AFC..11AFF]  :   00001110;
	[11B00..11B04]  :   00001100;
	[11B05..11B06]  :   00001101;
	11B07  :   00001110;
	[11B08..11B0D]  :   00001111;
	11B0E  :   00001110;
	11B0F  :   00001101;
	11B10  :   00001111;
	11B11  :   00001110;
	[11B12..11B13]  :   00001101;
	[11B14..11B18]  :   00001110;
	11B19  :   00001111;
	[11B1A..11B1C]  :   00010000;
	[11B1D..11B1F]  :   00001111;
	[11B20..11B27]  :   00001101;
	[11B28..11B2B]  :   00001100;
	[11B2C..11B2E]  :   00001011;
	11B2F  :   00001100;
	[11B30..11B31]  :   00001110;
	[11B32..11B33]  :   00001101;
	[11B34..11B36]  :   00001110;
	[11B37..11B3D]  :   00001101;
	11B3E  :   00001111;
	[11B3F..11B41]  :   00010000;
	11B42  :   00001111;
	11B43  :   00010000;
	11B44  :   00010001;
	[11B45..11B46]  :   00010010;
	11B47  :   00010001;
	11B48  :   00001111;
	11B49  :   00010000;
	[11B4A..11B4C]  :   00010001;
	[11B4D..11B4F]  :   00010000;
	11B50  :   00010001;
	11B51  :   00010010;
	11B52  :   00010011;
	[11B53..11B56]  :   00010010;
	[11B57..11B58]  :   00010000;
	11B59  :   00010001;
	[11B5A..11B5B]  :   00010000;
	11B5C  :   00010001;
	[11B5D..11B5E]  :   00010011;
	[11B5F..11B64]  :   00010010;
	[11B65..11B67]  :   00010011;
	11B68  :   00010010;
	[11B69..11B6C]  :   00010011;
	11B6D  :   00010100;
	11B6E  :   00010101;
	11B6F  :   00010110;
	[11B70..11B71]  :   00010101;
	11B72  :   00010100;
	11B73  :   00010011;
	[11B74..11B76]  :   00010010;
	11B77  :   00010011;
	[11B78..11B7A]  :   00010001;
	[11B7B..11B7C]  :   00010000;
	11B7D  :   00010010;
	11B7E  :   00010001;
	11B7F  :   00010000;
	[11B80..11B81]  :   00001111;
	[11B82..11B84]  :   00010000;
	[11B85..11B88]  :   00010001;
	11B89  :   00010010;
	[11B8A..11B8C]  :   00010011;
	[11B8D..11B8E]  :   00010010;
	[11B8F..11B90]  :   00010001;
	[11B91..11B94]  :   00010000;
	[11B95..11B96]  :   00010001;
	11B97  :   00010010;
	[11B98..11B9F]  :   00010000;
	[11BA0..11BA1]  :   00001111;
	[11BA2..11BA3]  :   00001110;
	[11BA4..11BA5]  :   00001111;
	[11BA6..11BA7]  :   00001110;
	11BA8  :   00001111;
	[11BA9..11BB2]  :   00001110;
	[11BB3..11BB4]  :   00001101;
	11BB5  :   00001100;
	[11BB6..11BB7]  :   00001101;
	[11BB8..11BBF]  :   00001100;
	[11BC0..11BDF]  :   00001010;
	[11BE0..11BE9]  :   00001011;
	11BEA  :   00001100;
	11BEB  :   00001011;
	[11BEC..11BEE]  :   00001010;
	[11BEF..11BF0]  :   00001011;
	[11BF1..11BF2]  :   00001010;
	[11BF3..11BF4]  :   00001011;
	[11BF5..11BF6]  :   00001100;
	[11BF7..11BF9]  :   00001011;
	[11BFA..11BFB]  :   00001100;
	[11BFC..11C03]  :   00001101;
	11C04  :   00001110;
	[11C05..11C06]  :   00001101;
	11C07  :   00001100;
	[11C08..11C09]  :   00001101;
	[11C0A..11C0B]  :   00001110;
	[11C0C..11C10]  :   00001101;
	[11C11..11C15]  :   00001110;
	11C16  :   00001101;
	11C17  :   00001100;
	11C18  :   00001110;
	11C19  :   00001101;
	[11C1A..11C1B]  :   00001100;
	[11C1C..11C1D]  :   00001101;
	[11C1E..11C20]  :   00001110;
	11C21  :   00001101;
	[11C22..11C23]  :   00001100;
	11C24  :   00001101;
	[11C25..11C28]  :   00001110;
	[11C29..11C2C]  :   00001101;
	[11C2D..11C2F]  :   00001110;
	[11C30..11C32]  :   00001101;
	[11C33..11C36]  :   00001110;
	11C37  :   00001101;
	[11C38..11C3A]  :   00001110;
	[11C3B..11C3D]  :   00001101;
	[11C3E..11C3F]  :   00001100;
	[11C40..11C41]  :   00001101;
	[11C42..11C43]  :   00001100;
	11C44  :   00001101;
	[11C45..11C49]  :   00001110;
	[11C4A..11C4E]  :   00001111;
	11C4F  :   00001110;
	11C50  :   00001111;
	[11C51..11C53]  :   00001110;
	[11C54..11C55]  :   00001111;
	[11C56..11C57]  :   00001110;
	[11C58..11C59]  :   00001101;
	11C5A  :   00001110;
	[11C5B..11C5C]  :   00001111;
	[11C5D..11C5F]  :   00001110;
	11C60  :   00001101;
	[11C61..11C62]  :   00001100;
	11C63  :   00001011;
	11C64  :   00001100;
	[11C65..11C68]  :   00001101;
	[11C69..11C6C]  :   00001100;
	[11C6D..11C6E]  :   00001011;
	11C6F  :   00001100;
	[11C70..11C71]  :   00001101;
	11C72  :   00001100;
	[11C73..11C7D]  :   00001101;
	11C7E  :   00001110;
	11C7F  :   00001111;
	11C80  :   00001110;
	11C81  :   00001111;
	[11C82..11C84]  :   00010000;
	[11C85..11C87]  :   00010001;
	11C88  :   00001111;
	11C89  :   00010000;
	[11C8A..11C8B]  :   00010001;
	11C8C  :   00010000;
	11C8D  :   00001111;
	[11C8E..11C8F]  :   00010000;
	11C90  :   00010001;
	[11C91..11C92]  :   00010011;
	11C93  :   00010001;
	11C94  :   00010000;
	[11C95..11C96]  :   00010010;
	11C97  :   00010000;
	[11C98..11C9A]  :   00010010;
	[11C9B..11C9C]  :   00010000;
	[11C9D..11C9E]  :   00010010;
	11C9F  :   00010000;
	11CA0  :   00010001;
	[11CA1..11CA2]  :   00010010;
	11CA3  :   00010001;
	11CA4  :   00010000;
	11CA5  :   00010001;
	[11CA6..11CA7]  :   00010010;
	11CA8  :   00010001;
	[11CA9..11CAA]  :   00010010;
	[11CAB..11CAE]  :   00010011;
	11CAF  :   00010100;
	[11CB0..11CB1]  :   00010011;
	11CB2  :   00010100;
	11CB3  :   00010011;
	[11CB4..11CB6]  :   00010010;
	11CB7  :   00010011;
	11CB8  :   00010001;
	11CB9  :   00010010;
	11CBA  :   00010001;
	[11CBB..11CBC]  :   00010000;
	11CBD  :   00010001;
	11CBE  :   00010000;
	11CBF  :   00001111;
	[11CC0..11CC1]  :   00010000;
	[11CC2..11CC3]  :   00001111;
	[11CC4..11CC5]  :   00001110;
	[11CC6..11CC7]  :   00001101;
	11CC8  :   00001110;
	11CC9  :   00001111;
	[11CCA..11CD0]  :   00010001;
	[11CD1..11CD5]  :   00010000;
	[11CD6..11CD7]  :   00010001;
	[11CD8..11CDB]  :   00001111;
	[11CDC..11CDF]  :   00010000;
	[11CE0..11CE1]  :   00001111;
	[11CE2..11CE5]  :   00001110;
	[11CE6..11CE7]  :   00001101;
	11CE8  :   00001110;
	[11CE9..11CED]  :   00001101;
	[11CEE..11CF0]  :   00001110;
	[11CF1..11CF3]  :   00001101;
	[11CF4..11CF6]  :   00001100;
	11CF7  :   00001101;
	[11CF8..11CFC]  :   00001100;
	[11CFD..11CFF]  :   00001011;
	[11D00..11D27]  :   00001010;
	[11D28..11D2B]  :   00001011;
	[11D2C..11D33]  :   00001010;
	[11D34..11D39]  :   00001011;
	[11D3A..11D3F]  :   00001100;
	[11D40..11D43]  :   00001101;
	[11D44..11D45]  :   00001110;
	[11D46..11D47]  :   00001101;
	11D48  :   00001100;
	[11D49..11D4B]  :   00001101;
	[11D4C..11D4F]  :   00001100;
	[11D50..11D54]  :   00001101;
	[11D55..11D56]  :   00001110;
	[11D57..11D59]  :   00001101;
	[11D5A..11D5B]  :   00001100;
	[11D5C..11D5D]  :   00001101;
	[11D5E..11D60]  :   00001110;
	11D61  :   00001101;
	[11D62..11D64]  :   00001100;
	[11D65..11D66]  :   00001101;
	11D67  :   00001100;
	[11D68..11D69]  :   00001101;
	[11D6A..11D6B]  :   00001100;
	11D6C  :   00001101;
	[11D6D..11D70]  :   00001110;
	[11D71..11D74]  :   00001101;
	11D75  :   00001110;
	[11D76..11D7B]  :   00001101;
	[11D7C..11D7F]  :   00001100;
	11D80  :   00001110;
	11D81  :   00001101;
	[11D82..11D84]  :   00001100;
	[11D85..11D8C]  :   00001101;
	[11D8D..11D93]  :   00001110;
	11D94  :   00001111;
	[11D95..11D96]  :   00001110;
	11D97  :   00001101;
	[11D98..11D99]  :   00001100;
	[11D9A..11D9B]  :   00001101;
	[11D9C..11D9D]  :   00001100;
	[11D9E..11DA0]  :   00001101;
	11DA1  :   00001100;
	11DA2  :   00001011;
	11DA3  :   00001010;
	11DA4  :   00001011;
	[11DA5..11DA6]  :   00001100;
	[11DA7..11DA8]  :   00001101;
	[11DA9..11DAC]  :   00001100;
	11DAD  :   00001011;
	11DAE  :   00001100;
	[11DAF..11DB0]  :   00001101;
	[11DB1..11DB2]  :   00001100;
	11DB3  :   00001011;
	[11DB4..11DBB]  :   00001100;
	[11DBC..11DBF]  :   00001101;
	11DC0  :   00001100;
	11DC1  :   00001110;
	[11DC2..11DC5]  :   00001111;
	[11DC6..11DC7]  :   00010000;
	11DC8  :   00001111;
	[11DC9..11DCA]  :   00010001;
	11DCB  :   00010000;
	[11DCC..11DCF]  :   00001111;
	11DD0  :   00010001;
	11DD1  :   00010010;
	11DD2  :   00010000;
	11DD3  :   00001110;
	11DD4  :   00001101;
	11DD5  :   00010000;
	11DD6  :   00010001;
	11DD7  :   00010000;
	11DD8  :   00010001;
	[11DD9..11DDA]  :   00010010;
	11DDB  :   00010000;
	11DDC  :   00001111;
	11DDD  :   00010000;
	11DDE  :   00010001;
	11DDF  :   00010000;
	[11DE0..11DE2]  :   00010001;
	11DE3  :   00010000;
	11DE4  :   00001111;
	11DE5  :   00010000;
	11DE6  :   00010001;
	11DE7  :   00010010;
	[11DE8..11DE9]  :   00010000;
	[11DEA..11DF1]  :   00010001;
	[11DF2..11DF3]  :   00010010;
	[11DF4..11DF9]  :   00010001;
	[11DFA..11DFE]  :   00010000;
	11DFF  :   00001111;
	11E00  :   00010001;
	[11E01..11E02]  :   00010000;
	11E03  :   00001111;
	11E04  :   00001110;
	11E05  :   00001101;
	[11E06..11E07]  :   00001100;
	11E08  :   00001101;
	11E09  :   00001110;
	11E0A  :   00001111;
	[11E0B..11E0F]  :   00010000;
	11E10  :   00001111;
	[11E11..11E12]  :   00001101;
	[11E13..11E1C]  :   00001110;
	[11E1D..11E21]  :   00001111;
	[11E22..11E26]  :   00001110;
	11E27  :   00001101;
	11E28  :   00001100;
	[11E29..11E30]  :   00001101;
	[11E31..11E32]  :   00001100;
	[11E33..11E34]  :   00001011;
	[11E35..11E3B]  :   00001100;
	[11E3C..11E3F]  :   00001011;
	[11E40..11E73]  :   00001010;
	[11E74..11E7F]  :   00001011;
	11E80  :   00001100;
	11E81  :   00001011;
	[11E82..11E83]  :   00001100;
	[11E84..11E85]  :   00001101;
	[11E86..11E8B]  :   00001100;
	[11E8C..11E8E]  :   00001011;
	[11E8F..11E90]  :   00001100;
	[11E91..11E92]  :   00001101;
	11E93  :   00001100;
	11E94  :   00001101;
	[11E95..11E97]  :   00001110;
	[11E98..11E99]  :   00001101;
	[11E9A..11E9B]  :   00001100;
	[11E9C..11EA1]  :   00001101;
	[11EA2..11EA6]  :   00001100;
	11EA7  :   00001011;
	11EA8  :   00001101;
	[11EA9..11EAB]  :   00001100;
	[11EAC..11EB1]  :   00001101;
	[11EB2..11EB3]  :   00001100;
	[11EB4..11EBD]  :   00001101;
	[11EBE..11EBF]  :   00001100;
	11EC0  :   00001110;
	11EC1  :   00001101;
	[11EC2..11EC4]  :   00001100;
	11EC5  :   00001101;
	[11EC6..11EC7]  :   00001100;
	[11EC8..11ECA]  :   00001101;
	[11ECB..11ECD]  :   00001100;
	11ECE  :   00001101;
	11ECF  :   00001110;
	[11ED0..11ED2]  :   00001101;
	11ED3  :   00001110;
	[11ED4..11ED5]  :   00001101;
	[11ED6..11ED7]  :   00001100;
	11ED8  :   00001011;
	11ED9  :   00001100;
	[11EDA..11EDD]  :   00001011;
	[11EDE..11EDF]  :   00001100;
	11EE0  :   00001110;
	11EE1  :   00001101;
	11EE2  :   00001011;
	[11EE3..11EE4]  :   00001010;
	11EE5  :   00001011;
	[11EE6..11EEB]  :   00001100;
	[11EEC..11EEE]  :   00001011;
	[11EEF..11EF1]  :   00001100;
	[11EF2..11EFA]  :   00001011;
	11EFB  :   00001100;
	11EFC  :   00001101;
	11EFD  :   00001110;
	11EFE  :   00001101;
	11EFF  :   00001100;
	11F00  :   00001011;
	11F01  :   00001101;
	[11F02..11F03]  :   00001110;
	[11F04..11F05]  :   00001101;
	[11F06..11F08]  :   00001111;
	[11F09..11F0A]  :   00010000;
	11F0B  :   00001111;
	[11F0C..11F0D]  :   00001110;
	11F0E  :   00001111;
	11F0F  :   00001110;
	[11F10..11F11]  :   00010000;
	11F12  :   00001110;
	[11F13..11F14]  :   00001100;
	11F15  :   00001110;
	[11F16..11F17]  :   00010000;
	11F18  :   00001110;
	11F19  :   00001111;
	11F1A  :   00010000;
	[11F1B..11F1C]  :   00001111;
	11F1D  :   00010000;
	[11F1E..11F1F]  :   00010001;
	11F20  :   00001111;
	[11F21..11F22]  :   00010000;
	11F23  :   00001111;
	11F24  :   00010000;
	11F25  :   00010001;
	[11F26..11F27]  :   00010010;
	[11F28..11F29]  :   00010000;
	[11F2A..11F2B]  :   00010001;
	[11F2C..11F2F]  :   00010010;
	[11F30..11F37]  :   00010001;
	[11F38..11F3B]  :   00001111;
	[11F3C..11F3D]  :   00010000;
	[11F3E..11F3F]  :   00001111;
	[11F40..11F42]  :   00010000;
	[11F43..11F44]  :   00001111;
	[11F45..11F49]  :   00001110;
	[11F4A..11F4B]  :   00001111;
	[11F4C..11F4F]  :   00001110;
	11F50  :   00001100;
	[11F51..11F52]  :   00001011;
	11F53  :   00001100;
	[11F54..11F56]  :   00001101;
	11F57  :   00001100;
	11F58  :   00001110;
	[11F59..11F5F]  :   00001101;
	11F60  :   00001110;
	[11F61..11F67]  :   00001101;
	[11F68..11F6A]  :   00001100;
	[11F6B..11F6C]  :   00001101;
	[11F6D..11F70]  :   00001100;
	[11F71..11F77]  :   00001011;
	[11F78..11F7B]  :   00001010;
	[11F7C..11F7F]  :   00001011;
	[11F80..11FB6]  :   00001010;
	11FB7  :   00001011;
	11FB8  :   00001010;
	[11FB9..11FBD]  :   00001011;
	[11FBE..11FBF]  :   00001010;
	[11FC0..11FC3]  :   00001011;
	[11FC4..11FC5]  :   00001100;
	[11FC6..11FCE]  :   00001011;
	11FCF  :   00001100;
	11FD0  :   00001011;
	11FD1  :   00001100;
	11FD2  :   00001101;
	[11FD3..11FD5]  :   00001100;
	[11FD6..11FD7]  :   00001101;
	[11FD8..11FDD]  :   00001100;
	[11FDE..11FDF]  :   00001101;
	[11FE0..11FE3]  :   00001100;
	[11FE4..11FE6]  :   00001011;
	[11FE7..11FEA]  :   00001100;
	[11FEB..11FF1]  :   00001101;
	[11FF2..11FF5]  :   00001100;
	[11FF6..11FF7]  :   00001101;
	[11FF8..11FF9]  :   00001100;
	[11FFA..11FFE]  :   00001101;
	11FFF  :   00001100;
	[12000..12001]  :   00001101;
	12002  :   00001100;
	12003  :   00001101;
	12004  :   00001110;
	12005  :   00001101;
	12006  :   00001100;
	12007  :   00001011;
	12008  :   00001100;
	[12009..1200B]  :   00001101;
	[1200C..1200D]  :   00001100;
	[1200E..1200F]  :   00001101;
	12010  :   00001100;
	12011  :   00001101;
	[12012..12013]  :   00001110;
	12014  :   00001101;
	12015  :   00001100;
	[12016..12017]  :   00001011;
	[12018..12019]  :   00001100;
	[1201A..1201B]  :   00001011;
	[1201C..1201D]  :   00001010;
	1201E  :   00001011;
	1201F  :   00001100;
	[12020..12021]  :   00001101;
	[12022..12023]  :   00001100;
	[12024..12026]  :   00001011;
	12027  :   00001100;
	[12028..1202E]  :   00001011;
	[1202F..12030]  :   00001100;
	[12031..12032]  :   00001011;
	12033  :   00001010;
	[12034..12036]  :   00001011;
	[12037..12039]  :   00001010;
	1203A  :   00001011;
	[1203B..1203C]  :   00001100;
	[1203D..12041]  :   00001101;
	12042  :   00001100;
	[12043..12044]  :   00001011;
	12045  :   00001100;
	12046  :   00001101;
	12047  :   00001110;
	12048  :   00001101;
	12049  :   00001111;
	1204A  :   00001110;
	[1204B..1204C]  :   00001101;
	[1204D..1204E]  :   00001110;
	1204F  :   00001101;
	[12050..12051]  :   00001111;
	[12052..12053]  :   00001110;
	[12054..12055]  :   00001111;
	[12056..12057]  :   00010000;
	[12058..1205A]  :   00001110;
	[1205B..1205F]  :   00010000;
	[12060..12063]  :   00001110;
	12064  :   00001111;
	12065  :   00010000;
	[12066..12067]  :   00010001;
	[12068..12069]  :   00010000;
	[1206A..1206B]  :   00010001;
	[1206C..1206F]  :   00010010;
	[12070..12071]  :   00010001;
	[12072..12075]  :   00010000;
	[12076..12077]  :   00010001;
	12078  :   00001111;
	[12079..1207A]  :   00001110;
	[1207B..12083]  :   00001111;
	[12084..1208A]  :   00001110;
	[1208B..1208D]  :   00001101;
	[1208E..12090]  :   00001100;
	[12091..12092]  :   00001011;
	12093  :   00001100;
	[12094..12095]  :   00001101;
	[12096..12097]  :   00001100;
	12098  :   00001101;
	[12099..1209B]  :   00001100;
	[1209C..1209D]  :   00001011;
	[1209E..120A1]  :   00001100;
	[120A2..120A3]  :   00001011;
	[120A4..120AC]  :   00001100;
	[120AD..120AE]  :   00001011;
	120AF  :   00001010;
	120B0  :   00001011;
	[120B1..120B4]  :   00001010;
	120B5  :   00001011;
	[120B6..120B7]  :   00001010;
	[120B8..120B9]  :   00001001;
	[120BA..120F6]  :   00001010;
	120F7  :   00001011;
	[120F8..120F9]  :   00001001;
	[120FA..120FF]  :   00001010;
	[12100..12103]  :   00001011;
	[12104..12105]  :   00001100;
	[12106..1210D]  :   00001011;
	[1210E..1210F]  :   00001100;
	12110  :   00001001;
	12111  :   00001011;
	12112  :   00001100;
	[12113..1211C]  :   00001011;
	1211D  :   00001100;
	[1211E..1211F]  :   00001101;
	[12120..12122]  :   00001100;
	[12123..12125]  :   00001011;
	[12126..12127]  :   00001100;
	12128  :   00001011;
	[12129..1212A]  :   00001100;
	1212B  :   00001101;
	[1212C..12130]  :   00001110;
	[12131..12132]  :   00001101;
	[12133..12137]  :   00001100;
	[12138..12139]  :   00001011;
	1213A  :   00001100;
	[1213B..1213D]  :   00001101;
	[1213E..12142]  :   00001100;
	12143  :   00001101;
	[12144..12145]  :   00001110;
	12146  :   00001100;
	[12147..12148]  :   00001010;
	12149  :   00001011;
	[1214A..1214E]  :   00001100;
	1214F  :   00001101;
	12150  :   00001100;
	12151  :   00001101;
	[12152..12153]  :   00001110;
	12154  :   00001101;
	[12155..12156]  :   00001011;
	[12157..1215A]  :   00001100;
	[1215B..1215E]  :   00001011;
	1215F  :   00001100;
	[12160..12163]  :   00001101;
	12164  :   00001100;
	[12165..12167]  :   00001011;
	[12168..12169]  :   00001010;
	[1216A..1216E]  :   00001011;
	1216F  :   00001100;
	[12170..12175]  :   00001011;
	12176  :   00001010;
	12177  :   00001001;
	[12178..12179]  :   00001010;
	[1217A..1217B]  :   00001011;
	[1217C..1217D]  :   00001010;
	1217E  :   00001011;
	1217F  :   00001100;
	12180  :   00001110;
	12181  :   00001101;
	12182  :   00001011;
	12183  :   00001001;
	12184  :   00001010;
	12185  :   00001011;
	[12186..12188]  :   00001100;
	[12189..1218A]  :   00001101;
	1218B  :   00001011;
	1218C  :   00001100;
	[1218D..1218E]  :   00001110;
	1218F  :   00001101;
	[12190..12191]  :   00001110;
	12192  :   00001111;
	12193  :   00010000;
	12194  :   00010001;
	[12195..12198]  :   00010000;
	[12199..1219A]  :   00001110;
	1219B  :   00010000;
	1219C  :   00010001;
	1219D  :   00010000;
	1219E  :   00001111;
	1219F  :   00001110;
	[121A0..121A3]  :   00001101;
	121A4  :   00001110;
	[121A5..121A6]  :   00001111;
	121A7  :   00001110;
	[121A8..121AB]  :   00001111;
	[121AC..121B0]  :   00010000;
	121B1  :   00001111;
	[121B2..121B3]  :   00001101;
	121B4  :   00001110;
	121B5  :   00001111;
	[121B6..121B8]  :   00010000;
	121B9  :   00001111;
	121BA  :   00001110;
	[121BB..121C0]  :   00001111;
	[121C1..121C3]  :   00001110;
	[121C4..121C8]  :   00001101;
	[121C9..121CB]  :   00001100;
	121CC  :   00001101;
	121CD  :   00001100;
	121CE  :   00001011;
	121CF  :   00001010;
	121D0  :   00001100;
	121D1  :   00001011;
	121D2  :   00001010;
	[121D3..121D6]  :   00001011;
	121D7  :   00001010;
	[121D8..121DE]  :   00001011;
	[121DF..121E1]  :   00001100;
	[121E2..121E7]  :   00001011;
	[121E8..121EB]  :   00001100;
	[121EC..121ED]  :   00001011;
	[121EE..121F1]  :   00001010;
	121F2  :   00001001;
	[121F3..121F6]  :   00001010;
	121F7  :   00001001;
	[121F8..12247]  :   00001010;
	[12248..1224A]  :   00001011;
	[1224B..1224D]  :   00001010;
	[1224E..1224F]  :   00001011;
	12250  :   00001001;
	12251  :   00001010;
	[12252..12253]  :   00001011;
	[12254..12256]  :   00001010;
	[12257..1225B]  :   00001011;
	[1225C..1225D]  :   00001100;
	[1225E..1225F]  :   00001101;
	[12260..12263]  :   00001011;
	[12264..1226D]  :   00001100;
	[1226E..1226F]  :   00001101;
	12270  :   00001011;
	[12271..12275]  :   00001100;
	[12276..1227C]  :   00001011;
	1227D  :   00001100;
	[1227E..1227F]  :   00001011;
	[12280..12284]  :   00001101;
	12285  :   00001100;
	12286  :   00001011;
	[12287..1228A]  :   00001010;
	[1228B..1228C]  :   00001011;
	[1228D..1228F]  :   00001100;
	12290  :   00001011;
	12291  :   00001101;
	12292  :   00001110;
	12293  :   00001100;
	12294  :   00001011;
	12295  :   00001100;
	12296  :   00001011;
	12297  :   00001010;
	[12298..1229B]  :   00001011;
	[1229C..1229D]  :   00001100;
	[1229E..122A6]  :   00001011;
	122A7  :   00001010;
	[122A8..122A9]  :   00001001;
	122AA  :   00001010;
	[122AB..122AD]  :   00001011;
	[122AE..122AF]  :   00001100;
	[122B0..122B2]  :   00001011;
	[122B3..122BB]  :   00001010;
	[122BC..122BD]  :   00001011;
	[122BE..122C2]  :   00001100;
	[122C3..122C5]  :   00001011;
	[122C6..122C9]  :   00001100;
	[122CA..122CC]  :   00001101;
	122CD  :   00001100;
	122CE  :   00001101;
	122CF  :   00001111;
	122D0  :   00001110;
	[122D1..122D2]  :   00001111;
	[122D3..122D4]  :   00001110;
	[122D5..122DD]  :   00001111;
	122DE  :   00001110;
	122DF  :   00001101;
	122E0  :   00001100;
	[122E1..122E2]  :   00001101;
	[122E3..122E4]  :   00001110;
	[122E5..122E6]  :   00001111;
	[122E7..122E8]  :   00001110;
	[122E9..122EC]  :   00001101;
	[122ED..122EE]  :   00001110;
	122EF  :   00001111;
	[122F0..122F2]  :   00001101;
	[122F3..122F6]  :   00001110;
	122F7  :   00001111;
	122F8  :   00010001;
	122F9  :   00010000;
	[122FA..122FD]  :   00001111;
	[122FE..12301]  :   00001110;
	12302  :   00001101;
	12303  :   00001100;
	12304  :   00001011;
	[12305..1230D]  :   00001100;
	[1230E..1230F]  :   00001011;
	[12310..12312]  :   00001100;
	[12313..12314]  :   00001011;
	[12315..1231F]  :   00001010;
	[12320..12321]  :   00001011;
	[12322..12325]  :   00001010;
	[12326..1232D]  :   00001011;
	[1232E..12387]  :   00001010;
	[12388..1238A]  :   00001011;
	[1238B..1238D]  :   00001010;
	[1238E..1238F]  :   00001011;
	12390  :   00001001;
	12391  :   00001010;
	[12392..12393]  :   00001011;
	[12394..12396]  :   00001010;
	[12397..1239C]  :   00001011;
	[1239D..1239F]  :   00001100;
	[123A0..123A4]  :   00001011;
	[123A5..123A9]  :   00001100;
	[123AA..123AC]  :   00001011;
	[123AD..123AF]  :   00001100;
	[123B0..123B2]  :   00001011;
	[123B3..123B6]  :   00001100;
	123B7  :   00001011;
	123B8  :   00001100;
	123B9  :   00001011;
	[123BA..123BB]  :   00001010;
	[123BC..123BF]  :   00001011;
	[123C0..123C4]  :   00001100;
	[123C5..123CD]  :   00001011;
	[123CE..123CF]  :   00001100;
	123D0  :   00001011;
	[123D1..123D2]  :   00001100;
	[123D3..123D6]  :   00001011;
	123D7  :   00001010;
	[123D8..123DB]  :   00001011;
	[123DC..123DD]  :   00001100;
	[123DE..123DF]  :   00001011;
	123E0  :   00001010;
	[123E1..123E7]  :   00001011;
	[123E8..123EA]  :   00001010;
	[123EB..123F3]  :   00001011;
	[123F4..123FC]  :   00001010;
	[123FD..123FE]  :   00001011;
	[123FF..12400]  :   00001100;
	[12401..12404]  :   00001011;
	[12405..1240E]  :   00001100;
	1240F  :   00001110;
	[12410..12412]  :   00001101;
	12413  :   00001100;
	[12414..12415]  :   00001101;
	[12416..12418]  :   00001110;
	[12419..1241F]  :   00001101;
	12420  :   00001100;
	[12421..12424]  :   00001101;
	[12425..12427]  :   00001110;
	[12428..1242A]  :   00001101;
	[1242B..1242C]  :   00001100;
	[1242D..1242E]  :   00001101;
	1242F  :   00001110;
	[12430..12433]  :   00001101;
	12434  :   00001100;
	[12435..12437]  :   00001101;
	12438  :   00001111;
	[12439..1243A]  :   00001110;
	[1243B..1243F]  :   00001101;
	[12440..12441]  :   00001100;
	[12442..12445]  :   00001011;
	[12446..12449]  :   00001100;
	[1244A..1244B]  :   00001011;
	[1244C..1244D]  :   00001100;
	[1244E..1244F]  :   00001011;
	12450  :   00001100;
	[12451..12453]  :   00001011;
	[12454..12468]  :   00001010;
	[12469..1246D]  :   00001011;
	[1246E..124C7]  :   00001010;
	124C8  :   00001011;
	[124C9..124CD]  :   00001010;
	[124CE..124CF]  :   00001011;
	124D0  :   00001001;
	124D1  :   00001010;
	124D2  :   00001011;
	[124D3..124D4]  :   00001010;
	124D5  :   00001001;
	[124D6..124D7]  :   00001010;
	[124D8..124DD]  :   00001011;
	[124DE..124DF]  :   00001010;
	[124E0..124EE]  :   00001011;
	124EF  :   00001100;
	[124F0..124F2]  :   00001010;
	[124F3..124F7]  :   00001011;
	124F8  :   00001100;
	124F9  :   00001011;
	[124FA..124FC]  :   00001010;
	[124FD..124FF]  :   00001011;
	12500  :   00001010;
	[12501..12503]  :   00001011;
	[12504..12505]  :   00001010;
	12506  :   00001011;
	12507  :   00001100;
	[12508..1250B]  :   00001011;
	[1250C..1250D]  :   00001010;
	[1250E..12510]  :   00001100;
	12511  :   00001011;
	[12512..12517]  :   00001010;
	12518  :   00001100;
	12519  :   00001011;
	1251A  :   00001010;
	1251B  :   00001011;
	[1251C..1251D]  :   00001100;
	1251E  :   00001011;
	[1251F..12520]  :   00001010;
	[12521..12524]  :   00001011;
	[12525..12526]  :   00001100;
	[12527..12529]  :   00001011;
	[1252A..1252C]  :   00001100;
	[1252D..12533]  :   00001011;
	[12534..1253C]  :   00001010;
	[1253D..12541]  :   00001011;
	12542  :   00001010;
	12543  :   00001011;
	[12544..12547]  :   00001100;
	[12548..1254E]  :   00001011;
	[1254F..12552]  :   00001100;
	[12553..12554]  :   00001011;
	12555  :   00001100;
	12556  :   00001101;
	[12557..1255B]  :   00001100;
	1255C  :   00001011;
	[1255D..12560]  :   00001100;
	12561  :   00001101;
	[12562..12564]  :   00001100;
	[12565..12569]  :   00001101;
	[1256A..1256E]  :   00001100;
	1256F  :   00001101;
	[12570..12572]  :   00001100;
	[12573..12577]  :   00001011;
	[12578..12579]  :   00001100;
	[1257A..1257B]  :   00001011;
	[1257C..1257F]  :   00001100;
	[12580..12581]  :   00001010;
	[12582..12584]  :   00001011;
	[12585..12588]  :   00001100;
	[12589..12592]  :   00001011;
	[12593..125AA]  :   00001010;
	125AB  :   00001011;
	[125AC..1260E]  :   00001010;
	1260F  :   00001011;
	12610  :   00001001;
	[12611..12614]  :   00001010;
	12615  :   00001001;
	[12616..12617]  :   00001010;
	[12618..1261A]  :   00001011;
	[1261B..12624]  :   00001010;
	[12625..12627]  :   00001011;
	[12628..1262C]  :   00001010;
	[1262D..1262F]  :   00001011;
	12630  :   00001001;
	[12631..12633]  :   00001010;
	[12634..12638]  :   00001011;
	[12639..1263C]  :   00001010;
	[1263D..1263F]  :   00001011;
	12640  :   00001001;
	[12641..12646]  :   00001010;
	12647  :   00001011;
	12648  :   00001010;
	[12649..1264A]  :   00001011;
	[1264B..1264D]  :   00001010;
	1264E  :   00001100;
	[1264F..12650]  :   00001101;
	12651  :   00001011;
	12652  :   00001001;
	[12653..12654]  :   00001010;
	12655  :   00001001;
	12656  :   00001010;
	12657  :   00001011;
	12658  :   00001100;
	12659  :   00001011;
	[1265A..1265B]  :   00001010;
	[1265C..1265E]  :   00001011;
	[1265F..12660]  :   00001010;
	[12661..12662]  :   00001011;
	12663  :   00001010;
	[12664..12668]  :   00001011;
	[12669..1266D]  :   00001100;
	[1266E..12674]  :   00001011;
	[12675..1267C]  :   00001010;
	[1267D..1267F]  :   00001011;
	12680  :   00001100;
	12681  :   00001011;
	12682  :   00001010;
	12683  :   00001011;
	[12684..12686]  :   00001100;
	[12687..12688]  :   00001011;
	[12689..1268A]  :   00001010;
	[1268B..1268E]  :   00001011;
	1268F  :   00001100;
	12690  :   00001011;
	[12691..12692]  :   00001100;
	[12693..12694]  :   00001011;
	[12695..12697]  :   00001100;
	12698  :   00001011;
	[12699..1269B]  :   00001100;
	[1269C..1269E]  :   00001011;
	[1269F..126A2]  :   00001100;
	[126A3..126A4]  :   00001011;
	[126A5..126AE]  :   00001100;
	126AF  :   00001101;
	[126B0..126B1]  :   00001100;
	[126B2..126B5]  :   00001011;
	[126B6..126B7]  :   00001010;
	126B8  :   00001011;
	[126B9..126BB]  :   00001010;
	[126BC..126BF]  :   00001011;
	[126C0..126C2]  :   00001010;
	[126C3..126C4]  :   00001011;
	[126C5..126C8]  :   00001100;
	126C9  :   00001011;
	[126CA..126CC]  :   00001010;
	[126CD..126CF]  :   00001011;
	[126D0..1276D]  :   00001010;
	[1276E..1276F]  :   00001011;
	[12770..1277B]  :   00001010;
	[1277C..1277D]  :   00001011;
	[1277E..1277F]  :   00001010;
	12780  :   00001001;
	[12781..1278B]  :   00001010;
	1278C  :   00001001;
	1278D  :   00001010;
	1278E  :   00001100;
	1278F  :   00001101;
	12790  :   00001110;
	12791  :   00001011;
	[12792..12794]  :   00001010;
	12795  :   00001001;
	12796  :   00001010;
	[12797..12799]  :   00001011;
	[1279A..1279B]  :   00001010;
	[1279C..1279D]  :   00001011;
	1279E  :   00001010;
	1279F  :   00001001;
	127A0  :   00001010;
	[127A1..127A2]  :   00001011;
	[127A3..127A4]  :   00001010;
	[127A5..127A6]  :   00001011;
	[127A7..127A9]  :   00001010;
	[127AA..127B4]  :   00001011;
	[127B5..127BE]  :   00001010;
	127BF  :   00001011;
	127C0  :   00001100;
	[127C1..127C3]  :   00001011;
	[127C4..127C5]  :   00001100;
	127C6  :   00001011;
	127C7  :   00001010;
	127C8  :   00001011;
	[127C9..127CA]  :   00001010;
	[127CB..127D0]  :   00001011;
	[127D1..127D2]  :   00001100;
	[127D3..127D4]  :   00001011;
	[127D5..127D7]  :   00001100;
	127D8  :   00001011;
	[127D9..127DB]  :   00001100;
	[127DC..127DD]  :   00001011;
	127DE  :   00001010;
	[127DF..127E0]  :   00001011;
	[127E1..127E2]  :   00001100;
	[127E3..127E4]  :   00001011;
	127E5  :   00001100;
	127E6  :   00001011;
	127E7  :   00001010;
	[127E8..127EB]  :   00001011;
	[127EC..127F0]  :   00001100;
	[127F1..127F7]  :   00001011;
	[127F8..127FB]  :   00001010;
	[127FC..12800]  :   00001011;
	[12801..12803]  :   00001010;
	[12804..12805]  :   00001011;
	[12806..12807]  :   00001100;
	[12808..12809]  :   00001011;
	[1280A..1280C]  :   00001010;
	[1280D..1280F]  :   00001011;
	[12810..128B6]  :   00001010;
	128B7  :   00001001;
	[128B8..128BA]  :   00001010;
	[128BB..128BD]  :   00001011;
	128BE  :   00001010;
	128BF  :   00001001;
	[128C0..128C5]  :   00001010;
	[128C6..128C8]  :   00001001;
	[128C9..128CB]  :   00001010;
	128CC  :   00001001;
	128CD  :   00001010;
	128CE  :   00001011;
	128CF  :   00001100;
	128D0  :   00001101;
	128D1  :   00001100;
	128D2  :   00001011;
	[128D3..128D6]  :   00001010;
	[128D7..128D9]  :   00001011;
	[128DA..128E0]  :   00001010;
	[128E1..128E2]  :   00001011;
	[128E3..128EA]  :   00001010;
	[128EB..128F3]  :   00001011;
	[128F4..128FF]  :   00001010;
	[12900..12905]  :   00001011;
	[12906..12907]  :   00001010;
	12908  :   00001011;
	[12909..1290A]  :   00001010;
	[1290B..12917]  :   00001011;
	12918  :   00001010;
	[12919..1291C]  :   00001011;
	[1291D..1291F]  :   00001010;
	[12920..12921]  :   00001011;
	12922  :   00001100;
	[12923..12926]  :   00001011;
	[12927..1292A]  :   00001010;
	[1292B..12935]  :   00001011;
	[12936..12937]  :   00001100;
	12938  :   00001011;
	[12939..1293B]  :   00001010;
	[1293C..12940]  :   00001011;
	[12941..12945]  :   00001010;
	[12946..12948]  :   00001011;
	[12949..129FB]  :   00001010;
	[129FC..129FD]  :   00001011;
	[129FE..129FF]  :   00001010;
	12A00  :   00001011;
	12A01  :   00001010;
	12A02  :   00001001;
	[12A03..12A06]  :   00001010;
	12A07  :   00001001;
	[12A08..12A0E]  :   00001010;
	[12A0F..12A12]  :   00001011;
	12A13  :   00001010;
	12A14  :   00001001;
	12A15  :   00001010;
	[12A16..12A1B]  :   00001011;
	[12A1C..12A1E]  :   00001010;
	12A1F  :   00001011;
	[12A20..12A29]  :   00001010;
	[12A2A..12A33]  :   00001011;
	[12A34..12A43]  :   00001010;
	12A44  :   00001011;
	[12A45..12A47]  :   00001010;
	12A48  :   00001011;
	12A49  :   00001010;
	12A4A  :   00001001;
	12A4B  :   00001010;
	12A4C  :   00001011;
	[12A4D..12A5B]  :   00001010;
	[12A5C..12A5D]  :   00001011;
	[12A5E..12A60]  :   00001010;
	[12A61..12A62]  :   00001011;
	[12A63..12A64]  :   00001010;
	[12A65..12A66]  :   00001011;
	[12A67..12A73]  :   00001010;
	[12A74..12A78]  :   00001011;
	[12A79..12A87]  :   00001010;
	12A88  :   00001011;
	[12A89..12B2E]  :   00001010;
	12B2F  :   00001001;
	[12B30..12B3C]  :   00001010;
	12B3D  :   00001011;
	[12B3E..12B3F]  :   00001010;
	12B40  :   00001011;
	12B41  :   00001010;
	[12B42..12B43]  :   00001001;
	12B44  :   00001010;
	12B45  :   00001011;
	12B46  :   00001010;
	12B47  :   00001001;
	[12B48..12B4E]  :   00001010;
	[12B4F..12B50]  :   00001001;
	[12B51..12B52]  :   00001010;
	[12B53..12B54]  :   00001001;
	12B55  :   00001010;
	[12B56..12B5B]  :   00001011;
	[12B5C..12B5D]  :   00001010;
	[12B5E..12B5F]  :   00001011;
	12B60  :   00001001;
	[12B61..12B62]  :   00001010;
	[12B63..12B64]  :   00001001;
	12B65  :   00001010;
	12B66  :   00001011;
	[12B67..12B6E]  :   00001010;
	12B6F  :   00001001;
	[12B70..12B72]  :   00001011;
	[12B73..12B7F]  :   00001010;
	[12B80..12B81]  :   00001001;
	[12B82..12B88]  :   00001010;
	[12B89..12B8A]  :   00001001;
	[12B8B..12B9B]  :   00001010;
	12B9C  :   00001011;
	[12B9D..12B9E]  :   00001100;
	12B9F  :   00001011;
	12BA0  :   00001010;
	12BA1  :   00001011;
	[12BA2..12BA5]  :   00001010;
	12BA6  :   00001011;
	12BA7  :   00001010;
	[12BA8..12BAC]  :   00001011;
	[12BAD..12BB7]  :   00001010;
	12BB8  :   00001011;
	[12BB9..12BBE]  :   00001010;
	12BBF  :   00001001;
	[12BC0..12BC2]  :   00001010;
	[12BC3..12BC5]  :   00001011;
	[12BC6..12BCE]  :   00001010;
	12BCF  :   00001001;
	12BD0  :   00001011;
	[12BD1..12BFF]  :   00001010;
END;
